#
# There is insufficient memory for the Java Runtime Environment to continue.
# Native memory allocation (mmap) failed to map 65536 bytes. Error detail: Failed to commit metaspace.
# Possible reasons:
#   The system is out of physical RAM or swap space
#   This process is running with CompressedOops enabled, and the Java Heap may be blocking the growth of the native heap
# Possible solutions:
#   Reduce memory load on the system
#   Increase physical memory or swap space
#   Check if swap backing store is full
#   Decrease Java heap size (-Xmx/-Xms)
#   Decrease number of Java threads
#   Decrease Java thread stack sizes (-Xss)
#   Set larger code cache with -XX:ReservedCodeCacheSize=
#   JVM is running with Unscaled Compressed Oops mode in which the Java heap is
#     placed in the first 4GB address space. The Java Heap base address is the
#     maximum limit for the native heap growth. Please use -XX:HeapBaseMinAddress
#     to set the Java Heap base and to place the Java Heap above 4GB virtual address.
# This output file may be truncated or incomplete.
#
#  Out of Memory Error (virtualSpaceNode.cpp:113), pid=227972, tid=185476
#
# JRE version: OpenJDK Runtime Environment Temurin-21.0.11+10 (21.0.11+10) (build 21.0.11+10-LTS)
# Java VM: OpenJDK 64-Bit Server VM Temurin-21.0.11+10 (21.0.11+10-LTS, mixed mode, sharing, tiered, compressed oops, compressed class ptrs, g1 gc, windows-amd64)
# No core dump will be written. Minidumps are not enabled by default on client versions of Windows
#

---------------  S U M M A R Y ------------

Command Line: --add-opens=java.base/java.lang=ALL-UNNAMED --add-opens=java.base/java.lang.invoke=ALL-UNNAMED --add-opens=java.base/java.util=ALL-UNNAMED --add-opens=java.prefs/java.util.prefs=ALL-UNNAMED --add-exports=jdk.compiler/com.sun.tools.javac.api=ALL-UNNAMED --add-exports=jdk.compiler/com.sun.tools.javac.util=ALL-UNNAMED --add-opens=java.base/java.util=ALL-UNNAMED --add-opens=java.prefs/java.util.prefs=ALL-UNNAMED --add-opens=java.base/java.nio.charset=ALL-UNNAMED --add-opens=java.base/java.net=ALL-UNNAMED --add-opens=java.base/java.util.concurrent.atomic=ALL-UNNAMED --add-opens=java.xml/javax.xml.namespace=ALL-UNNAMED -XX:MaxMetaspaceSize=512m -Xmx2048m -Dfile.encoding=UTF-8 -Duser.country=US -Duser.language=en -Duser.variant -javaagent:C:\Users\FridaGutierrez\.gradle\wrapper\dists\gradle-8.12-all\ejduaidbjup3bmmkhw3rie4zb\gradle-8.12\lib\agents\gradle-instrumentation-agent-8.12.jar org.gradle.launcher.daemon.bootstrap.GradleDaemon 8.12

Host: Intel(R) Core(TM) i7-6700 CPU @ 3.40GHz, 8 cores, 31G,  Windows 10 , 64 bit Build 19041 (10.0.19041.5915)
Time: Fri Sep  4 04:38:06 2026 Central Standard Time (Mexico) elapsed time: 21.055046 seconds (0d 0h 0m 21s)

---------------  T H R E A D  ---------------

Current thread (0x000001d18054e960):  JavaThread "Daemon worker"        [_thread_in_vm, id=185476, stack(0x00000038c3d00000,0x00000038c3e00000) (1024K)]

Stack: [0x00000038c3d00000,0x00000038c3e00000]
Native frames: (J=compiled Java code, j=interpreted, Vv=VM code, C=native code)
V  [jvm.dll+0x6d7e19]
V  [jvm.dll+0x8b5096]
V  [jvm.dll+0x8b764e]
V  [jvm.dll+0x8b7d33]
V  [jvm.dll+0x284596]
V  [jvm.dll+0x8b0dde]
V  [jvm.dll+0x6795e4]
V  [jvm.dll+0x1e849b]
V  [jvm.dll+0x1e825e]
V  [jvm.dll+0x67bee2]
V  [jvm.dll+0x67bd12]
V  [jvm.dll+0x679fbe]
V  [jvm.dll+0x26e440]
V  [jvm.dll+0x684225]
V  [jvm.dll+0x21973e]
V  [jvm.dll+0x219be5]
V  [jvm.dll+0x21a5d8]
V  [jvm.dll+0x20f80e]
V  [jvm.dll+0x5b658f]
V  [jvm.dll+0x82f046]
V  [jvm.dll+0x478ec8]
V  [jvm.dll+0x47ecf8]
C  [java.dll+0x17ec]

Java frames: (J=compiled Java code, j=interpreted, Vv=VM code)
J 812  java.lang.ClassLoader.defineClass1(Ljava/lang/ClassLoader;Ljava/lang/String;[BIILjava/security/ProtectionDomain;Ljava/lang/String;)Ljava/lang/Class; java.base@21.0.11 (0 bytes) @ 0x000001d1d1f86911 [0x000001d1d1f86840+0x00000000000000d1]
J 5172 c2 java.security.SecureClassLoader.defineClass(Ljava/lang/String;[BIILjava/security/CodeSource;)Ljava/lang/Class; java.base@21.0.11 (16 bytes) @ 0x000001d1d2209b58 [0x000001d1d22093c0+0x0000000000000798]
J 5952 c2 java.net.URLClassLoader.findClass(Ljava/lang/String;)Ljava/lang/Class; java.base@21.0.11 (47 bytes) @ 0x000001d1d21559dc [0x000001d1d2154f00+0x0000000000000adc]
J 4318 c2 java.lang.ClassLoader.loadClass(Ljava/lang/String;Z)Ljava/lang/Class; java.base@21.0.11 (121 bytes) @ 0x000001d1d21c78e4 [0x000001d1d21c75a0+0x0000000000000344]
J 4364 c2 java.lang.ClassLoader.loadClass(Ljava/lang/String;)Ljava/lang/Class; java.base@21.0.11 (7 bytes) @ 0x000001d1d21cb46c [0x000001d1d21cb420+0x000000000000004c]
v  ~StubRoutines::call_stub 0x000001d1d199100d
j  org.gradle.kotlin.dsl.accessors.Stage1BlocksAccessorClassPathGenerator.generatePluginSpecBuildersAccessors(Lorg/gradle/api/Project;Lorg/gradle/api/internal/initialization/ClassLoaderScope;Lorg/gradle/internal/hash/HashCode;)Lorg/gradle/kotlin/dsl/accessors/AccessorsClassPath;+0
j  org.gradle.kotlin.dsl.accessors.Stage1BlocksAccessorClassPathGenerator.access$generatePluginSpecBuildersAccessors(Lorg/gradle/kotlin/dsl/accessors/Stage1BlocksAccessorClassPathGenerator;Lorg/gradle/api/Project;Lorg/gradle/api/internal/initialization/ClassLoaderScope;Lorg/gradle/internal/hash/HashCode;)Lorg/gradle/kotlin/dsl/accessors/AccessorsClassPath;+4
j  org.gradle.kotlin.dsl.accessors.Stage1BlocksAccessorClassPathGenerator.stage1BlocksAccessorClassPath(Lorg/gradle/api/internal/project/ProjectInternal;)Lorg/gradle/kotlin/dsl/accessors/AccessorsClassPath;+187
j  org.gradle.kotlin.dsl.provider.StandardKotlinScriptEvaluator$InterpreterHost.stage1BlocksAccessorsFor(Lorg/gradle/kotlin/dsl/support/KotlinScriptHost;)Lorg/gradle/internal/classpath/ClassPath;+93
j  org.gradle.kotlin.dsl.execution.Interpreter.emitSpecializedProgramFor(Lorg/gradle/kotlin/dsl/support/KotlinScriptHost;Lorg/gradle/groovy/scripts/ScriptSource;Lorg/gradle/kotlin/dsl/execution/ProgramId;Lorg/gradle/api/internal/initialization/ClassLoaderScope;Lorg/gradle/api/internal/initialization/ClassLoaderScope;Lorg/gradle/kotlin/dsl/execution/ProgramKind;Lorg/gradle/kotlin/dsl/execution/ProgramTarget;)Lorg/gradle/kotlin/dsl/execution/CompiledScript;+19
j  org.gradle.kotlin.dsl.execution.Interpreter.eval(Ljava/lang/Object;Lorg/gradle/groovy/scripts/ScriptSource;Lorg/gradle/internal/hash/HashCode;Lorg/gradle/api/initialization/dsl/ScriptHandler;Lorg/gradle/api/internal/initialization/ClassLoaderScope;Lorg/gradle/api/internal/initialization/ClassLoaderScope;ZLjava/util/EnumSet;)V+189
j  org.gradle.kotlin.dsl.provider.StandardKotlinScriptEvaluator.evaluate(Ljava/lang/Object;Lorg/gradle/groovy/scripts/ScriptSource;Lorg/gradle/api/initialization/dsl/ScriptHandler;Lorg/gradle/api/internal/initialization/ClassLoaderScope;Lorg/gradle/api/internal/initialization/ClassLoaderScope;ZLjava/util/EnumSet;)V+163
j  org.gradle.kotlin.dsl.provider.KotlinScriptPluginFactory$create$1.invoke(Ljava/lang/Object;)V+253
j  org.gradle.kotlin.dsl.provider.KotlinScriptPluginFactory$create$1.invoke(Ljava/lang/Object;)Ljava/lang/Object;+2
j  org.gradle.kotlin.dsl.provider.KotlinScriptPlugin.apply(Ljava/lang/Object;)V+22
j  org.gradle.configuration.BuildOperationScriptPlugin$1.run(Lorg/gradle/internal/operations/BuildOperationContext;)V+11
j  org.gradle.internal.operations.DefaultBuildOperationRunner$1.execute(Lorg/gradle/internal/operations/RunnableBuildOperation;Lorg/gradle/internal/operations/BuildOperationContext;)V+2
j  org.gradle.internal.operations.DefaultBuildOperationRunner$1.execute(Lorg/gradle/internal/operations/BuildOperation;Lorg/gradle/internal/operations/BuildOperationContext;)V+6
j  org.gradle.internal.operations.DefaultBuildOperationRunner$2.execute(Lorg/gradle/internal/operations/BuildOperationDescriptor;Lorg/gradle/internal/operations/BuildOperationState;Lorg/gradle/internal/operations/BuildOperationState;Lorg/gradle/internal/operations/DefaultBuildOperationRunner$ReadableBuildOperationContext;Lorg/gradle/internal/operations/DefaultBuildOperationRunner$BuildOperationExecutionListener;)Lorg/gradle/internal/operations/BuildOperation;+22
j  org.gradle.internal.operations.DefaultBuildOperationRunner$2.execute(Lorg/gradle/internal/operations/BuildOperationDescriptor;Lorg/gradle/internal/operations/BuildOperationState;Lorg/gradle/internal/operations/BuildOperationState;Lorg/gradle/internal/operations/DefaultBuildOperationRunner$ReadableBuildOperationContext;Lorg/gradle/internal/operations/DefaultBuildOperationRunner$BuildOperationExecutionListener;)Ljava/lang/Object;+8
j  org.gradle.internal.operations.DefaultBuildOperationRunner.execute(Lorg/gradle/internal/operations/BuildOperationDescriptor$Builder;Lorg/gradle/internal/operations/BuildOperationState;Lorg/gradle/internal/operations/DefaultBuildOperationRunner$BuildOperationExecution;)Ljava/lang/Object;+141
j  org.gradle.internal.operations.DefaultBuildOperationRunner.execute(Lorg/gradle/internal/operations/BuildOperation;Lorg/gradle/internal/operations/BuildOperationWorker;Lorg/gradle/internal/operations/BuildOperationState;)V+18
j  org.gradle.internal.operations.DefaultBuildOperationRunner.run(Lorg/gradle/internal/operations/RunnableBuildOperation;)V+9
j  org.gradle.configuration.BuildOperationScriptPlugin.lambda$apply$0(Ljava/lang/Object;Lorg/gradle/internal/code/UserCodeApplicationId;)V+14
j  org.gradle.configuration.BuildOperationScriptPlugin$$Lambda+0x000001d1e03fca68.execute(Ljava/lang/Object;)V+12
j  org.gradle.internal.code.DefaultUserCodeApplicationContext.apply(Lorg/gradle/internal/code/UserCodeSource;Lorg/gradle/api/Action;)V+37
j  org.gradle.configuration.BuildOperationScriptPlugin.apply(Ljava/lang/Object;)V+71
j  org.gradle.configuration.project.BuildScriptProcessor$$Lambda+0x000001d1e08ce068.accept(Ljava/lang/Object;)V+8
j  org.gradle.api.internal.project.DefaultProjectStateRegistry$ProjectStateImpl.lambda$applyToMutableState$1(Ljava/util/function/Consumer;Lorg/gradle/api/internal/project/ProjectInternal;)Ljava/lang/Object;+2
j  org.gradle.api.internal.project.DefaultProjectStateRegistry$ProjectStateImpl$$Lambda+0x000001d1e0887d48.apply(Ljava/lang/Object;)Ljava/lang/Object;+8
j  org.gradle.api.internal.project.DefaultProjectStateRegistry$ProjectStateImpl.fromMutableState(Ljava/util/function/Function;)Ljava/lang/Object;+97
j  org.gradle.api.internal.project.DefaultProjectStateRegistry$ProjectStateImpl.applyToMutableState(Ljava/util/function/Consumer;)V+7
j  org.gradle.configuration.project.BuildScriptProcessor.execute(Lorg/gradle/api/internal/project/ProjectInternal;)V+88
j  org.gradle.configuration.project.BuildScriptProcessor.execute(Ljava/lang/Object;)V+5
j  org.gradle.configuration.project.ConfigureActionsProjectEvaluator.evaluate(Lorg/gradle/api/internal/project/ProjectInternal;Lorg/gradle/api/internal/project/ProjectStateInternal;)V+33
j  org.gradle.configuration.project.LifecycleProjectEvaluator$EvaluateProject.lambda$run$0(Lorg/gradle/internal/operations/BuildOperationContext;Lorg/gradle/api/internal/project/ProjectInternal;)V+67
j  org.gradle.configuration.project.LifecycleProjectEvaluator$EvaluateProject$$Lambda+0x000001d1e088b5c8.accept(Ljava/lang/Object;)V+12
j  org.gradle.api.internal.project.DefaultProjectStateRegistry$ProjectStateImpl.lambda$applyToMutableState$1(Ljava/util/function/Consumer;Lorg/gradle/api/internal/project/ProjectInternal;)Ljava/lang/Object;+2
j  org.gradle.api.internal.project.DefaultProjectStateRegistry$ProjectStateImpl$$Lambda+0x000001d1e0887d48.apply(Ljava/lang/Object;)Ljava/lang/Object;+8
j  org.gradle.api.internal.project.DefaultProjectStateRegistry$ProjectStateImpl.lambda$fromMutableState$2(Ljava/util/function/Function;)Ljava/lang/Object;+5
j  org.gradle.api.internal.project.DefaultProjectStateRegistry$ProjectStateImpl$$Lambda+0x000001d1e0886800.create()Ljava/lang/Object;+8
j  org.gradle.internal.work.DefaultWorkerLeaseService.withReplacedLocks(Ljava/util/Collection;Lorg/gradle/internal/resources/ResourceLock;Lorg/gradle/internal/Factory;)Ljava/lang/Object;+40
j  org.gradle.api.internal.project.DefaultProjectStateRegistry$ProjectStateImpl.fromMutableState(Ljava/util/function/Function;)Ljava/lang/Object;+133
j  org.gradle.api.internal.project.DefaultProjectStateRegistry$ProjectStateImpl.applyToMutableState(Ljava/util/function/Consumer;)V+7
j  org.gradle.configuration.project.LifecycleProjectEvaluator$EvaluateProject.run(Lorg/gradle/internal/operations/BuildOperationContext;)V+16
j  org.gradle.internal.operations.DefaultBuildOperationRunner$1.execute(Lorg/gradle/internal/operations/RunnableBuildOperation;Lorg/gradle/internal/operations/BuildOperationContext;)V+2
j  org.gradle.internal.operations.DefaultBuildOperationRunner$1.execute(Lorg/gradle/internal/operations/BuildOperation;Lorg/gradle/internal/operations/BuildOperationContext;)V+6
j  org.gradle.internal.operations.DefaultBuildOperationRunner$2.execute(Lorg/gradle/internal/operations/BuildOperationDescriptor;Lorg/gradle/internal/operations/BuildOperationState;Lorg/gradle/internal/operations/BuildOperationState;Lorg/gradle/internal/operations/DefaultBuildOperationRunner$ReadableBuildOperationContext;Lorg/gradle/internal/operations/DefaultBuildOperationRunner$BuildOperationExecutionListener;)Lorg/gradle/internal/operations/BuildOperation;+22
j  org.gradle.internal.operations.DefaultBuildOperationRunner$2.execute(Lorg/gradle/internal/operations/BuildOperationDescriptor;Lorg/gradle/internal/operations/BuildOperationState;Lorg/gradle/internal/operations/BuildOperationState;Lorg/gradle/internal/operations/DefaultBuildOperationRunner$ReadableBuildOperationContext;Lorg/gradle/internal/operations/DefaultBuildOperationRunner$BuildOperationExecutionListener;)Ljava/lang/Object;+8
j  org.gradle.internal.operations.DefaultBuildOperationRunner.execute(Lorg/gradle/internal/operations/BuildOperationDescriptor$Builder;Lorg/gradle/internal/operations/BuildOperationState;Lorg/gradle/internal/operations/DefaultBuildOperationRunner$BuildOperationExecution;)Ljava/lang/Object;+141
j  org.gradle.internal.operations.DefaultBuildOperationRunner.execute(Lorg/gradle/internal/operations/BuildOperation;Lorg/gradle/internal/operations/BuildOperationWorker;Lorg/gradle/internal/operations/BuildOperationState;)V+18
j  org.gradle.internal.operations.DefaultBuildOperationRunner.run(Lorg/gradle/internal/operations/RunnableBuildOperation;)V+9
j  org.gradle.configuration.project.LifecycleProjectEvaluator.evaluate(Lorg/gradle/api/internal/project/ProjectInternal;Lorg/gradle/api/internal/project/ProjectStateInternal;)V+42
j  org.gradle.api.internal.project.DefaultProject.evaluateUnchecked()Lorg/gradle/api/internal/project/ProjectInternal;+20
j  org.gradle.api.internal.project.ProjectLifecycleController.lambda$ensureSelfConfigured$2()V+4
j  org.gradle.api.internal.project.ProjectLifecycleController$$Lambda+0x000001d1e0889ff8.run()V+4
j  org.gradle.internal.model.StateTransitionController.lambda$doTransition$14(Ljava/lang/Runnable;)Lorg/gradle/internal/build/ExecutionResult;+1
j  org.gradle.internal.model.StateTransitionController$$Lambda+0x000001d1e03d1770.get()Ljava/lang/Object;+4
j  org.gradle.internal.model.StateTransitionController.doTransition(Lorg/gradle/internal/model/StateTransitionController$State;Lorg/gradle/internal/model/StateTransitionController$State;Ljava/util/function/Supplier;)Lorg/gradle/internal/build/ExecutionResult;+24
j  org.gradle.internal.model.StateTransitionController.doTransition(Lorg/gradle/internal/model/StateTransitionController$State;Lorg/gradle/internal/model/StateTransitionController$State;Ljava/lang/Runnable;)V+9
j  org.gradle.internal.model.StateTransitionController.lambda$maybeTransitionIfNotCurrentlyTransitioning$10(Lorg/gradle/internal/model/StateTransitionController$State;Lorg/gradle/internal/model/StateTransitionController$State;Ljava/lang/Runnable;)V+16
j  org.gradle.internal.model.StateTransitionController$$Lambda+0x000001d1e088a220.run()V+16
j  org.gradle.internal.work.DefaultSynchronizer.withLock(Ljava/lang/Runnable;)V+6
j  org.gradle.internal.model.StateTransitionController.maybeTransitionIfNotCurrentlyTransitioning(Lorg/gradle/internal/model/StateTransitionController$State;Lorg/gradle/internal/model/StateTransitionController$State;Ljava/lang/Runnable;)V+13
j  org.gradle.api.internal.project.ProjectLifecycleController.ensureSelfConfigured()V+16
j  org.gradle.api.internal.project.DefaultProjectStateRegistry$ProjectStateImpl.ensureConfigured()V+19
j  org.gradle.execution.TaskPathProjectEvaluator.configure(Lorg/gradle/api/internal/project/ProjectInternal;)V+6
j  org.gradle.execution.TaskPathProjectEvaluator.configureHierarchy(Lorg/gradle/api/internal/project/ProjectInternal;)V+2
j  org.gradle.configuration.DefaultProjectsPreparer.prepareProjects(Lorg/gradle/api/internal/GradleInternal;)V+52
j  org.gradle.configuration.BuildTreePreparingProjectsPreparer.prepareProjects(Lorg/gradle/api/internal/GradleInternal;)V+114
j  org.gradle.configuration.BuildOperationFiringProjectsPreparer$ConfigureBuild.run(Lorg/gradle/internal/operations/BuildOperationContext;)V+11
j  org.gradle.internal.operations.DefaultBuildOperationRunner$1.execute(Lorg/gradle/internal/operations/RunnableBuildOperation;Lorg/gradle/internal/operations/BuildOperationContext;)V+2
j  org.gradle.internal.operations.DefaultBuildOperationRunner$1.execute(Lorg/gradle/internal/operations/BuildOperation;Lorg/gradle/internal/operations/BuildOperationContext;)V+6
j  org.gradle.internal.operations.DefaultBuildOperationRunner$2.execute(Lorg/gradle/internal/operations/BuildOperationDescriptor;Lorg/gradle/internal/operations/BuildOperationState;Lorg/gradle/internal/operations/BuildOperationState;Lorg/gradle/internal/operations/DefaultBuildOperationRunner$ReadableBuildOperationContext;Lorg/gradle/internal/operations/DefaultBuildOperationRunner$BuildOperationExecutionListener;)Lorg/gradle/internal/operations/BuildOperation;+22
j  org.gradle.internal.operations.DefaultBuildOperationRunner$2.execute(Lorg/gradle/internal/operations/BuildOperationDescriptor;Lorg/gradle/internal/operations/BuildOperationState;Lorg/gradle/internal/operations/BuildOperationState;Lorg/gradle/internal/operations/DefaultBuildOperationRunner$ReadableBuildOperationContext;Lorg/gradle/internal/operations/DefaultBuildOperationRunner$BuildOperationExecutionListener;)Ljava/lang/Object;+8
j  org.gradle.internal.operations.DefaultBuildOperationRunner.execute(Lorg/gradle/internal/operations/BuildOperationDescriptor$Builder;Lorg/gradle/internal/operations/BuildOperationState;Lorg/gradle/internal/operations/DefaultBuildOperationRunner$BuildOperationExecution;)Ljava/lang/Object;+141
j  org.gradle.internal.operations.DefaultBuildOperationRunner.execute(Lorg/gradle/internal/operations/BuildOperation;Lorg/gradle/internal/operations/BuildOperationWorker;Lorg/gradle/internal/operations/BuildOperationState;)V+18
j  org.gradle.internal.operations.DefaultBuildOperationRunner.run(Lorg/gradle/internal/operations/RunnableBuildOperation;)V+9
j  org.gradle.configuration.BuildOperationFiringProjectsPreparer.prepareProjects(Lorg/gradle/api/internal/GradleInternal;)V+13
j  org.gradle.initialization.VintageBuildModelController.lambda$prepareProjects$2()V+8
j  org.gradle.initialization.VintageBuildModelController$$Lambda+0x000001d1e081d428.run()V+4
j  org.gradle.internal.model.StateTransitionController.lambda$doTransition$14(Ljava/lang/Runnable;)Lorg/gradle/internal/build/ExecutionResult;+1
j  org.gradle.internal.model.StateTransitionController$$Lambda+0x000001d1e03d1770.get()Ljava/lang/Object;+4
j  org.gradle.internal.model.StateTransitionController.doTransition(Lorg/gradle/internal/model/StateTransitionController$State;Lorg/gradle/internal/model/StateTransitionController$State;Ljava/util/function/Supplier;)Lorg/gradle/internal/build/ExecutionResult;+24
j  org.gradle.internal.model.StateTransitionController.doTransition(Lorg/gradle/internal/model/StateTransitionController$State;Lorg/gradle/internal/model/StateTransitionController$State;Ljava/lang/Runnable;)V+9
j  org.gradle.internal.model.StateTransitionController.lambda$transitionIfNotPreviously$11(Lorg/gradle/internal/model/StateTransitionController$State;Lorg/gradle/internal/model/StateTransitionController$State;Ljava/lang/Runnable;)V+16
j  org.gradle.internal.model.StateTransitionController$$Lambda+0x000001d1e03d1bc0.run()V+16
j  org.gradle.internal.work.DefaultSynchronizer.withLock(Ljava/lang/Runnable;)V+6
j  org.gradle.internal.model.StateTransitionController.transitionIfNotPreviously(Lorg/gradle/internal/model/StateTransitionController$State;Lorg/gradle/internal/model/StateTransitionController$State;Ljava/lang/Runnable;)V+13
j  org.gradle.initialization.VintageBuildModelController.prepareProjects()V+16
j  org.gradle.initialization.VintageBuildModelController.getConfiguredModel()Lorg/gradle/api/internal/GradleInternal;+5
j  org.gradle.internal.build.DefaultBuildLifecycleController$$Lambda+0x000001d1e081d200.get()Ljava/lang/Object;+4
j  org.gradle.internal.model.StateTransitionController.lambda$notInState$3(Lorg/gradle/internal/model/StateTransitionController$State;Ljava/util/function/Supplier;)Ljava/lang/Object;+11
j  org.gradle.internal.model.StateTransitionController$$Lambda+0x000001d1e0635320.create()Ljava/lang/Object;+12
j  org.gradle.internal.work.DefaultSynchronizer.withLock(Lorg/gradle/internal/Factory;)Ljava/lang/Object;+6
j  org.gradle.internal.model.StateTransitionController.notInState(Lorg/gradle/internal/model/StateTransitionController$State;Ljava/util/function/Supplier;)Ljava/lang/Object;+12
j  org.gradle.internal.build.DefaultBuildLifecycleController.configureProjects()V+21
j  org.gradle.internal.build.AbstractBuildState.ensureProjectsConfigured()V+4
j  org.gradle.internal.buildtree.BuildInclusionCoordinator$$Lambda+0x000001d1e081c950.run()V+4
j  org.gradle.internal.buildtree.BuildInclusionCoordinator$BuildSynchronizer.lambda$withLock$0(Ljava/lang/Runnable;)V+14
j  org.gradle.internal.buildtree.BuildInclusionCoordinator$BuildSynchronizer$$Lambda+0x000001d1e081cfd8.run()V+8
j  org.gradle.internal.work.DefaultSynchronizer.withLock(Ljava/lang/Runnable;)V+6
j  org.gradle.internal.buildtree.BuildInclusionCoordinator$BuildSynchronizer.withLock(Ljava/lang/Runnable;)V+11
j  org.gradle.internal.buildtree.BuildInclusionCoordinator.withLockForBuild(Lorg/gradle/internal/build/BuildState;Ljava/lang/Runnable;)V+20
j  org.gradle.internal.buildtree.BuildInclusionCoordinator.prepareForPluginResolution(Lorg/gradle/internal/build/IncludedBuildState;)V+13
j  org.gradle.internal.composite.DefaultBuildIncluder.prepareForPluginResolution(Lorg/gradle/internal/build/IncludedBuildState;)V+5
j  org.gradle.composite.internal.plugins.CompositeBuildPluginResolverContributor$CompositeBuildPluginResolver.resolveFromIncludedPluginBuilds(Lorg/gradle/plugin/use/PluginId;)Lorg/gradle/plugin/use/resolve/internal/PluginResolution;+39
j  org.gradle.composite.internal.plugins.CompositeBuildPluginResolverContributor$CompositeBuildPluginResolver.doResolve(Lorg/gradle/plugin/use/PluginId;)Lorg/gradle/composite/internal/plugins/CompositeBuildPluginResolverContributor$PluginResult;+2
j  org.gradle.composite.internal.plugins.CompositeBuildPluginResolverContributor$CompositeBuildPluginResolver$$Lambda+0x000001d1e062ec90.apply(Ljava/lang/Object;)Ljava/lang/Object;+8
J 4298 c2 java.util.concurrent.ConcurrentHashMap.computeIfAbsent(Ljava/lang/Object;Ljava/util/function/Function;)Ljava/lang/Object; java.base@21.0.11 (576 bytes) @ 0x000001d1d21c03dc [0x000001d1d21bf980+0x0000000000000a5c]
j  org.gradle.composite.internal.plugins.CompositeBuildPluginResolverContributor$CompositeBuildPluginResolver.resolve(Lorg/gradle/plugin/management/internal/PluginRequestInternal;)Lorg/gradle/plugin/use/resolve/internal/PluginResolutionResult;+16
j  org.gradle.plugin.use.resolve.internal.CompositePluginResolver.resolve(Lorg/gradle/plugin/management/internal/PluginRequestInternal;)Lorg/gradle/plugin/use/resolve/internal/PluginResolutionResult;+37
j  org.gradle.plugin.use.resolve.internal.AlreadyOnClasspathPluginResolver.resolve(Lorg/gradle/plugin/management/internal/PluginRequestInternal;)Lorg/gradle/plugin/use/resolve/internal/PluginResolutionResult;+28
j  org.gradle.plugin.use.internal.DefaultPluginRequestApplicator.resolvePluginRequest(Lorg/gradle/plugin/use/resolve/internal/PluginResolver;Lorg/gradle/plugin/management/internal/PluginRequestInternal;)Lorg/gradle/plugin/use/resolve/internal/PluginResolution;+2
j  org.gradle.plugin.use.internal.DefaultPluginRequestApplicator.applyPlugins(Lorg/gradle/plugin/management/internal/PluginRequests;Lorg/gradle/api/internal/initialization/ScriptHandlerInternal;Lorg/gradle/api/internal/plugins/PluginManagerInternal;Lorg/gradle/api/internal/initialization/ClassLoaderScope;)V+136
j  org.gradle.configuration.DefaultScriptPluginFactory$ScriptPluginImpl.apply(Ljava/lang/Object;)V+174
j  org.gradle.configuration.BuildOperationScriptPlugin$1.run(Lorg/gradle/internal/operations/BuildOperationContext;)V+11
j  org.gradle.internal.operations.DefaultBuildOperationRunner$1.execute(Lorg/gradle/internal/operations/RunnableBuildOperation;Lorg/gradle/internal/operations/BuildOperationContext;)V+2
j  org.gradle.internal.operations.DefaultBuildOperationRunner$1.execute(Lorg/gradle/internal/operations/BuildOperation;Lorg/gradle/internal/operations/BuildOperationContext;)V+6
j  org.gradle.internal.operations.DefaultBuildOperationRunner$2.execute(Lorg/gradle/internal/operations/BuildOperationDescriptor;Lorg/gradle/internal/operations/BuildOperationState;Lorg/gradle/internal/operations/BuildOperationState;Lorg/gradle/internal/operations/DefaultBuildOperationRunner$ReadableBuildOperationContext;Lorg/gradle/internal/operations/DefaultBuildOperationRunner$BuildOperationExecutionListener;)Lorg/gradle/internal/operations/BuildOperation;+22
j  org.gradle.internal.operations.DefaultBuildOperationRunner$2.execute(Lorg/gradle/internal/operations/BuildOperationDescriptor;Lorg/gradle/internal/operations/BuildOperationState;Lorg/gradle/internal/operations/BuildOperationState;Lorg/gradle/internal/operations/DefaultBuildOperationRunner$ReadableBuildOperationContext;Lorg/gradle/internal/operations/DefaultBuildOperationRunner$BuildOperationExecutionListener;)Ljava/lang/Object;+8
j  org.gradle.internal.operations.DefaultBuildOperationRunner.execute(Lorg/gradle/internal/operations/BuildOperationDescriptor$Builder;Lorg/gradle/internal/operations/BuildOperationState;Lorg/gradle/internal/operations/DefaultBuildOperationRunner$BuildOperationExecution;)Ljava/lang/Object;+141
j  org.gradle.internal.operations.DefaultBuildOperationRunner.execute(Lorg/gradle/internal/operations/BuildOperation;Lorg/gradle/internal/operations/BuildOperationWorker;Lorg/gradle/internal/operations/BuildOperationState;)V+18
j  org.gradle.internal.operations.DefaultBuildOperationRunner.run(Lorg/gradle/internal/operations/RunnableBuildOperation;)V+9
j  org.gradle.configuration.BuildOperationScriptPlugin.lambda$apply$0(Ljava/lang/Object;Lorg/gradle/internal/code/UserCodeApplicationId;)V+14
j  org.gradle.configuration.BuildOperationScriptPlugin$$Lambda+0x000001d1e03fca68.execute(Ljava/lang/Object;)V+12
j  org.gradle.internal.code.DefaultUserCodeApplicationContext.apply(Lorg/gradle/internal/code/UserCodeSource;Lorg/gradle/api/Action;)V+37
j  org.gradle.configuration.BuildOperationScriptPlugin.apply(Ljava/lang/Object;)V+71
j  org.gradle.initialization.ScriptEvaluatingSettingsProcessor.applySettingsScript(Lorg/gradle/groovy/scripts/TextResourceScriptSource;Lorg/gradle/api/internal/SettingsInternal;)V+32
j  org.gradle.initialization.ScriptEvaluatingSettingsProcessor.process(Lorg/gradle/api/internal/GradleInternal;Lorg/gradle/initialization/SettingsLocation;Lorg/gradle/api/internal/initialization/ClassLoaderScope;Lorg/gradle/StartParameter;)Lorg/gradle/initialization/SettingsState;+90
j  org.gradle.initialization.SettingsEvaluatedCallbackFiringSettingsProcessor.process(Lorg/gradle/api/internal/GradleInternal;Lorg/gradle/initialization/SettingsLocation;Lorg/gradle/api/internal/initialization/ClassLoaderScope;Lorg/gradle/StartParameter;)Lorg/gradle/initialization/SettingsState;+9
j  org.gradle.initialization.RootBuildCacheControllerSettingsProcessor.process(Lorg/gradle/api/internal/GradleInternal;Lorg/gradle/initialization/SettingsLocation;Lorg/gradle/api/internal/initialization/ClassLoaderScope;Lorg/gradle/StartParameter;)Lorg/gradle/initialization/SettingsState;+9
j  org.gradle.initialization.BuildOperationSettingsProcessor$2.call(Lorg/gradle/internal/operations/BuildOperationContext;)Lorg/gradle/initialization/SettingsState;+23
j  org.gradle.initialization.BuildOperationSettingsProcessor$2.call(Lorg/gradle/internal/operations/BuildOperationContext;)Ljava/lang/Object;+2
j  org.gradle.internal.operations.DefaultBuildOperationRunner$CallableBuildOperationWorker.execute(Lorg/gradle/internal/operations/CallableBuildOperation;Lorg/gradle/internal/operations/BuildOperationContext;)V+3
j  org.gradle.internal.operations.DefaultBuildOperationRunner$CallableBuildOperationWorker.execute(Lorg/gradle/internal/operations/BuildOperation;Lorg/gradle/internal/operations/BuildOperationContext;)V+6
j  org.gradle.internal.operations.DefaultBuildOperationRunner$2.execute(Lorg/gradle/internal/operations/BuildOperationDescriptor;Lorg/gradle/internal/operations/BuildOperationState;Lorg/gradle/internal/operations/BuildOperationState;Lorg/gradle/internal/operations/DefaultBuildOperationRunner$ReadableBuildOperationContext;Lorg/gradle/internal/operations/DefaultBuildOperationRunner$BuildOperationExecutionListener;)Lorg/gradle/internal/operations/BuildOperation;+22
j  org.gradle.internal.operations.DefaultBuildOperationRunner$2.execute(Lorg/gradle/internal/operations/BuildOperationDescriptor;Lorg/gradle/internal/operations/BuildOperationState;Lorg/gradle/internal/operations/BuildOperationState;Lorg/gradle/internal/operations/DefaultBuildOperationRunner$ReadableBuildOperationContext;Lorg/gradle/internal/operations/DefaultBuildOperationRunner$BuildOperationExecutionListener;)Ljava/lang/Object;+8
j  org.gradle.internal.operations.DefaultBuildOperationRunner.execute(Lorg/gradle/internal/operations/BuildOperationDescriptor$Builder;Lorg/gradle/internal/operations/BuildOperationState;Lorg/gradle/internal/operations/DefaultBuildOperationRunner$BuildOperationExecution;)Ljava/lang/Object;+141
j  org.gradle.internal.operations.DefaultBuildOperationRunner.execute(Lorg/gradle/internal/operations/BuildOperation;Lorg/gradle/internal/operations/BuildOperationWorker;Lorg/gradle/internal/operations/BuildOperationState;)V+18
j  org.gradle.internal.operations.DefaultBuildOperationRunner.call(Lorg/gradle/internal/operations/CallableBuildOperation;)Ljava/lang/Object;+16
j  org.gradle.initialization.BuildOperationSettingsProcessor.process(Lorg/gradle/api/internal/GradleInternal;Lorg/gradle/initialization/SettingsLocation;Lorg/gradle/api/internal/initialization/ClassLoaderScope;Lorg/gradle/StartParameter;)Lorg/gradle/initialization/SettingsState;+17
j  org.gradle.initialization.DefaultSettingsLoader.findSettingsAndLoadIfAppropriate(Lorg/gradle/api/internal/GradleInternal;Lorg/gradle/StartParameter;Lorg/gradle/initialization/SettingsLocation;Lorg/gradle/api/internal/initialization/ClassLoaderScope;)Lorg/gradle/initialization/SettingsState;+9
j  org.gradle.initialization.DefaultSettingsLoader.findAndLoadSettings(Lorg/gradle/api/internal/GradleInternal;)Lorg/gradle/initialization/SettingsState;+103
j  org.gradle.initialization.SettingsAttachingSettingsLoader.findAndLoadSettings(Lorg/gradle/api/internal/GradleInternal;)Lorg/gradle/initialization/SettingsState;+5
j  org.gradle.internal.composite.CommandLineIncludedBuildSettingsLoader.findAndLoadSettings(Lorg/gradle/api/internal/GradleInternal;)Lorg/gradle/initialization/SettingsState;+5
j  org.gradle.internal.composite.ChildBuildRegisteringSettingsLoader.findAndLoadSettings(Lorg/gradle/api/internal/GradleInternal;)Lorg/gradle/initialization/SettingsState;+5
j  org.gradle.internal.composite.CompositeBuildSettingsLoader.findAndLoadSettings(Lorg/gradle/api/internal/GradleInternal;)Lorg/gradle/initialization/SettingsState;+5
j  org.gradle.initialization.InitScriptHandlingSettingsLoader.findAndLoadSettings(Lorg/gradle/api/internal/GradleInternal;)Lorg/gradle/initialization/SettingsState;+13
j  org.gradle.api.internal.initialization.CacheConfigurationsHandlingSettingsLoader.findAndLoadSettings(Lorg/gradle/api/internal/GradleInternal;)Lorg/gradle/initialization/SettingsState;+15
j  org.gradle.initialization.GradlePropertiesHandlingSettingsLoader.findAndLoadSettings(Lorg/gradle/api/internal/GradleInternal;)Lorg/gradle/initialization/SettingsState;+40
j  org.gradle.initialization.DefaultSettingsPreparer.prepareSettings(Lorg/gradle/api/internal/GradleInternal;)V+33
j  org.gradle.initialization.BuildOperationFiringSettingsPreparer$LoadBuild.doLoadBuild()V+11
j  org.gradle.initialization.BuildOperationFiringSettingsPreparer$LoadBuild.run(Lorg/gradle/internal/operations/BuildOperationContext;)V+1
j  org.gradle.internal.operations.DefaultBuildOperationRunner$1.execute(Lorg/gradle/internal/operations/RunnableBuildOperation;Lorg/gradle/internal/operations/BuildOperationContext;)V+2
j  org.gradle.internal.operations.DefaultBuildOperationRunner$1.execute(Lorg/gradle/internal/operations/BuildOperation;Lorg/gradle/internal/operations/BuildOperationContext;)V+6
j  org.gradle.internal.operations.DefaultBuildOperationRunner$2.execute(Lorg/gradle/internal/operations/BuildOperationDescriptor;Lorg/gradle/internal/operations/BuildOperationState;Lorg/gradle/internal/operations/BuildOperationState;Lorg/gradle/internal/operations/DefaultBuildOperationRunner$ReadableBuildOperationContext;Lorg/gradle/internal/operations/DefaultBuildOperationRunner$BuildOperationExecutionListener;)Lorg/gradle/internal/operations/BuildOperation;+22
j  org.gradle.internal.operations.DefaultBuildOperationRunner$2.execute(Lorg/gradle/internal/operations/BuildOperationDescriptor;Lorg/gradle/internal/operations/BuildOperationState;Lorg/gradle/internal/operations/BuildOperationState;Lorg/gradle/internal/operations/DefaultBuildOperationRunner$ReadableBuildOperationContext;Lorg/gradle/internal/operations/DefaultBuildOperationRunner$BuildOperationExecutionListener;)Ljava/lang/Object;+8
j  org.gradle.internal.operations.DefaultBuildOperationRunner.execute(Lorg/gradle/internal/operations/BuildOperationDescriptor$Builder;Lorg/gradle/internal/operations/BuildOperationState;Lorg/gradle/internal/operations/DefaultBuildOperationRunner$BuildOperationExecution;)Ljava/lang/Object;+141
j  org.gradle.internal.operations.DefaultBuildOperationRunner.execute(Lorg/gradle/internal/operations/BuildOperation;Lorg/gradle/internal/operations/BuildOperationWorker;Lorg/gradle/internal/operations/BuildOperationState;)V+18
j  org.gradle.internal.operations.DefaultBuildOperationRunner.run(Lorg/gradle/internal/operations/RunnableBuildOperation;)V+9
j  org.gradle.initialization.BuildOperationFiringSettingsPreparer.prepareSettings(Lorg/gradle/api/internal/GradleInternal;)V+31
j  org.gradle.initialization.VintageBuildModelController.lambda$prepareSettings$1()V+8
j  org.gradle.initialization.VintageBuildModelController$$Lambda+0x000001d1e03d1998.run()V+4
j  org.gradle.internal.model.StateTransitionController.lambda$doTransition$14(Ljava/lang/Runnable;)Lorg/gradle/internal/build/ExecutionResult;+1
j  org.gradle.internal.model.StateTransitionController$$Lambda+0x000001d1e03d1770.get()Ljava/lang/Object;+4
j  org.gradle.internal.model.StateTransitionController.doTransition(Lorg/gradle/internal/model/StateTransitionController$State;Lorg/gradle/internal/model/StateTransitionController$State;Ljava/util/function/Supplier;)Lorg/gradle/internal/build/ExecutionResult;+24
j  org.gradle.internal.model.StateTransitionController.doTransition(Lorg/gradle/internal/model/StateTransitionController$State;Lorg/gradle/internal/model/StateTransitionController$State;Ljava/lang/Runnable;)V+9
j  org.gradle.internal.model.StateTransitionController.lambda$transitionIfNotPreviously$11(Lorg/gradle/internal/model/StateTransitionController$State;Lorg/gradle/internal/model/StateTransitionController$State;Ljava/lang/Runnable;)V+16
j  org.gradle.internal.model.StateTransitionController$$Lambda+0x000001d1e03d1bc0.run()V+16
j  org.gradle.internal.work.DefaultSynchronizer.withLock(Ljava/lang/Runnable;)V+6
j  org.gradle.internal.model.StateTransitionController.transitionIfNotPreviously(Lorg/gradle/internal/model/StateTransitionController$State;Lorg/gradle/internal/model/StateTransitionController$State;Ljava/lang/Runnable;)V+13
j  org.gradle.initialization.VintageBuildModelController.prepareSettings()V+16
j  org.gradle.initialization.VintageBuildModelController.prepareToScheduleTasks()V+1
j  org.gradle.internal.build.DefaultBuildLifecycleController.lambda$prepareToScheduleTasks$6()V+9
j  org.gradle.internal.build.DefaultBuildLifecycleController$$Lambda+0x000001d1e03d1320.run()V+4
j  org.gradle.internal.model.StateTransitionController.lambda$doTransition$14(Ljava/lang/Runnable;)Lorg/gradle/internal/build/ExecutionResult;+1
j  org.gradle.internal.model.StateTransitionController$$Lambda+0x000001d1e03d1770.get()Ljava/lang/Object;+4
j  org.gradle.internal.model.StateTransitionController.doTransition(Lorg/gradle/internal/model/StateTransitionController$State;Lorg/gradle/internal/model/StateTransitionController$State;Ljava/util/function/Supplier;)Lorg/gradle/internal/build/ExecutionResult;+24
j  org.gradle.internal.model.StateTransitionController.doTransition(Lorg/gradle/internal/model/StateTransitionController$State;Lorg/gradle/internal/model/StateTransitionController$State;Ljava/lang/Runnable;)V+9
j  org.gradle.internal.model.StateTransitionController.lambda$maybeTransition$9(Lorg/gradle/internal/model/StateTransitionController$State;Lorg/gradle/internal/model/StateTransitionController$State;Ljava/lang/Runnable;)V+16
j  org.gradle.internal.model.StateTransitionController$$Lambda+0x000001d1e03d1548.run()V+16
j  org.gradle.internal.work.DefaultSynchronizer.withLock(Ljava/lang/Runnable;)V+6
j  org.gradle.internal.model.StateTransitionController.maybeTransition(Lorg/gradle/internal/model/StateTransitionController$State;Lorg/gradle/internal/model/StateTransitionController$State;Ljava/lang/Runnable;)V+13
j  org.gradle.internal.build.DefaultBuildLifecycleController.prepareToScheduleTasks()V+16
j  org.gradle.internal.buildtree.DefaultBuildTreeWorkPreparer.scheduleRequestedTasks(Lorg/gradle/internal/buildtree/BuildTreeWorkGraph;Lorg/gradle/execution/EntryTaskSelector;)Lorg/gradle/internal/buildtree/BuildTreeWorkGraph$FinalizedGraph;+4
j  org.gradle.internal.cc.impl.VintageBuildTreeWorkController$scheduleAndRunRequestedTasks$1.apply(Lorg/gradle/internal/buildtree/BuildTreeWorkGraph;)Lorg/gradle/internal/build/ExecutionResult;+18
j  org.gradle.internal.cc.impl.VintageBuildTreeWorkController$scheduleAndRunRequestedTasks$1.apply(Ljava/lang/Object;)Ljava/lang/Object;+5
j  org.gradle.composite.internal.DefaultIncludedBuildTaskGraph.withNewWorkGraph(Ljava/util/function/Function;)Ljava/lang/Object;+30
j  org.gradle.internal.cc.impl.VintageBuildTreeWorkController.scheduleAndRunRequestedTasks(Lorg/gradle/execution/EntryTaskSelector;)Lorg/gradle/internal/build/ExecutionResult;+16
j  org.gradle.internal.buildtree.DefaultBuildTreeLifecycleController.lambda$scheduleAndRunTasks$1(Lorg/gradle/execution/EntryTaskSelector;)Lorg/gradle/internal/build/ExecutionResult;+5
j  org.gradle.internal.buildtree.DefaultBuildTreeLifecycleController$$Lambda+0x000001d1e03d0480.get()Ljava/lang/Object;+8
j  org.gradle.internal.buildtree.DefaultBuildTreeLifecycleController.lambda$runBuild$4(Ljava/util/function/Supplier;)Ljava/lang/Object;+1
j  org.gradle.internal.buildtree.DefaultBuildTreeLifecycleController$$Lambda+0x000001d1e03d06a8.get()Ljava/lang/Object;+8
j  org.gradle.internal.model.StateTransitionController.lambda$transition$6(Ljava/util/function/Supplier;)Lorg/gradle/internal/build/ExecutionResult;+1
j  org.gradle.internal.model.StateTransitionController$$Lambda+0x000001d1e03d0af8.get()Ljava/lang/Object;+4
j  org.gradle.internal.model.StateTransitionController.doTransition(Lorg/gradle/internal/model/StateTransitionController$State;Lorg/gradle/internal/model/StateTransitionController$State;Ljava/util/function/Supplier;)Lorg/gradle/internal/build/ExecutionResult;+24
j  org.gradle.internal.model.StateTransitionController.lambda$transition$7(Lorg/gradle/internal/model/StateTransitionController$State;Lorg/gradle/internal/model/StateTransitionController$State;Ljava/util/function/Supplier;)Ljava/lang/Object;+9
j  org.gradle.internal.model.StateTransitionController$$Lambda+0x000001d1e03d08d0.create()Ljava/lang/Object;+16
j  org.gradle.internal.work.DefaultSynchronizer.withLock(Lorg/gradle/internal/Factory;)Ljava/lang/Object;+6
j  org.gradle.internal.model.StateTransitionController.transition(Lorg/gradle/internal/model/StateTransitionController$State;Lorg/gradle/internal/model/StateTransitionController$State;Ljava/util/function/Supplier;)Ljava/lang/Object;+13
j  org.gradle.internal.buildtree.DefaultBuildTreeLifecycleController.runBuild(Ljava/util/function/Supplier;)Ljava/lang/Object;+17
j  org.gradle.internal.buildtree.DefaultBuildTreeLifecycleController.scheduleAndRunTasks(Lorg/gradle/execution/EntryTaskSelector;)V+8
j  org.gradle.internal.buildtree.DefaultBuildTreeLifecycleController.scheduleAndRunTasks()V+2
j  org.gradle.tooling.internal.provider.runner.BuildModelActionRunner.run(Lorg/gradle/internal/invocation/BuildAction;Lorg/gradle/internal/buildtree/BuildTreeLifecycleController;)Lorg/gradle/internal/buildtree/BuildActionRunner$Result;+65
j  org.gradle.launcher.exec.ChainingBuildActionRunner.run(Lorg/gradle/internal/invocation/BuildAction;Lorg/gradle/internal/buildtree/BuildTreeLifecycleController;)Lorg/gradle/internal/buildtree/BuildActionRunner$Result;+34
j  org.gradle.internal.buildtree.ProblemReportingBuildActionRunner.run(Lorg/gradle/internal/invocation/BuildAction;Lorg/gradle/internal/buildtree/BuildTreeLifecycleController;)Lorg/gradle/internal/buildtree/BuildActionRunner$Result;+12
j  org.gradle.launcher.exec.BuildOutcomeReportingBuildActionRunner.run(Lorg/gradle/internal/invocation/BuildAction;Lorg/gradle/internal/buildtree/BuildTreeLifecycleController;)Lorg/gradle/internal/buildtree/BuildActionRunner$Result;+69
j  org.gradle.tooling.internal.provider.FileSystemWatchingBuildActionRunner.run(Lorg/gradle/internal/invocation/BuildAction;Lorg/gradle/internal/buildtree/BuildTreeLifecycleController;)Lorg/gradle/internal/buildtree/BuildActionRunner$Result;+317
j  org.gradle.launcher.exec.BuildCompletionNotifyingBuildActionRunner.run(Lorg/gradle/internal/invocation/BuildAction;Lorg/gradle/internal/buildtree/BuildTreeLifecycleController;)Lorg/gradle/internal/buildtree/BuildActionRunner$Result;+6
j  org.gradle.launcher.exec.RootBuildLifecycleBuildActionExecutor.lambda$execute$0(Lorg/gradle/internal/invocation/BuildAction;Lorg/gradle/internal/buildtree/BuildTreeLifecycleController;)Lorg/gradle/internal/buildtree/BuildActionRunner$Result;+6
j  org.gradle.launcher.exec.RootBuildLifecycleBuildActionExecutor$$Lambda+0x000001d1e03ba628.apply(Ljava/lang/Object;)Ljava/lang/Object;+12
j  org.gradle.composite.internal.DefaultRootBuildState.run(Ljava/util/function/Function;)Ljava/lang/Object;+87
j  org.gradle.launcher.exec.RootBuildLifecycleBuildActionExecutor.execute(Lorg/gradle/internal/invocation/BuildAction;Lorg/gradle/internal/buildtree/BuildTreeContext;)Lorg/gradle/internal/buildtree/BuildActionRunner$Result;+75
j  org.gradle.internal.buildtree.InitDeprecationLoggingActionExecutor.execute(Lorg/gradle/internal/invocation/BuildAction;Lorg/gradle/internal/buildtree/BuildTreeContext;)Lorg/gradle/internal/buildtree/BuildActionRunner$Result;+83
j  org.gradle.internal.buildtree.InitProblems.execute(Lorg/gradle/internal/invocation/BuildAction;Lorg/gradle/internal/buildtree/BuildTreeContext;)Lorg/gradle/internal/buildtree/BuildActionRunner$Result;+13
j  org.gradle.internal.buildtree.DefaultBuildTreeContext.execute(Lorg/gradle/internal/invocation/BuildAction;)Lorg/gradle/internal/buildtree/BuildActionRunner$Result;+64
j  org.gradle.launcher.exec.BuildTreeLifecycleBuildActionExecutor.lambda$execute$0(Lorg/gradle/internal/invocation/BuildAction;Lorg/gradle/internal/buildtree/BuildTreeContext;)Lorg/gradle/internal/buildtree/BuildActionRunner$Result;+2
j  org.gradle.launcher.exec.BuildTreeLifecycleBuildActionExecutor$$Lambda+0x000001d1e02b20e0.apply(Ljava/lang/Object;)Ljava/lang/Object;+8
j  org.gradle.internal.buildtree.BuildTreeState.run(Ljava/util/function/Function;)Ljava/lang/Object;+47
j  org.gradle.launcher.exec.BuildTreeLifecycleBuildActionExecutor.execute(Lorg/gradle/internal/invocation/BuildAction;Lorg/gradle/internal/session/BuildSessionContext;)Lorg/gradle/internal/buildtree/BuildActionRunner$Result;+74
j  org.gradle.launcher.exec.RunAsBuildOperationBuildActionExecutor$2.call(Lorg/gradle/internal/operations/BuildOperationContext;)Lorg/gradle/internal/buildtree/BuildActionRunner$Result;+25
j  org.gradle.launcher.exec.RunAsBuildOperationBuildActionExecutor$2.call(Lorg/gradle/internal/operations/BuildOperationContext;)Ljava/lang/Object;+2
j  org.gradle.internal.operations.DefaultBuildOperationRunner$CallableBuildOperationWorker.execute(Lorg/gradle/internal/operations/CallableBuildOperation;Lorg/gradle/internal/operations/BuildOperationContext;)V+3
j  org.gradle.internal.operations.DefaultBuildOperationRunner$CallableBuildOperationWorker.execute(Lorg/gradle/internal/operations/BuildOperation;Lorg/gradle/internal/operations/BuildOperationContext;)V+6
j  org.gradle.internal.operations.DefaultBuildOperationRunner$2.execute(Lorg/gradle/internal/operations/BuildOperationDescriptor;Lorg/gradle/internal/operations/BuildOperationState;Lorg/gradle/internal/operations/BuildOperationState;Lorg/gradle/internal/operations/DefaultBuildOperationRunner$ReadableBuildOperationContext;Lorg/gradle/internal/operations/DefaultBuildOperationRunner$BuildOperationExecutionListener;)Lorg/gradle/internal/operations/BuildOperation;+22
j  org.gradle.internal.operations.DefaultBuildOperationRunner$2.execute(Lorg/gradle/internal/operations/BuildOperationDescriptor;Lorg/gradle/internal/operations/BuildOperationState;Lorg/gradle/internal/operations/BuildOperationState;Lorg/gradle/internal/operations/DefaultBuildOperationRunner$ReadableBuildOperationContext;Lorg/gradle/internal/operations/DefaultBuildOperationRunner$BuildOperationExecutionListener;)Ljava/lang/Object;+8
j  org.gradle.internal.operations.DefaultBuildOperationRunner.execute(Lorg/gradle/internal/operations/BuildOperationDescriptor$Builder;Lorg/gradle/internal/operations/BuildOperationState;Lorg/gradle/internal/operations/DefaultBuildOperationRunner$BuildOperationExecution;)Ljava/lang/Object;+141
j  org.gradle.internal.operations.DefaultBuildOperationRunner.execute(Lorg/gradle/internal/operations/BuildOperation;Lorg/gradle/internal/operations/BuildOperationWorker;Lorg/gradle/internal/operations/BuildOperationState;)V+18
j  org.gradle.internal.operations.DefaultBuildOperationRunner.call(Lorg/gradle/internal/operations/CallableBuildOperation;)Ljava/lang/Object;+16
j  org.gradle.launcher.exec.RunAsBuildOperationBuildActionExecutor.execute(Lorg/gradle/internal/invocation/BuildAction;Lorg/gradle/internal/session/BuildSessionContext;)Lorg/gradle/internal/buildtree/BuildActionRunner$Result;+23
j  org.gradle.launcher.exec.RunAsWorkerThreadBuildActionExecutor.lambda$execute$0(Lorg/gradle/internal/invocation/BuildAction;Lorg/gradle/internal/session/BuildSessionContext;)Lorg/gradle/internal/buildtree/BuildActionRunner$Result;+6
j  org.gradle.launcher.exec.RunAsWorkerThreadBuildActionExecutor$$Lambda+0x000001d1e0285438.create()Ljava/lang/Object;+12
j  org.gradle.internal.work.DefaultWorkerLeaseService.withLocks(Ljava/util/Collection;Lorg/gradle/internal/Factory;)Ljava/lang/Object;+28
j  org.gradle.internal.work.DefaultWorkerLeaseService.runAsWorkerThread(Lorg/gradle/internal/Factory;)Ljava/lang/Object;+33
j  org.gradle.launcher.exec.RunAsWorkerThreadBuildActionExecutor.execute(Lorg/gradle/internal/invocation/BuildAction;Lorg/gradle/internal/session/BuildSessionContext;)Lorg/gradle/internal/buildtree/BuildActionRunner$Result;+12
j  org.gradle.tooling.internal.provider.continuous.ContinuousBuildActionExecutor.execute(Lorg/gradle/internal/invocation/BuildAction;Lorg/gradle/internal/session/BuildSessionContext;)Lorg/gradle/internal/buildtree/BuildActionRunner$Result;+58
j  org.gradle.tooling.internal.provider.SubscribableBuildActionExecutor.execute(Lorg/gradle/internal/invocation/BuildAction;Lorg/gradle/internal/session/BuildSessionContext;)Lorg/gradle/internal/buildtree/BuildActionRunner$Result;+30
j  org.gradle.internal.session.DefaultBuildSessionContext.execute(Lorg/gradle/internal/invocation/BuildAction;)Lorg/gradle/internal/buildtree/BuildActionRunner$Result;+64
j  org.gradle.internal.buildprocess.execution.BuildSessionLifecycleBuildActionExecutor$ActionImpl.apply(Lorg/gradle/internal/session/BuildSessionContext;)Lorg/gradle/launcher/exec/BuildActionResult;+6
j  org.gradle.internal.buildprocess.execution.BuildSessionLifecycleBuildActionExecutor$ActionImpl.apply(Ljava/lang/Object;)Ljava/lang/Object;+5
j  org.gradle.internal.session.BuildSessionState.run(Ljava/util/function/Function;)Ljava/lang/Object;+5
j  org.gradle.internal.buildprocess.execution.BuildSessionLifecycleBuildActionExecutor.execute(Lorg/gradle/internal/invocation/BuildAction;Lorg/gradle/launcher/exec/BuildActionParameters;Lorg/gradle/initialization/BuildRequestContext;)Lorg/gradle/launcher/exec/BuildActionResult;+95
j  org.gradle.internal.buildprocess.execution.BuildSessionLifecycleBuildActionExecutor.execute(Lorg/gradle/internal/invocation/BuildAction;Ljava/lang/Object;Ljava/lang/Object;)Lorg/gradle/launcher/exec/BuildActionResult;+10
j  org.gradle.internal.buildprocess.execution.StartParamsValidatingActionExecutor.execute(Lorg/gradle/internal/invocation/BuildAction;Lorg/gradle/launcher/exec/BuildActionParameters;Lorg/gradle/initialization/BuildRequestContext;)Lorg/gradle/launcher/exec/BuildActionResult;+203
j  org.gradle.internal.buildprocess.execution.StartParamsValidatingActionExecutor.execute(Lorg/gradle/internal/invocation/BuildAction;Ljava/lang/Object;Ljava/lang/Object;)Lorg/gradle/launcher/exec/BuildActionResult;+10
j  org.gradle.internal.buildprocess.execution.SessionFailureReportingActionExecutor.execute(Lorg/gradle/internal/invocation/BuildAction;Lorg/gradle/launcher/exec/BuildActionParameters;Lorg/gradle/initialization/BuildRequestContext;)Lorg/gradle/launcher/exec/BuildActionResult;+7
j  org.gradle.internal.buildprocess.execution.SessionFailureReportingActionExecutor.execute(Lorg/gradle/internal/invocation/BuildAction;Ljava/lang/Object;Ljava/lang/Object;)Lorg/gradle/launcher/exec/BuildActionResult;+10
j  org.gradle.internal.buildprocess.execution.SetupLoggingActionExecutor.execute(Lorg/gradle/internal/invocation/BuildAction;Lorg/gradle/launcher/exec/BuildActionParameters;Lorg/gradle/initialization/BuildRequestContext;)Lorg/gradle/launcher/exec/BuildActionResult;+50
j  org.gradle.internal.buildprocess.execution.SetupLoggingActionExecutor.execute(Lorg/gradle/internal/invocation/BuildAction;Ljava/lang/Object;Ljava/lang/Object;)Lorg/gradle/launcher/exec/BuildActionResult;+10
j  org.gradle.launcher.daemon.server.exec.ExecuteBuild.doBuild(Lorg/gradle/launcher/daemon/server/api/DaemonCommandExecution;Lorg/gradle/launcher/daemon/protocol/Build;)V+147
j  org.gradle.launcher.daemon.server.exec.BuildCommandOnly.execute(Lorg/gradle/launcher/daemon/server/api/DaemonCommandExecution;)V+49
j  org.gradle.launcher.daemon.server.api.DaemonCommandExecution.proceed()Z+23
j  org.gradle.launcher.daemon.server.exec.WatchForDisconnection.execute(Lorg/gradle/launcher/daemon/server/api/DaemonCommandExecution;)V+19
j  org.gradle.launcher.daemon.server.api.DaemonCommandExecution.proceed()Z+23
j  org.gradle.launcher.daemon.server.exec.ResetDeprecationLogger.execute(Lorg/gradle/launcher/daemon/server/api/DaemonCommandExecution;)V+7
j  org.gradle.launcher.daemon.server.api.DaemonCommandExecution.proceed()Z+23
j  org.gradle.launcher.daemon.server.exec.RequestStopIfSingleUsedDaemon.execute(Lorg/gradle/launcher/daemon/server/api/DaemonCommandExecution;)V+33
j  org.gradle.launcher.daemon.server.api.DaemonCommandExecution.proceed()Z+23
j  org.gradle.launcher.daemon.server.exec.ForwardClientInput.lambda$execute$0(Lorg/gradle/launcher/daemon/server/api/DaemonCommandExecution;Lorg/gradle/internal/daemon/clientinput/StdinHandler;)Ljava/lang/Object;+11
j  org.gradle.launcher.daemon.server.exec.ForwardClientInput$$Lambda+0x000001d1e018f678.apply(Ljava/lang/Object;)Ljava/lang/Object;+8
j  org.gradle.internal.daemon.clientinput.ClientInputForwarder.forwardInput(Ljava/util/function/Function;)Ljava/lang/Object;+46
j  org.gradle.launcher.daemon.server.exec.ForwardClientInput.execute(Lorg/gradle/launcher/daemon/server/api/DaemonCommandExecution;)V+10
j  org.gradle.launcher.daemon.server.api.DaemonCommandExecution.proceed()Z+23
j  org.gradle.launcher.daemon.server.exec.LogAndCheckHealth.execute(Lorg/gradle/launcher/daemon/server/api/DaemonCommandExecution;)V+51
j  org.gradle.launcher.daemon.server.api.DaemonCommandExecution.proceed()Z+23
j  org.gradle.launcher.daemon.server.exec.LogToClient.doBuild(Lorg/gradle/launcher/daemon/server/api/DaemonCommandExecution;Lorg/gradle/launcher/daemon/protocol/Build;)V+87
j  org.gradle.launcher.daemon.server.exec.BuildCommandOnly.execute(Lorg/gradle/launcher/daemon/server/api/DaemonCommandExecution;)V+49
j  org.gradle.launcher.daemon.server.api.DaemonCommandExecution.proceed()Z+23
j  org.gradle.launcher.daemon.server.exec.EstablishBuildEnvironment.doBuild(Lorg/gradle/launcher/daemon/server/api/DaemonCommandExecution;Lorg/gradle/launcher/daemon/protocol/Build;)V+356
j  org.gradle.launcher.daemon.server.exec.BuildCommandOnly.execute(Lorg/gradle/launcher/daemon/server/api/DaemonCommandExecution;)V+49
j  org.gradle.launcher.daemon.server.api.DaemonCommandExecution.proceed()Z+23
j  org.gradle.launcher.daemon.server.exec.StartBuildOrRespondWithBusy$1.run()V+44
j  org.gradle.launcher.daemon.server.DaemonStateCoordinator.lambda$runCommand$0(Ljava/lang/Runnable;)V+1
j  org.gradle.launcher.daemon.server.DaemonStateCoordinator$$Lambda+0x000001d1e018e000.run()V+8
j  org.gradle.internal.concurrent.ExecutorPolicy$CatchAndRecordFailures.onExecute(Ljava/lang/Runnable;)V+1
j  org.gradle.internal.concurrent.AbstractManagedExecutor$1.run()V+25
j  java.util.concurrent.ThreadPoolExecutor.runWorker(Ljava/util/concurrent/ThreadPoolExecutor$Worker;)V+92 java.base@21.0.11
j  java.util.concurrent.ThreadPoolExecutor$Worker.run()V+5 java.base@21.0.11
j  java.lang.Thread.runWith(Ljava/lang/Object;Ljava/lang/Runnable;)V+5 java.base@21.0.11
j  java.lang.Thread.run()V+19 java.base@21.0.11
v  ~StubRoutines::call_stub 0x000001d1d199100d

Compiled method (n/a) 21170  812     n 0       java.lang.ClassLoader::defineClass1 (native)
 total in heap  [0x000001d1d1f86690,0x000001d1d1f86c28] = 1432
 relocation     [0x000001d1d1f867f0,0x000001d1d1f86828] = 56
 main code      [0x000001d1d1f86840,0x000001d1d1f86c21] = 993
 stub code      [0x000001d1d1f86c21,0x000001d1d1f86c28] = 7

[Constant Pool (empty)]

[MachCode]
[Entry Point]
  # {method} {0x000001d1df434a48} 'defineClass1' '(Ljava/lang/ClassLoader;Ljava/lang/String;[BIILjava/security/ProtectionDomain;Ljava/lang/String;)Ljava/lang/Class;' in 'java/lang/ClassLoader'
  # parm0:    rdx:rdx   = 'java/lang/ClassLoader'
  # parm1:    r8:r8     = 'java/lang/String'
  # parm2:    r9:r9     = '[B'
  # parm3:    rdi       = int
  # parm4:    rsi       = int
  # parm5:    rcx:rcx   = 'java/security/ProtectionDomain'
  # parm6:    [sp+0xa0]   = 'java/lang/String'  (sp of caller)
  0x000001d1d1f86840: 448b 5208 | 49bb 0000 | 00df d101 | 0000 4d03 | d349 3bc2 | 0f84 0600 

  0x000001d1d1f86858: ;   {runtime_call ic_miss_stub}
  0x000001d1d1f86858: 0000 e921 | 7fa5 ff90 
[Verified Entry Point]
  0x000001d1d1f86860: 8984 2400 | 80ff ff55 | 488b ec48 | 81ec 9000 | 0000 6690 | 4181 7f20 | 0700 0000 

  0x000001d1d1f8687c: ;   {runtime_call StubRoutines (final stubs)}
  0x000001d1d1f8687c: 7405 e81d | fca3 ff48 | 837d 1000 | 488d 4510 | 480f 4445 | 1048 8944 | 2440 4889 | 4c24 7048 
  0x000001d1d1f8689c: 83f9 0048 | 8d44 2470 | 480f 4444 | 2470 4889 | 4424 3848 | 8974 2430 | 4889 7c24 | 284c 894c 
  0x000001d1d1f868bc: 2458 4983 | f900 488d | 4424 5848 | 0f44 4424 | 5848 8944 | 2420 4c89 | 4424 5049 | 83f8 004c 
  0x000001d1d1f868dc: 8d4c 2450 | 4c0f 444c | 2450 4889 | 5424 4848 | 83fa 004c | 8d44 2448 | 4c0f 4444 

  0x000001d1d1f868f8: ;   {oop(a 'java/lang/Class'{0x0000000080074db8} = 'java/lang/ClassLoader')}
  0x000001d1d1f868f8: 2448 49be | b84d 0780 | 0000 0000 | 4c89 7424 | 784c 8d74 | 2478 498b | d6c5 f877 

  0x000001d1d1f86914: ;   {internal_word}
  0x000001d1d1f86914: 49ba 1169 | f8d1 d101 | 0000 4d89 | 97a8 0300 | 0049 89a7 | a003 0000 

  0x000001d1d1f8692c: ;   {external_word}
  0x000001d1d1f8692c: 49ba c66c | 7ba2 f87f | 0000 4180 | 3a00 0f84 | 4e00 0000 | 5241 5041 

  0x000001d1d1f86944: ;   {metadata({method} {0x000001d1df434a48} 'defineClass1' '(Ljava/lang/ClassLoader;Ljava/lang/String;[BIILjava/security/ProtectionDomain;Ljava/lang/String;)Ljava/lang/Class;' in 'java/lang/ClassLoader')}
  0x000001d1d1f86944: 5148 ba40 | 4a43 dfd1 | 0100 0049 | 8bcf 4883 | ec20 40f6 | c40f 0f84 | 1900 0000 | 4883 ec08 
  0x000001d1d1f86964: ;   {runtime_call}
  0x000001d1d1f86964: 48b8 20e5 | 24a2 f87f | 0000 ffd0 | 4883 c408 | e90c 0000 

  0x000001d1d1f86978: ;   {runtime_call}
  0x000001d1d1f86978: 0048 b820 | e524 a2f8 | 7f00 00ff | d048 83c4 | 2041 5941 | 585a 498d | 8fc0 0300 | 0041 c787 
  0x000001d1d1f86998: 4c04 0000 | 0400 0000 

  0x000001d1d1f869a0: ;   {runtime_call}
  0x000001d1d1f869a0: 48b8 ac16 | d3f9 f87f | 0000 ffd0 | c5f8 7741 | c787 4c04 | 0000 0500 | 0000 f083 | 4424 c000 
  0x000001d1d1f869c0: 493b af50 | 0400 000f | 870e 0000 | 0041 83bf | 4804 0000 | 000f 842b | 0000 00c5 | f877 4889 
  0x000001d1d1f869e0: 45f8 498b | cf4c 8be4 | 4883 ec20 | 4883 e4f0 

  0x000001d1d1f869f0: ;   {runtime_call}
  0x000001d1d1f869f0: 48b8 e053 | f0a1 f87f | 0000 ffd0 | 498b e44d | 33e4 488b | 45f8 41c7 | 874c 0400 | 0008 0000 
  0x000001d1d1f86a10: 0041 83bf | c804 0000 | 020f 84d5 

  0x000001d1d1f86a1c: ;   {external_word}
  0x000001d1d1f86a1c: 0100 0049 | bac6 6c7b | a2f8 7f00 | 0041 803a | 000f 844c | 0000 0048 

  0x000001d1d1f86a34: ;   {metadata({method} {0x000001d1df434a48} 'defineClass1' '(Ljava/lang/ClassLoader;Ljava/lang/String;[BIILjava/security/ProtectionDomain;Ljava/lang/String;)Ljava/lang/Class;' in 'java/lang/ClassLoader')}
  0x000001d1d1f86a34: 8945 f848 | ba40 4a43 | dfd1 0100 | 0049 8bcf | 4883 ec20 | 40f6 c40f | 0f84 1900 | 0000 4883 
  0x000001d1d1f86a54: ;   {runtime_call}
  0x000001d1d1f86a54: ec08 48b8 | 20e5 24a2 | f87f 0000 | ffd0 4883 | c408 e90c 

  0x000001d1d1f86a68: ;   {runtime_call}
  0x000001d1d1f86a68: 0000 0048 | b820 e524 | a2f8 7f00 | 00ff d048 | 83c4 2048 | 8b45 f849 | c787 a003 | 0000 0000 
  0x000001d1d1f86a88: 0000 49c7 | 87a8 0300 | 0000 0000 | 00c5 f877 | 4885 c00f | 8430 0100 | 00a8 030f | 8508 0000 
  0x000001d1d1f86aa8: 0048 8b00 | e920 0100 | 00a8 010f | 8509 0000 | 0048 8b40 | fee9 0f01 | 0000 488b | 40ff 4180 
  0x000001d1d1f86ac8: 7f40 000f | 8400 0100 | 0048 83f8 | 000f 84f6 | 0000 0049 | 8b4f 2848 | 83f9 000f | 8414 0000 
  0x000001d1d1f86ae8: 0048 83e9 | 0849 894f | 2849 034f | 3848 8901 | e9d4 0000 | 0048 83ec | 7048 8904 | 2448 894c 
  0x000001d1d1f86b08: 2408 4889 | 5424 104c | 8944 2418 | 4c89 4c24 | 204c 8954 | 2428 4c89 | 5c24 30c5 | fb11 4424 
  0x000001d1d1f86b28: 40c5 fb11 | 4c24 48c5 | fb11 5424 | 50c5 fb11 | 5c24 58c5 | fb11 6424 | 60c5 fb11 | 6c24 6849 
  0x000001d1d1f86b48: 8bd7 488b | c848 83ec | 2040 f6c4 | 0f0f 8419 | 0000 0048 

  0x000001d1d1f86b5c: ;   {runtime_call}
  0x000001d1d1f86b5c: 83ec 0848 | b860 a3e3 | a1f8 7f00 | 00ff d048 | 83c4 08e9 | 0c00 0000 

  0x000001d1d1f86b74: ;   {runtime_call}
  0x000001d1d1f86b74: 48b8 60a3 | e3a1 f87f | 0000 ffd0 | 4883 c420 | c5fb 106c | 2468 c5fb | 1064 2460 | c5fb 105c 
  0x000001d1d1f86b94: 2458 c5fb | 1054 2450 | c5fb 104c | 2448 c5fb | 1044 2440 | 4c8b 5c24 | 304c 8b54 | 2428 4c8b 
  0x000001d1d1f86bb4: 4c24 204c | 8b44 2418 | 488b 5424 | 1048 8b4c | 2408 488b | 0424 4883 | c470 c5f8 | 7749 8b8f 
  0x000001d1d1f86bd4: 3004 0000 | c781 0001 | 0000 0000 | 0000 c949 | 837f 0800 | 0f85 0100 

  0x000001d1d1f86bec: ;   {runtime_call StubRoutines (initial stubs)}
  0x000001d1d1f86bec: 0000 c3e9 | 0ca3 a0ff | c5f8 7748 | 8945 f84c | 8be4 4883 | ec20 4883 

  0x000001d1d1f86c04: ;   {runtime_call}
  0x000001d1d1f86c04: e4f0 48b8 | 701c 25a2 | f87f 0000 | ffd0 498b | e44d 33e4 | 488b 45f8 | e9fe fdff | fff4 f4f4 
  0x000001d1d1f86c24: f4f4 f4f4 
[/MachCode]


Compiled method (c2) 21208 5172       4       java.security.SecureClassLoader::defineClass (16 bytes)
 total in heap  [0x000001d1d2208f90,0x000001d1d220d588] = 17912
 relocation     [0x000001d1d22090f0,0x000001d1d22093b0] = 704
 main code      [0x000001d1d22093c0,0x000001d1d220bb80] = 10176
 stub code      [0x000001d1d220bb80,0x000001d1d220bc98] = 280
 oops           [0x000001d1d220bc98,0x000001d1d220bcb0] = 24
 metadata       [0x000001d1d220bcb0,0x000001d1d220be40] = 400
 scopes data    [0x000001d1d220be40,0x000001d1d220cc58] = 3608
 scopes pcs     [0x000001d1d220cc58,0x000001d1d220d248] = 1520
 dependencies   [0x000001d1d220d248,0x000001d1d220d260] = 24
 handler table  [0x000001d1d220d260,0x000001d1d220d518] = 696
 nul chk table  [0x000001d1d220d518,0x000001d1d220d588] = 112

[Constant Pool (empty)]

[MachCode]
[Entry Point]
  # {method} {0x000001d1df04e0e8} 'defineClass' '(Ljava/lang/String;[BIILjava/security/CodeSource;)Ljava/lang/Class;' in 'java/security/SecureClassLoader'
  # this:     rdx:rdx   = 'java/security/SecureClassLoader'
  # parm0:    r8:r8     = 'java/lang/String'
  # parm1:    r9:r9     = '[B'
  # parm2:    rdi       = int
  # parm3:    rsi       = int
  # parm4:    rcx:rcx   = 'java/security/CodeSource'
  #           [sp+0xc0]  (sp of caller)
  0x000001d1d22093c0: 448b 5208 | 49bb 0000 | 00df d101 | 0000 4d03 | d349 3bc2 

  0x000001d1d22093d4: ;   {runtime_call ic_miss_stub}
  0x000001d1d22093d4: 0f85 a653 | 7dff 6690 | 0f1f 4000 
[Verified Entry Point]
  0x000001d1d22093e0: 8984 2400 | 80ff ff55 | 4881 ecb0 | 0000 0090 | 4181 7f20 | 0700 0000 | 0f85 7827 | 0000 8974 
  0x000001d1d2209400: 2444 897c | 2440 4c89 | 4c24 384c | 8944 2430 | 4889 5424 | 2848 8be9 | 0f1f 8400 | 0000 0000 
  0x000001d1d2209420: 4885 c90f | 8453 1e00 | 004d 8b87 | b801 0000 | 4d8b d049 | 83c2 1066 | 0f1f 8400 | 0000 0000 
  0x000001d1d2209440: 4d3b 97c8 | 0100 000f | 83ff 1500 | 004d 8997 | b801 0000 | 410f 0d8a | c000 0000 | 49c7 0001 
  0x000001d1d2209460: ;   {metadata('java/security/SecureClassLoader$CodeSourceKey')}
  0x000001d1d2209460: 0000 0041 | c740 08b8 | b411 004c | 8bd5 4589 | 500c 4d8b | 8fb8 0100 | 004c 8b54 | 2428 418b 
  0x000001d1d2209480: 6a50 4d8b | d149 83c2 | 104d 3b97 | c801 0000 | 0f83 da15 | 0000 4d89 | 97b8 0100 | 0041 0f0d 
  0x000001d1d22094a0: 8ac0 0000 | 0049 c701 | 0100 0000 

  0x000001d1d22094ac: ;   {metadata('java/security/SecureClassLoader$1')}
  0x000001d1d22094ac: 41c7 4108 | 50ba 1100 | 4c8b 5424 | 2845 8951 | 0c66 6690 

  0x000001d1d22094c0: ; implicit exception: dispatches to 0x000001d1d220b870
  0x000001d1d22094c0: 448b 5508 

  0x000001d1d22094c4: ;   {metadata('java/util/concurrent/ConcurrentHashMap')}
  0x000001d1d22094c4: 4181 fa80 | 2706 000f | 850b 1b00 | 0048 8bd5 

  0x000001d1d22094d4: ;   {optimized virtual_call}
  0x000001d1d22094d4: c5f8 77e8 

  0x000001d1d22094d8: ; ImmutableOopMap {[40]=Oop [48]=Oop [56]=Oop }
                      ;*invokeinterface computeIfAbsent {reexecute=0 rethrow=0 return_oop=1}
                      ; - java.security.SecureClassLoader::getProtectionDomain@28
                      ; - java.security.SecureClassLoader::defineClass@9
  0x000001d1d22094d8: a4f0 b9f8 

  0x000001d1d22094dc: ;   {other}
  0x000001d1d22094dc: 0f1f 8400 | 4c05 0000 

  0x000001d1d22094e4: ; implicit exception: dispatches to 0x000001d1d220b890
  0x000001d1d22094e4: 448b 5808 

  0x000001d1d22094e8: ;   {metadata('java/security/ProtectionDomain')}
  0x000001d1d22094e8: 4181 fbe8 | 5800 000f | 85c7 2200 | 0048 8984 | 2490 0000 | 004c 8b54 | 2430 458b | 5214 458b 
  0x000001d1d2209508: 5a0c 4585 | db0f 861d | 1b00 004c | 8b44 2430 | 450f be40 | 1066 6690 | 4585 c00f | 859e 1c00 
  0x000001d1d2209528: 00c4 423a | f7cb 453b | cb41 8bf1 | 410f 4ff3 | 4d8b c2c4 | c1f9 6ec0 | 4d8d 4210 | 85f6 0f8e 
  0x000001d1d2209548: cf00 0000 | 443b de0f | 821f 1b00 | 00b8 2f00 | 0000 498b | f88b d648 | 8bdf 83fa | 100f 8c79 
  0x000001d1d2209568: 0000 0083 | fa20 0f8c | 3600 0000 | c5f9 6ec8 | c4e2 7d78 | c9c5 edef | d28b ca83 | e1e0 83e2 
  0x000001d1d2209588: 1fc5 fe6f | 1bc5 e574 | d9c4 e27d | 17d3 0f83 | 6900 0000 | 4883 c320 | 83e9 2075 | e4e9 0d00 
  0x000001d1d22095a8: 0000 c5f9 | 6ec8 c5e9 | efd2 c4e2 | 7100 ca83 | fa10 0f8c | 2400 0000 | 8bca 83e1 | f083 e20f 
  0x000001d1d22095c8: c5fa 6f1b | c5e1 74d9 | c4e2 7917 | d30f 832a | 0000 0048 | 83c3 1083 | e910 75e4 

  0x000001d1d22095e4: ;   {no_reloc}
  0x000001d1d22095e4: 85d2 0f84 | 1200 0000 | 0fb6 0b3b | c174 1c48 | 83c3 0183 | ea01 7402 | ebee bbff | ffff ffeb 
  0x000001d1d2209604: 0dc5 fdd7 | cb0f bcc1 | 4803 d848 | 2bdf 83fb | ff0f 850d | 1c00 0041 | 0fb6 2890 | 83fd 5b0f 
  0x000001d1d2209624: 8487 1c00 | 0041 8d59 | fb85 db0f | 8c68 0000 | 0041 0fbe | 080f 1f80 | 0000 0000 | 83f9 6a0f 
  0x000001d1d2209644: 8554 0000 | 0041 83fb | 040f 86d9 | 1f00 0041 | 807a 1161 | 0f85 3f00 | 0000 6690 | 4180 7a12 
  0x000001d1d2209664: 760f 8532 | 0000 0041 | 807a 1361 | 752b 4180 | 7a14 2e75 

  0x000001d1d2209678: ;   {oop(a 'jdk/internal/loader/ClassLoaders$PlatformClassLoader'{0x000000008004e558})}
  0x000001d1d2209678: 2448 b958 | e504 8000 | 0000 0048 | 8b5c 2428 | 483b d90f | 8507 2100 

  0x000001d1d2209690: ;   {oop(a 'jdk/internal/loader/ClassLoaders$PlatformClassLoader'{0x000000008004e558})}
  0x000001d1d2209690: 0048 bb58 | e504 8000 | 0000 00eb | 0548 8b5c | 2428 488b | 8c24 9000 | 0000 448b | 7110 418b 
  0x000001d1d22096b0: f9ff cf41 | 8bd3 ffca | 3bfa 0f4f | fa66 6690 | 85ff 0f8c | 0c10 0000 | 413b fb0f | 83e3 1800 
  0x000001d1d22096d0: 0085 ff0f | 8e73 1900 | 008b cfff | c933 f6c4 | c1f9 6ec8 | 410f be54 | 3a10 83fa | 2e0f 8479 
  0x000001d1d22096f0: 0e00 00ff | cf3b f97f | eb0f 1f80 | 0000 0000 | 83ff 020f | 8ea1 0000 | 0044 8d47 | fe83 ff02 
  0x000001d1d2209710: 440f 4cc6 | 4181 f8a0 | 0f00 00ba | a00f 0000 | 440f 47c2 | 8bc7 412b | c00f 1f80 | 0000 0000 
  0x000001d1d2209730: 4c63 c743 | 0fbe 4c02 | 100f 1f80 | 0000 0000 | 83f9 2e0f | 8491 0000 | 0047 0fbe | 4402 0f41 
  0x000001d1d2209750: 83f8 2e0f | 8485 0000 | 008d 4ffe | 450f be44 | 0a10 4183 | f82e 0f84 | 7600 0000 | 8d4f fd41 
  0x000001d1d2209770: 0fbe 540a | 1083 fa2e | 0f84 6400 | 0000 83c7 | fc3b f87f | ab49 8baf | 5804 0000 | 4c8b 4424 
  0x000001d1d2209790: ;   {no_reloc}
  0x000001d1d2209790: 2848 8b4c | 2430 488b | 9424 9000 

  0x000001d1d220979c: ; ImmutableOopMap {r10=NarrowOop r8=Oop rcx=Oop rbx=Oop rdx=Oop r14=NarrowOop xmm0=Oop xmm1=Derived_oop_xmm0 [40]=Oop [48]=Oop [56]=Oop [144]=Oop }
                      ;*goto {reexecute=1 rethrow=0 return_oop=0}
                      ; - (reexecute) java.lang.StringLatin1::lastIndexOf@35
                      ; - java.lang.String::lastIndexOf@13
                      ; - java.lang.String::lastIndexOf@8
                      ; - java.lang.ClassLoader::checkCerts@3
                      ; - java.lang.ClassLoader::preDefineClass@113
                      ; - java.lang.ClassLoader::defineClass@4
                      ; - java.security.SecureClassLoader::defineClass@12
                      ;   {poll}
  0x000001d1d220979c: 0000 8545 | 0083 ff02 | 0f8f 5fff | ffff 83ff | ff7e 2145 | 0fbe 443a | 1041 83f8 | 2e0f 8401 
  0x000001d1d22097bc: 1a00 00ff | cf83 ffff | 7fe9 c4c1 | f97e c8e9 | 060f 0000 | c4c1 f97e | c8e9 fc0e | 0000 8bcf 
  0x000001d1d22097dc: eb04 8bcf | ffc9 c4c1 | f97e c883 | f9ff 0f84 | d50e 0000 | 85c9 0f8c | 041a 0000 | 0f1f 8400 
  0x000001d1d22097fc: 0000 0000 | 413b c90f | 8f3f 1b00 | 0041 3bc9 | 0f84 180d | 0000 85c9 | 0f84 0212 | 0000 4d8b 
  0x000001d1d220981c: afb8 0100 | 004d 8bcd | 4983 c118 | 4d3b 8fc8 | 0100 000f | 8377 1200 | 004d 898f | b801 0000 
  0x000001d1d220983c: 410f 0d89 | c000 0000 | 49c7 4500 | 0100 0000 

  0x000001d1d220984c: ;   {metadata('java/lang/String')}
  0x000001d1d220984c: 41c7 4508 | 78e8 0000 | 4589 650c | 4d89 6510 | 0f1f 4000 | 413b cb0f | 85e1 0000 | 0049 63eb 
  0x000001d1d220986c: 4181 fb00 | 0010 000f | 8749 1600 | 004c 8944 | 2450 498b | bfb8 0100 | 004c 8d45 | 1749 83e0 
  0x000001d1d220988c: f84c 8bcf | 4d03 c866 | 0f1f 8400 | 0000 0000 | 6666 6690 | 4d3b 8fc8 | 0100 000f | 8310 1600 
  0x000001d1d22098ac: 004d 898f | b801 0000 | 410f 0d89 | c000 0000 | 48c7 0701 | 0000 0041 | 0f0d 8900 

  0x000001d1d22098c8: ;   {metadata({type array byte})}
  0x000001d1d22098c8: 0100 00c7 | 4708 1823 | 0000 4489 | 5f0c 410f | 0d89 4001 | 0000 410f | 0d89 8001 | 0000 8974 
  0x000001d1d22098e8: 2420 4889 | 5c24 5844 | 8974 2424 | 4c89 6c24 | 6048 896c | 2468 488b | d748 83c2 | 104c 8b44 
  0x000001d1d2209908: 2468 4983 | c007 49c1 | e803 488b | 4c24 50c5 | f877 49ba | 604b 9cd1 | d101 0000 

  0x000001d1d2209924: ;   {other}
  0x000001d1d2209924: 41ff d20f | 1f84 0000 | 0000 008b | 7424 2048 | 8b5c 2458 | 448b 7424 | 244c 8b6c | 2460 4c8b 
  0x000001d1d2209944: d7e9 e700 | 0000 81f9 | 0000 1000 | 0f87 5217 | 0000 4c63 | c949 8bf8 | 443b d941 | 8beb 0f4f 
  0x000001d1d2209964: e944 3bdd | 0f82 ae17 | 0000 3bcd | 0f82 a617 | 0000 4983 | c117 4d8b | c149 83e0 | f881 f900 
  0x000001d1d2209984: 0010 000f | 874d 1300 | 004d 8b97 | b801 0000 | 4d8b da4d | 03d8 660f | 1f44 0000 | 4d3b 9fc8 
  0x000001d1d22099a4: 0100 000f | 832d 1300 | 004d 899f | b801 0000 | 410f 0d8b | c000 0000 | 49c7 0201 | 0000 0041 
  0x000001d1d22099c4: 0f0d 8b00 

  0x000001d1d22099c8: ;   {metadata({type array byte})}
  0x000001d1d22099c8: 0100 0041 | c742 0818 | 2300 0041 | 894a 0c41 | 0f0d 8b40 | 0100 0041 | 0f0d 8b80 | 0100 0049 
  0x000001d1d22099e8: 8bd2 4883 | c210 49c1 | e903 85ed | 0f84 b616 | 0000 660f | 1f44 0000 | 3be9 0f8c | 880d 0000 
  0x000001d1d2209a08: 498b ea49 | 83c0 f049 | c1e8 0348 | 8bcf c5f8 | 7749 ba60 | 4b9c d1d1 | 0100 0041 

  0x000001d1d2209a24: ;   {other}
  0x000001d1d2209a24: ffd2 0f1f | 8400 0000 | 0000 4c8b | d541 807f | 4000 0f85 | c90c 0000 | 4d8b dd4d | 8bca 4589 
  0x000001d1d2209a44: 4d14 4d33 | d349 c1ea | 144d 85d2 | 741a 49c1 | eb09 48b9 | 0000 79d9 | d101 0000 | 4903 cb80 
  0x000001d1d2209a64: 3902 0f85 | d30c 0000 | 4588 6510 

  0x000001d1d2209a70: ; implicit exception: dispatches to 0x000001d1d220b968
  0x000001d1d2209a70: 418b 6e14 | 85ed 0f85 | 4c18 0000 | 418b 6e10 | 85ed 0f85 | 7018 0000 | 448b 5b2c | 4585 db0f 
  0x000001d1d2209a90: 84d6 1400 | 0048 895c | 2448 8974 | 2420 498b | d3bf 0100 

  0x000001d1d2209aa4: ;   {oop(a 'java/security/cert/Certificate'[0] {0x0000000080074e38})}
  0x000001d1d2209aa4: 0000 49b9 | 384e 0780 | 0000 0000 | 4d8b c590 

  0x000001d1d2209ab4: ;   {optimized virtual_call}
  0x000001d1d2209ab4: c5f8 77e8 

  0x000001d1d2209ab8: ; ImmutableOopMap {[40]=Oop [48]=Oop [56]=Oop [72]=Oop [144]=Oop }
                      ;*invokevirtual putVal {reexecute=0 rethrow=0 return_oop=1}
                      ; - java.util.concurrent.ConcurrentHashMap::putIfAbsent@4
                      ; - java.lang.ClassLoader::checkCerts@62
                      ; - java.lang.ClassLoader::preDefineClass@113
                      ; - java.lang.ClassLoader::defineClass@4
                      ; - java.security.SecureClassLoader::defineClass@12
  0x000001d1d2209ab8: a41f 0500 

  0x000001d1d2209abc: ;   {other}
  0x000001d1d2209abc: 0f1f 8400 | 2c0b 0002 | 4885 c074 | 1f44 8b58 

  0x000001d1d2209acc: ;   {metadata('java/security/cert/Certificate'[])}
  0x000001d1d2209acc: 0841 81fb | 2029 1000 | 0f85 561d | 0000 8b68 | 0c66 6690 | 85ed 0f87 | 4018 0000 | 4c8b 8c24 
  0x000001d1d2209aec: 9000 0000 | 458b 5110 

  0x000001d1d2209af4: ; implicit exception: dispatches to 0x000001d1d220b9b0
  0x000001d1d2209af4: 418b 6a0c 

  0x000001d1d2209af8: ; implicit exception: dispatches to 0x000001d1d220b9f8
  0x000001d1d2209af8: 448b 5538 | 0f1f 4000 | 4585 d20f | 847b 1400 | 0048 ffb4 | 2490 0000 | 0048 8f44 | 2448 498b 
  0x000001d1d2209b18: d24c 8bc5 

  0x000001d1d2209b1c: ;   {optimized virtual_call}
  0x000001d1d2209b1c: c5f8 77e8 

  0x000001d1d2209b20: ; ImmutableOopMap {[40]=Oop [48]=Oop [56]=Oop [72]=Oop [144]=Oop }
                      ;*invokevirtual toExternalForm {reexecute=0 rethrow=0 return_oop=1}
                      ; - java.net.URL::toExternalForm@5
                      ; - java.net.URL::toString@1
                      ; - java.lang.ClassLoader::defineClassSourceLocation@22
                      ; - java.lang.ClassLoader::defineClass@12
                      ; - java.security.SecureClassLoader::defineClass@12
  0x000001d1d2209b20: 7c58 f4ff 

  0x000001d1d2209b24: ;   {other}
  0x000001d1d2209b24: 0f1f 8400 | 940b 0003 | 488b 5424 | 284c 8b44 | 2430 4c8b | 4c24 388b | 7c24 408b | 7424 4448 
  0x000001d1d2209b44: 8b8c 2490 | 0000 0048 | 8904 2490 

  0x000001d1d2209b50: ;   {static_call}
  0x000001d1d2209b50: c5f8 77e8 

  0x000001d1d2209b54: ; ImmutableOopMap {[40]=Oop [72]=Oop [144]=Oop }
                      ;*invokestatic defineClass1 {reexecute=0 rethrow=0 return_oop=1}
                      ; - java.lang.ClassLoader::defineClass@27
                      ; - java.security.SecureClassLoader::defineClass@12
  0x000001d1d2209b54: 08cd d7ff 

  0x000001d1d2209b58: ;   {other}
  0x000001d1d2209b58: 0f1f 8400 | c80b 0004 | 4c8b f044 | 8b50 3c45 | 85d2 7412 | 498b da49 | bd00 0079 | d9d1 0100 
  0x000001d1d2209b78: 00e9 6b04 | 0000 4c8b | 5010 458b | 5a08 4585 | db0f 8ce5 | 1500 0044 | 8b50 2c45 | 85d2 0f84 
  0x000001d1d2209b98: 9809 0000 | 498b c244 | 8b48 1445 | 8b59 0c44 | 0fbe 5010 | c4c2 2af7 | cb44 8bc1 | 41ff c866 
  0x000001d1d2209bb8: 0f1f 8400 | 0000 0000 | 4585 d20f | 856b 1900 | 004d 8bd1 | 4c89 9424 | 8800 0000 | 458b d341 
  0x000001d1d2209bd8: ffca 453b | d045 0f4f | d045 85d2 | 0f8c fb0a | 0000 4585 | db0f 8655 | 1500 0045 | 3bd3 0f83 
  0x000001d1d2209bf8: 4c15 0000 | 0f1f 4000 | 4585 d20f | 8e8b 1500 | 0045 8bc2 

  0x000001d1d2209c0c: ;   {oop(""{0x0000000080065a20})}
  0x000001d1d2209c0c: 41ff c848 | bb20 5a06 | 8000 0000 | 0049 bd00 | 0079 d9d1 | 0100 0043 | 0fbe 5411 | 1083 fa2e 
  0x000001d1d2209c2c: 0f84 860a | 0000 41ff | ca45 3bd0 | 7fe9 660f | 1f44 0000 | 4183 fa02 | 0f8e a000 | 0000 418d 
  0x000001d1d2209c4c: 6afe 4183 | fa02 0f4c | 6c24 2081 | fda0 0f00 | 0041 b8a0 | 0f00 0041 | 0f47 e841 | 8bd2 2bd5 
  0x000001d1d2209c6c: 0f1f 4000 | 4963 fa45 | 0fbe 4439 | 100f 1f80 | 0000 0000 | 4183 f82e | 0f84 8e00 | 0000 450f 
  0x000001d1d2209c8c: be44 390f | 4183 f82e | 0f84 8300 | 0000 458d | 42fe 430f | be6c 0110 | 83fd 2e0f | 8476 0000 
  0x000001d1d2209cac: 0045 8d42 | fd43 0fbe | 6c01 1066 | 0f1f 8400 | 0000 0000 | 83fd 2e0f | 845a 0000 | 0041 83c2 
  0x000001d1d2209ccc: fc44 3bd2 | 7f9e 498b | af58 0400 

  0x000001d1d2209cd8: ; ImmutableOopMap {r9=NarrowOop rbx=Oop rax=Oop r14=Oop [40]=Oop [72]=Oop [136]=Oop }
                      ;*goto {reexecute=1 rethrow=0 return_oop=0}
                      ; - (reexecute) java.lang.StringLatin1::lastIndexOf@35
                      ; - java.lang.String::lastIndexOf@13
                      ; - java.lang.String::lastIndexOf@8
                      ; - java.lang.Class::getPackageName@47
                      ; - java.lang.ClassLoader::postDefineClass@2
                      ; - java.lang.ClassLoader::defineClass@37
                      ; - java.security.SecureClassLoader::defineClass@12
                      ;   {poll}
  0x000001d1d2209cd8: 0085 4500 | 0f1f 4000 | 4183 fa02 | 0f8f 60ff | ffff 4183 | faff 0f8e | 050a 0000 | 470f be44 
  0x000001d1d2209cf8: 1110 660f | 1f44 0000 | 4183 f82e | 0f84 7617 | 0000 41ff | ca41 83fa | ff7f e1e9 | e109 0000 
  0x000001d1d2209d18: 458b c2eb | 0645 8bc2 | 41ff c841 | 83f8 ff0f | 8474 0200 | 0045 85c0 | 0f8c 5a18 | 0000 443b 
  0x000001d1d2209d38: c10f 8f8d | 1800 0090 | 443b c10f | 8416 0800 | 0045 85c0 | 0f84 4b0d | 0000 498b | 9fb8 0100 
  0x000001d1d2209d58: 004c 8bd3 | 4983 c218 | 4d3b 97c8 | 0100 000f | 831e 1000 | 004d 8997 | b801 0000 | 410f 0d8a 
  0x000001d1d2209d78: c000 0000 | 48c7 0301 

  0x000001d1d2209d80: ;   {metadata('java/lang/String')}
  0x000001d1d2209d80: 0000 00c7 | 4308 78e8 | 0000 4489 | 630c 4c89 | 6310 4d8d | 5110 453b | c30f 8596 | 0000 004d 
  0x000001d1d2209da0: 63c3 4181 | fb00 0010 | 000f 8761 | 1100 0049 | 8bb7 b801 | 0000 498d | 4817 4883 | e1f8 488b 
  0x000001d1d2209dc0: fe48 03f9 | 493b bfc8 | 0100 000f | 833f 1100 | 0049 89bf | b801 0000 | 0f0d 8fc0 | 0000 0048 
  0x000001d1d2209de0: c706 0100 | 0000 0f0d | 8f00 0100 

  0x000001d1d2209dec: ;   {metadata({type array byte})}
  0x000001d1d2209dec: 00c7 4608 | 1823 0000 | 4489 5e0c | 0f0d 8f40 | 0100 000f | 0d8f 8001 | 0000 488b | d648 83c2 
  0x000001d1d2209e0c: 1049 83c0 | 0749 c1e8 | 0349 8bca | c5f8 7749 | ba60 4b9c | d1d1 0100 | 0041 ffd2 

  0x000001d1d2209e28: ;   {other}
  0x000001d1d2209e28: 0f1f 8400 | 0000 0000 | e9fd 0000 | 0066 6666 | 0f1f 8400 | 0000 0000 | 4181 f800 | 0010 000f 
  0x000001d1d2209e48: 876d 1500 | 0049 63c0 | 453b d841 | 8beb 410f | 4fe8 660f | 1f44 0000 | 443b dd0f | 82c8 1500 
  0x000001d1d2209e68: 0044 3bc5 | 0f82 bf15 | 0000 4883 | c017 4c8b | c849 83e1 | f866 6690 | 4181 f800 | 0010 000f 
  0x000001d1d2209e88: 8784 0f00 | 0049 8bb7 | b801 0000 | 4c8b de4d | 03d9 660f | 1f44 0000 | 4d3b 9fc8 | 0100 000f 
  0x000001d1d2209ea8: 8364 0f00 | 004d 899f | b801 0000 | 410f 0d8b | c000 0000 | 48c7 0601 | 0000 0041 | 0f0d 8b00 
  0x000001d1d2209ec8: ;   {metadata({type array byte})}
  0x000001d1d2209ec8: 0100 00c7 | 4608 1823 | 0000 4489 | 460c 410f | 0d8b 4001 | 0000 410f | 0d8b 8001 | 0000 4c8b 
  0x000001d1d2209ee8: de49 83c3 | 1048 c1e8 | 0385 ed0f | 84cc 1400 | 000f 1f80 | 0000 0000 | 413b e80f | 8c6e 0a00 
  0x000001d1d2209f08: 0049 83c1 | f049 c1e9 | 0349 8bca | 498b d34d | 8bc1 c5f8 | 7749 ba60 | 4b9c d1d1 | 0100 0041 
  0x000001d1d2209f28: ;   {other}
  0x000001d1d2209f28: ffd2 0f1f | 8400 0000 | 0000 4180 | 7f40 000f | 85b3 0900 | 004c 8bd3 | 4c8b c644 | 8943 144c 
  0x000001d1d2209f48: 8bde 4d33 | da49 c1eb | 144d 85db | 741a 49c1 | ea09 48b9 | 0000 79d9 | d101 0000 | 4903 ca80 
  0x000001d1d2209f68: 3902 0f85 | b509 0000 | 4488 6310 | 4c89 6c24 | 4048 8bd3 | 4c89 7424 | 3066 6690 

  0x000001d1d2209f84: ;   {optimized virtual_call}
  0x000001d1d2209f84: c5f8 77e8 

  0x000001d1d2209f88: ; ImmutableOopMap {[40]=Oop [48]=Oop [72]=Oop }
                      ;*invokevirtual intern {reexecute=0 rethrow=0 return_oop=1}
                      ; - java.lang.Class::getPackageName@65
                      ; - java.lang.ClassLoader::postDefineClass@2
                      ; - java.lang.ClassLoader::defineClass@37
                      ; - java.security.SecureClassLoader::defineClass@12
  0x000001d1d2209f88: 54da d3ff 

  0x000001d1d2209f8c: ;   {other}
  0x000001d1d2209f8c: 0f1f 8400 | fc0f 0006 | 488b d84c | 8b6c 2440 | 4c8b 7424 | 3041 807f | 4000 0f85 | b908 0000 
  0x000001d1d2209fac: 4c8b db45 | 895e 3c4d | 8bd6 4c8b | db4d 33da | 49c1 eb14 | 4d85 db74 | 2448 85db | 741f 49c1 
  0x000001d1d2209fcc: ea09 48b9 | 0000 79d9 | d101 0000 | 4903 ca0f | 1f44 0000 | 8039 020f | 85b6 0800 | 004c 8b54 
  0x000001d1d2209fec: 2428 458b | 5238 4585 | d20f 84a1 | 0f00 004c | 8bdb 6690 

  0x000001d1d220a000: ; implicit exception: dispatches to 0x000001d1d220b8e4
  0x000001d1d220a000: 8b43 0c45 | 8b4e 3085 | c00f 84a1 | 0400 0041 | 8b4a 2885 | c90f 84fd | 0000 0044 | 8b41 0c90 
  0x000001d1d220a020: 4585 c00f | 861f 1200 | 0044 8bd0 | 41c1 ea10 | 4433 d041 | ffc8 4181 | e2ff ffff | 7f45 23c2 
  0x000001d1d220a040: 4d63 c046 | 8b44 8110 | 4585 c00f | 84c7 0000 | 0041 8b68 | 0c41 3bea | 0f84 bf02 | 0000 6690 
  0x000001d1d220a060: 85ed 0f8c | 2416 0000 | 418b 4818 | 85c9 0f84 | a400 0000 | 488b d949 | 8b97 5804 | 0000 8b4b 
  0x000001d1d220a080: ; ImmutableOopMap {r11=Oop r9=NarrowOop rbx=Oop r14=Oop [40]=Oop [72]=Oop }
                      ;*if_icmpne {reexecute=1 rethrow=0 return_oop=0}
                      ; - (reexecute) java.util.concurrent.ConcurrentHashMap::get@127
                      ; - java.lang.ClassLoader::getNamedPackage@5
                      ; - java.lang.ClassLoader::postDefineClass@9
                      ; - java.lang.ClassLoader::defineClass@37
                      ; - java.security.SecureClassLoader::defineClass@12
                      ;   {poll}
  0x000001d1d220a080: 0c85 0241 | 3bca 7410 | 8b4b 1885 | c90f 8485 | 0000 0048 | 8bd9 ebdf | 8b6b 104c | 8bc5 6690 
  0x000001d1d220a0a0: 4d3b c30f | 8464 0000 | 0085 ed0f | 846f 1600 | 0048 895c | 2450 4489 | 5424 4444 | 894c 2440 
  0x000001d1d220a0c0: 4c89 7424 | 304c 896c | 2420 4c8b | c549 8bd3 | 498b eb90 

  0x000001d1d220a0d4: ;   {optimized virtual_call}
  0x000001d1d220a0d4: c5f8 77e8 

  0x000001d1d220a0d8: ; ImmutableOopMap {rbp=Oop [40]=Oop [48]=Oop [64]=NarrowOop [72]=Oop [80]=Oop }
                      ;*invokevirtual equals {reexecute=0 rethrow=0 return_oop=0}
                      ; - java.util.concurrent.ConcurrentHashMap::get@149
                      ; - java.lang.ClassLoader::getNamedPackage@5
                      ; - java.lang.ClassLoader::postDefineClass@9
                      ; - java.lang.ClassLoader::defineClass@37
                      ; - java.security.SecureClassLoader::defineClass@12
  0x000001d1d220a0d8: 645a d3ff 

  0x000001d1d220a0dc: ;   {other}
  0x000001d1d220a0dc: 0f1f 8400 | 4c11 0008 | 4d8b 9758 

  0x000001d1d220a0e8: ; ImmutableOopMap {rbp=Oop [40]=Oop [48]=Oop [64]=NarrowOop [72]=Oop [80]=Oop }
                      ;*ifeq {reexecute=1 rethrow=0 return_oop=0}
                      ; - (reexecute) java.util.concurrent.ConcurrentHashMap::get@152
                      ; - java.lang.ClassLoader::getNamedPackage@5
                      ; - java.lang.ClassLoader::postDefineClass@9
                      ; - java.lang.ClassLoader::defineClass@37
                      ; - java.security.SecureClassLoader::defineClass@12
                      ;   {poll}
  0x000001d1d220a0e8: 0400 0041 | 8502 85c0 | 0f84 3509 | 0000 4c8b | 6c24 204c | 8b74 2430 | 4c8b dd44 | 8b4c 2440 
  0x000001d1d220a108: 488b 5c24 | 508b 6b14 | 85ed 0f85 | 3203 0000 | 498b 87b8 | 0100 004c | 8bd0 4983 | c218 4d3b 
  0x000001d1d220a128: 97c8 0100 | 000f 83a8 | 0c00 004d | 8997 b801 | 0000 410f | 0d8a c000 | 0000 48c7 | 0001 0000 
  0x000001d1d220a148: ;   {metadata('java/lang/NamedPackage')}
  0x000001d1d220a148: 00c7 4008 | e8c0 0100 | 4489 600c | 4c89 6010 | 4c89 6c24 | 204c 8974 | 2430 4c89 | 5c24 3844 
  0x000001d1d220a168: 894c 2440 | 4889 4424 | 5048 8b54 | 2438 6690 

  0x000001d1d220a178: ;   {optimized virtual_call}
  0x000001d1d220a178: c5f8 77e8 

  0x000001d1d220a17c: ; ImmutableOopMap {[40]=Oop [48]=Oop [56]=Oop [64]=NarrowOop [72]=Oop [80]=Oop }
                      ;*invokevirtual isEmpty {reexecute=0 rethrow=0 return_oop=0}
                      ; - java.lang.NamedPackage::<init>@5
                      ; - java.lang.ClassLoader::getNamedPackage@22
                      ; - java.lang.ClassLoader::postDefineClass@9
                      ; - java.lang.ClassLoader::defineClass@37
                      ; - java.security.SecureClassLoader::defineClass@12
  0x000001d1d220a17c: c036 dbff 

  0x000001d1d220a180: ;   {other}
  0x000001d1d220a180: 0f1f 8400 | f011 000a | 85c0 0f84 | e303 0000 | 448b 5424 | 4045 85d2 | 0f84 ca12 | 0000 4c89 
  0x000001d1d220a1a0: 5424 5849 | 8bd2 6690 

  0x000001d1d220a1a8: ;   {optimized virtual_call}
  0x000001d1d220a1a8: c5f8 77e8 

  0x000001d1d220a1ac: ; ImmutableOopMap {[40]=Oop [48]=Oop [56]=Oop [64]=NarrowOop [72]=Oop [80]=Oop [88]=Oop }
                      ;*invokevirtual isNamed {reexecute=0 rethrow=0 return_oop=0}
                      ; - java.lang.NamedPackage::<init>@12
                      ; - java.lang.ClassLoader::getNamedPackage@22
                      ; - java.lang.ClassLoader::postDefineClass@9
                      ; - java.lang.ClassLoader::defineClass@37
                      ; - java.security.SecureClassLoader::defineClass@12
  0x000001d1d220a1ac: 1024 3df8 

  0x000001d1d220a1b0: ;   {other}
  0x000001d1d220a1b0: 0f1f 8400 | 2012 000b | 0f1f 8400 | 0000 0000 | 85c0 0f84 | ab03 0000 | 498b 87b8 | 0100 004c 
  0x000001d1d220a1d0: 8bd0 4983 | c228 6666 | 0f1f 8400 | 0000 0000 | 4d3b 97c8 | 0100 000f | 83b0 0c00 | 004d 8997 
  0x000001d1d220a1f0: b801 0000 | 410f 0d8a | c000 0000 | 48c7 0001 

  0x000001d1d220a200: ;   {metadata('java/lang/InternalError')}
  0x000001d1d220a200: 0000 00c7 | 4008 3807 | 0100 4489 | 600c 4c89 | 6010 4c89 | 6018 4c89 | 6020 4889 | 4424 7049 
  0x000001d1d220a220: 8b87 b801 | 0000 4c8b | d049 83c2 | 184d 3b97 | c801 0000 | 0f83 440c | 0000 4d89 | 97b8 0100 
  0x000001d1d220a240: 0041 0f0d | 8ac0 0000 | 0048 c700 | 0100 0000 

  0x000001d1d220a250: ;   {metadata('java/lang/StringBuilder')}
  0x000001d1d220a250: c740 0840 | 8000 0044 | 8960 0c4c | 8960 1048 | 8be8 488b | d54c 8b54 | 2470 4c89 | 5424 6890 
  0x000001d1d220a270: ;   {optimized virtual_call}
  0x000001d1d220a270: c5f8 77e8 

  0x000001d1d220a274: ; ImmutableOopMap {rbp=Oop [40]=Oop [48]=Oop [56]=Oop [64]=NarrowOop [72]=Oop [80]=Oop [88]=Oop [104]=Oop [112]=Oop }
                      ;*invokespecial <init> {reexecute=0 rethrow=0 return_oop=0}
                      ; - java.lang.NamedPackage::<init>@26
                      ; - java.lang.ClassLoader::getNamedPackage@22
                      ; - java.lang.ClassLoader::postDefineClass@9
                      ; - java.lang.ClassLoader::defineClass@37
                      ; - java.security.SecureClassLoader::defineClass@12
  0x000001d1d220a274: 0848 7dff 

  0x000001d1d220a278: ;   {other}
  0x000001d1d220a278: 0f1f 8400 | e812 000c 

  0x000001d1d220a280: ;   {oop("unnamed package in  "{0x0000000081540e00})}
  0x000001d1d220a280: 49b8 000e | 5481 0000 | 0000 488b | d54c 8b54 | 2468 4c89 | 5424 6090 

  0x000001d1d220a298: ;   {optimized virtual_call}
  0x000001d1d220a298: c5f8 77e8 

  0x000001d1d220a29c: ; ImmutableOopMap {[40]=Oop [48]=Oop [56]=Oop [64]=NarrowOop [72]=Oop [80]=Oop [88]=Oop [96]=Oop [104]=Oop }
                      ;*invokevirtual append {reexecute=0 rethrow=0 return_oop=1}
                      ; - java.lang.NamedPackage::<init>@31
                      ; - java.lang.ClassLoader::getNamedPackage@22
                      ; - java.lang.ClassLoader::postDefineClass@9
                      ; - java.lang.ClassLoader::defineClass@37
                      ; - java.security.SecureClassLoader::defineClass@12
  0x000001d1d220a29c: e047 7dff 

  0x000001d1d220a2a0: ;   {other}
  0x000001d1d220a2a0: 0f1f 8400 | 1013 000d | 4885 c00f | 84d7 1100 | 0048 8bd0 | 4c8b 4424 | 584c 8b54 | 2460 4c89 
  0x000001d1d220a2c0: 5424 2090 

  0x000001d1d220a2c4: ;   {optimized virtual_call}
  0x000001d1d220a2c4: c5f8 77e8 

  0x000001d1d220a2c8: ; ImmutableOopMap {[32]=Oop [40]=Oop [48]=Oop [56]=Oop [64]=NarrowOop [72]=Oop [80]=Oop [96]=Oop }
                      ;*invokevirtual append {reexecute=0 rethrow=0 return_oop=1}
                      ; - java.lang.NamedPackage::<init>@35
                      ; - java.lang.ClassLoader::getNamedPackage@22
                      ; - java.lang.ClassLoader::postDefineClass@9
                      ; - java.lang.ClassLoader::defineClass@37
                      ; - java.security.SecureClassLoader::defineClass@12
  0x000001d1d220a2c8: b447 7dff 

  0x000001d1d220a2cc: ;   {other}
  0x000001d1d220a2cc: 0f1f 8400 | 3c13 000e | 4885 c00f | 84c3 1100 | 0048 8bd0 

  0x000001d1d220a2e0: ;   {optimized virtual_call}
  0x000001d1d220a2e0: c5f8 77e8 

  0x000001d1d220a2e4: ; ImmutableOopMap {[32]=Oop [40]=Oop [48]=Oop [56]=Oop [64]=NarrowOop [72]=Oop [80]=Oop }
                      ;*invokevirtual toString {reexecute=0 rethrow=0 return_oop=1}
                      ; - java.lang.NamedPackage::<init>@38
                      ; - java.lang.ClassLoader::getNamedPackage@22
                      ; - java.lang.ClassLoader::postDefineClass@9
                      ; - java.lang.ClassLoader::defineClass@37
                      ; - java.security.SecureClassLoader::defineClass@12
  0x000001d1d220a2e4: 9847 7dff 

  0x000001d1d220a2e8: ;   {other}
  0x000001d1d220a2e8: 0f1f 8400 | 5813 000f | 488b 5424 | 204c 8bc0 

  0x000001d1d220a2f8: ;   {optimized virtual_call}
  0x000001d1d220a2f8: c5f8 77e8 

  0x000001d1d220a2fc: ; ImmutableOopMap {[32]=Oop [40]=Oop [48]=Oop [56]=Oop [64]=NarrowOop [72]=Oop [80]=Oop }
                      ;*invokespecial <init> {reexecute=0 rethrow=0 return_oop=0}
                      ; - java.lang.NamedPackage::<init>@41
                      ; - java.lang.ClassLoader::getNamedPackage@22
                      ; - java.lang.ClassLoader::postDefineClass@9
                      ; - java.lang.ClassLoader::defineClass@37
                      ; - java.security.SecureClassLoader::defineClass@12
  0x000001d1d220a2fc: 8047 7dff 

  0x000001d1d220a300: ;   {other}
  0x000001d1d220a300: 0f1f 8400 | 7013 0010 | 488b 5424 | 20c5 f877 | 4881 c4b0 | 0000 005d 

  0x000001d1d220a318: ;   {runtime_call _rethrow_Java}
  0x000001d1d220a318: e9e3 6b80 | ff41 8b68 | 1048 8bcd | 493b cb0f | 8411 0100 | 008b 5d08 | 488b fd4c | 3bdf 0f84 
  0x000001d1d220a338: 0201 0000 | 0f1f 4000 

  0x000001d1d220a340: ;   {metadata('java/lang/String')}
  0x000001d1d220a340: 81fb 78e8 | 0000 0f85 | a414 0000 | 410f be4b | 100f be6f | 103b cd0f | 85f3 1200 | 008b 7714 
  0x000001d1d220a360: 418b 7b14 | 8b5e 0c8b | 4f0c 3bcb | 0f85 4a11 | 0000 488b | de48 8d76 | 1048 8bdf | 488d 7f10 
  0x000001d1d220a380: 85c9 0f84 | 9d00 0000 | 8bc1 83e0 | 1f83 e1e0 | 0f84 4b00 | 0000 488d | 3c0f 488d | 340e 48f7 
  0x000001d1d220a3a0: d9c5 fe6f | 0c0f c5fe | 6f04 0ec5 | f5ef c8c4 | e27d 17c9 | 0f85 7200 | 0000 4883 | c120 75e1 
  0x000001d1d220a3c0: 85c0 0f84 | 5d00 0000 | c5fe 6f4c | 07e0 c5fe | 6f44 06e0 | c5f5 efc8 | c4e2 7d17 | c975 4deb 
  0x000001d1d220a3e0: 448b c883 | e1fc 7419 | 488d 3c0f | 488d 340e | 48f7 d98b | 1c0f 3b1c | 0e75 3148 | 83c1 0475 
  0x000001d1d220a400: f2a8 0274 | 120f b71f | 0fb7 0e3b | d975 1d48 | 8d7f 0248 | 8d76 02a8 | 0174 0a0f | b61f 0fb6 
  0x000001d1d220a420: 0e3b d975 | 07b8 0100 | 0000 eb02 | 33c0 c5f5 | efc9 c5fd | efc0 85c0 | 0f84 7a10 

  0x000001d1d220a43c: ;   {no_reloc}
  0x000001d1d220a43c: 0000 418b | 6814 85ed | 0f84 cefc | ffff 448b | 5d08 49ba | 0000 00df | d101 0000 | 4d03 d34d 
  0x000001d1d220a45c: ;   {metadata('java/lang/NamedPackage')}
  0x000001d1d220a45c: 8b52 3849 | bbe8 c001 | dfd1 0100 | 004d 3bd3 | 0f85 1e0c | 0000 4c8b | 5424 4845 | 8b52 1041 
  0x000001d1d220a47c: 8b6a 1490 | 85ed 0f85 | 6c10 0000 | 418b 6a10 | 85ed 0f85 | 8010 0000 | 498b c6c5 | f877 4881 
  0x000001d1d220a49c: c4b0 0000 

  0x000001d1d220a4a0: ;   {poll_return}
  0x000001d1d220a4a0: 005d 493b | a750 0400 | 000f 87b1 | 1600 00c3 | 0fb6 4b11 | 85c9 0f85 | 5905 0000 | 8b4b 1449 
  0x000001d1d220a4c0: 8bea 488b | d180 7b10 | 000f 85a3 | 0600 0044 | 894c 2450 | 4489 5424 | 2448 895c | 2440 4c89 
  0x000001d1d220a4e0: 7424 384c | 896c 2430 

  0x000001d1d220a4e8: ;   {static_call}
  0x000001d1d220a4e8: c5f8 77e8 

  0x000001d1d220a4ec: ; ImmutableOopMap {rbp=Oop [36]=NarrowOop [40]=Oop [56]=Oop [64]=Oop [72]=Oop [80]=NarrowOop }
                      ;*invokestatic hashCode {reexecute=0 rethrow=0 return_oop=0}
                      ; - java.lang.String::hashCode@27
                      ; - java.util.concurrent.ConcurrentHashMap::get@1
                      ; - java.lang.ClassLoader::getNamedPackage@5
                      ; - java.lang.ClassLoader::postDefineClass@9
                      ; - java.lang.ClassLoader::defineClass@37
                      ; - java.security.SecureClassLoader::defineClass@12
  0x000001d1d220a4ec: 5016 d5ff 

  0x000001d1d220a4f0: ;   {other}
  0x000001d1d220a4f0: 0f1f 8400 | 6015 0011 | 0f1f 8400 | 0000 0000 | 85c0 0f84 | 4506 0000 | 4c8b 5c24 | 4041 8943 
  0x000001d1d220a510: 0c4c 8b6c | 2430 4c8b | 7424 3844 | 8b54 2424 | 448b 4c24 | 50e9 e5fa | ffff 4c8b | 6c24 30e9 
  0x000001d1d220a530: 3cf5 ffff | 4889 4424 | 3048 8bd0 

  0x000001d1d220a53c: ;   {optimized virtual_call}
  0x000001d1d220a53c: c5f8 77e8 

  0x000001d1d220a540: ; ImmutableOopMap {[40]=Oop [48]=Oop [72]=Oop [144]=Oop }
                      ;*invokevirtual initClassName {reexecute=0 rethrow=0 return_oop=1}
                      ; - java.lang.Class::getName@14
                      ; - java.lang.Class::getPackageName@40
                      ; - java.lang.ClassLoader::postDefineClass@2
                      ; - java.lang.ClassLoader::defineClass@37
                      ; - java.security.SecureClassLoader::defineClass@12
  0x000001d1d220a540: 1caa d5ff 

  0x000001d1d220a544: ;   {other}
  0x000001d1d220a544: 0f1f 8400 | b415 0012 | 4885 c00f | 846f 1100 | 004c 8b74 | 2430 e940 | f6ff ff4c | 896c 2440 
  0x000001d1d220a564: 488b d8e9 | 0dfa ffff | 8bcf e96f | f2ff ff44 | 8b54 2440 | 498b ea48 | 8b54 2438 

  0x000001d1d220a580: ;   {optimized virtual_call}
  0x000001d1d220a580: c5f8 77e8 

  0x000001d1d220a584: ; ImmutableOopMap {rbp=Oop [40]=Oop [48]=Oop [56]=Oop [64]=NarrowOop [72]=Oop [80]=Oop }
                      ;*invokevirtual intern {reexecute=0 rethrow=0 return_oop=1}
                      ; - java.lang.NamedPackage::<init>@47
                      ; - java.lang.ClassLoader::getNamedPackage@22
                      ; - java.lang.ClassLoader::postDefineClass@9
                      ; - java.lang.ClassLoader::defineClass@37
                      ; - java.security.SecureClassLoader::defineClass@12
  0x000001d1d220a584: 58d4 d3ff 

  0x000001d1d220a588: ;   {other}
  0x000001d1d220a588: 0f1f 8400 | f815 0013 | 488b d841 | 807f 4000 | 0f85 0706 | 0000 4c8b | 5424 504c | 8954 2458 
  0x000001d1d220a5a8: 4c8b c34d | 8bd0 4c8b | 5c24 5845 | 8953 0c4d | 8bd3 4d8b | d84d 33da | 49c1 eb14 | 4d85 db74 
  0x000001d1d220a5c8: 204d 85c0 | 741b 49c1 | ea09 48b9 | 0000 79d9 | d101 0000 | 4903 ca90 | 8039 020f | 8540 0600 
  0x000001d1d220a5e8: 0041 807f | 4000 0f85 | f105 0000 | 448b 5c24 | 4044 895c | 2450 4c8b | 5424 5845 | 895a 104c 
  0x000001d1d220a608: 8bd5 4c8b | 5c24 584d | 33d3 49c1 | ea14 4d85 | d274 2044 | 8b44 2440 | 4585 c074 | 1649 c1eb 
  0x000001d1d220a628: 094c 8b44 | 2420 4d03 | c341 8038 | 020f 854a | 0600 004c | 8b54 2428 | 458b 5238 | 4585 d20f 
  0x000001d1d220a648: 848f 1000 | 0049 8bd2 | 4c8b 4424 | 384c 8b4c | 2458 6690 

  0x000001d1d220a65c: ;   {optimized virtual_call}
  0x000001d1d220a65c: c5f8 77e8 

  0x000001d1d220a660: ; ImmutableOopMap {[40]=Oop [48]=Oop [72]=Oop [80]=NarrowOop [88]=Oop }
                      ;*invokevirtual putIfAbsent {reexecute=0 rethrow=0 return_oop=1}
                      ; - java.lang.ClassLoader::getNamedPackage@32
                      ; - java.lang.ClassLoader::postDefineClass@9
                      ; - java.lang.ClassLoader::defineClass@37
                      ; - java.security.SecureClassLoader::defineClass@12
  0x000001d1d220a660: dcf7 deff 

  0x000001d1d220a664: ;   {other}
  0x000001d1d220a664: 0f1f 8400 | d416 0014 | 4885 c00f | 84aa 0500 | 0044 8b50 | 0849 bb00 | 0000 dfd1 | 0100 004d 
  0x000001d1d220a684: 03da 4d8b 

  0x000001d1d220a688: ;   {metadata('java/lang/NamedPackage')}
  0x000001d1d220a688: 5338 49bb | e8c0 01df | d101 0000 | 4d3b d30f | 8457 1000 | 00ba deff | ffff 488b | e866 6690 
  0x000001d1d220a6a8: ;   {runtime_call UncommonTrapBlob}
  0x000001d1d220a6a8: c5f8 77e8 

  0x000001d1d220a6ac: ; ImmutableOopMap {rbp=Oop }
                      ;*checkcast {reexecute=0 rethrow=0 return_oop=0}
                      ; - java.lang.ClassLoader::getNamedPackage@35
                      ; - java.lang.ClassLoader::postDefineClass@9
                      ; - java.lang.ClassLoader::defineClass@37
                      ; - java.security.SecureClassLoader::defineClass@12
  0x000001d1d220a6ac: d09c 7dff 

  0x000001d1d220a6b0: ;   {other}
  0x000001d1d220a6b0: 0f1f 8400 | 2017 0015 | 458b c20f | 1f44 0000 | e95e f6ff 

  0x000001d1d220a6c4: ;   {oop(""{0x0000000080065a20})}
  0x000001d1d220a6c4: ff49 bd20 | 5a06 8000 | 0000 00e9 | 9cf3 ffff | 33f6 b9ff | ffff ff0f | 1f44 0000 | e902 f1ff 
  0x000001d1d220a6e4: ;   {oop(""{0x0000000080065a20})}
  0x000001d1d220a6e4: ff48 bb20 | 5a06 8000 | 0000 0049 | bd00 0079 | d9d1 0100 | 0041 b8ff | ffff ff90 | e91e f6ff 
  0x000001d1d220a704: ff45 8b5d | 1445 85db | 0f84 2af3 | ffff 4d8b | 4728 498b | cb0f 1f80 | 0000 0000 | 4d85 c00f 
  0x000001d1d220a724: 8453 0c00 | 004d 8b5f | 384b 894c | 03f8 4983 | c0f8 4d89 | 4728 e9fd | f2ff ff4d | 8b57 484d 
  0x000001d1d220a744: 8b5f 58f0 | 8344 24c0 | 0080 3900 | 0f84 16f3 | ffff 4488 | 214d 85d2 | 7520 498b | d7c5 f877 
  0x000001d1d220a764: 49ba 40a3 | e3a1 f87f | 0000 41ff 

  0x000001d1d220a770: ;   {other}
  0x000001d1d220a770: d20f 1f84 | 0000 0000 | 00e9 eef2 | ffff 4b89 | 4c13 f849 | 83c2 f84d | 8957 48e9 | dcf2 ffff 
  0x000001d1d220a790: c4e1 f96e | c24c 896c | 2450 4489 | 7424 4848 | 895c 2420 | 4c8b df44 | 8bf6 4c63 | c549 8d48 
  0x000001d1d220a7b0: 1048 8bd1 | 4883 e2f8 | 498b fa48 | 03fa 498b | ea48 c1e9 | 034c 2bc9 | 498b c948 | 33c0 4883 
  0x000001d1d220a7d0: f908 7f10 | 48ff c978 | 4f48 8904 | cf48 ffc9 | 7df7 eb44 | c5f5 efc9 | e90d 0000 | 00c5 fe7f 
  0x000001d1d220a7f0: 0fc5 fe7f | 4f20 4883 | c740 4883 | e908 7ded | 4883 c104 | 7c0c c5fe | 7f0f 4883 | c720 4883 
  0x000001d1d220a810: e904 4883 | c104 7e10 | 48ff c9c5 | f9d6 0f48 | 83c7 0848 | ffc9 7df3 | 498b cbc4 | e1f9 7ec2 
  0x000001d1d220a830: c5f8 7749 | bac0 449c | d1d1 0100 | 0041 ffd2 

  0x000001d1d220a840: ;   {other}
  0x000001d1d220a840: 0f1f 8400 | 0000 0000 | 418b f648 | 8b5c 2420 | 448b 7424 | 484c 8b6c | 2450 4c8b | d566 6690 
  0x000001d1d220a860: e9cc f1ff | ff45 8b56 | 3c45 85d2 | 0f84 3af7 | ffff 4d8b | 5f28 498b | ca0f 1f80 | 0000 0000 
  0x000001d1d220a880: 4d85 db0f | 84e7 0c00 | 004d 8b57 | 384b 894c | 1af8 4983 | c3f8 4d89 | 5f28 e90d | f7ff ff4d 
  0x000001d1d220a8a0: 8b57 584d | 8b5f 48f0 | 8344 24c0 | 0080 3900 | 0f84 33f7 | ffff 4488 | 214d 85db | 7520 498b 
  0x000001d1d220a8c0: d7c5 f877 | 49ba 40a3 | e3a1 f87f | 0000 41ff 

  0x000001d1d220a8d0: ;   {other}
  0x000001d1d220a8d0: d20f 1f84 | 0000 0000 | 00e9 0bf7 | ffff 4b89 | 4c1a f849 | 83c3 f84d | 895f 48e9 | f9f6 ffff 
  0x000001d1d220a8f0: 448b 5314 | 4585 d20f | 8440 f6ff | ff4d 8b5f | 2849 8bca | 4d85 db0f | 84ff 0c00 | 004d 8b57 
  0x000001d1d220a910: 384b 894c | 1af8 4983 | c3f8 4d89 | 5f28 6690 | e918 f6ff | ff4d 8b57 | 484d 8b5f | 58f0 8344 
  0x000001d1d220a930: 24c0 0080 | 3900 0f84 | 34f6 ffff | 4488 2190 | 4d85 d275 | 2049 8bd7 | c5f8 7749 | ba40 a3e3 
  0x000001d1d220a950: a1f8 7f00 | 0041 ffd2 

  0x000001d1d220a958: ;   {other}
  0x000001d1d220a958: 0f1f 8400 | 0000 0000 | e90b f6ff | ff4b 894c | 13f8 4983 | c2f8 4d89 | 5748 e9f9 | f5ff ff4c 
  0x000001d1d220a978: 63c5 4d8d | 4810 498b | c948 83e1 | f848 8bfe | 4803 f949 | c1e9 0349 | 2bc1 488b | c848 33c0 
  0x000001d1d220a998: 4883 f908 | 7f10 48ff | c978 4f48 | 8904 cf48 | ffc9 7df7 | eb44 c5fd | efc0 e90d | 0000 00c5 
  0x000001d1d220a9b8: fe7f 07c5 | fe7f 4720 | 4883 c740 | 4883 e908 | 7ded 4883 | c104 7c0c | c5fe 7f07 | 4883 c720 
  0x000001d1d220a9d8: 4883 e904 | 4883 c104 | 7e10 48ff | c9c5 f9d6 | 0748 83c7 | 0848 ffc9 | 7df3 498b | ca49 8bd3 
  0x000001d1d220a9f8: c5f8 7749 | bac0 449c | d1d1 0100 | 0041 ffd2 

  0x000001d1d220aa08: ;   {other}
  0x000001d1d220aa08: 0f1f 8400 | 0000 0000 | e91d f5ff | ff33 c0e9 | f3f5 ffff 

  0x000001d1d220aa1c: ;   {oop(""{0x0000000080065a20})}
  0x000001d1d220aa1c: 49bd 205a | 0680 0000 | 0000 e945 | f0ff ff4c | 8b6c 2420 | 4c8b 7424 | 304c 8bdd | 448b 4c24 
  0x000001d1d220aa3c: 4044 8b54 | 2444 4c8b | 4424 50e9 | 1cf6 ffff 

  0x000001d1d220aa4c: ;   {metadata('java/security/SecureClassLoader$CodeSourceKey')}
  0x000001d1d220aa4c: 48ba b8b4 | 11df d101 | 0000 6690 

  0x000001d1d220aa58: ;   {runtime_call _new_instance_Java}
  0x000001d1d220aa58: c5f8 77e8 

  0x000001d1d220aa5c: ; ImmutableOopMap {rbp=Oop [40]=Oop [48]=Oop [56]=Oop }
                      ;*new {reexecute=0 rethrow=0 return_oop=1}
                      ; - java.security.SecureClassLoader::getProtectionDomain@6
                      ; - java.security.SecureClassLoader::defineClass@9
  0x000001d1d220aa5c: a05e 80ff 

  0x000001d1d220aa60: ;   {other}
  0x000001d1d220aa60: 0f1f 8400 | d01a 0016 | 4c8b c0e9 | fbe9 ffff 

  0x000001d1d220aa70: ;   {metadata('java/security/SecureClassLoader$1')}
  0x000001d1d220aa70: 48ba 50ba | 11df d101 | 0000 4c89 | 4424 5090 

  0x000001d1d220aa80: ;   {runtime_call _new_instance_Java}
  0x000001d1d220aa80: c5f8 77e8 

  0x000001d1d220aa84: ; ImmutableOopMap {rbp=NarrowOop [40]=Oop [48]=Oop [56]=Oop [80]=Oop }
                      ;*new {reexecute=0 rethrow=0 return_oop=1}
                      ; - java.security.SecureClassLoader::getProtectionDomain@20
                      ; - java.security.SecureClassLoader::defineClass@9
  0x000001d1d220aa84: 785e 80ff 

  0x000001d1d220aa88: ;   {other}
  0x000001d1d220aa88: 0f1f 8400 | f81a 0017 | 4c8b c84c | 8b44 2450 | e917 eaff 

  0x000001d1d220aa9c: ;   {oop(""{0x0000000080065a20})}
  0x000001d1d220aa9c: ff48 bb20 | 5a06 8000 | 0000 00e9 | c8f4 ffff | 894c 2478 | 4489 7424 | 5c48 895c | 2470 4c89 
  0x000001d1d220aabc: 4424 68c5 | fb11 4424 | 6089 7424 | 5844 895c | 2454 4489 | 5424 504c | 8b94 2490 | 0000 004c 
  0x000001d1d220aadc: 8954 2448 | 4c8b 5424 | 304c 8954 | 2420 488b 

  0x000001d1d220aaec: ;   {metadata('java/lang/String')}
  0x000001d1d220aaec: 6c24 2848 | ba78 e800 | dfd1 0100 | 0066 6690 

  0x000001d1d220aafc: ;   {runtime_call _new_instance_Java}
  0x000001d1d220aafc: c5f8 77e8 

  0x000001d1d220ab00: ; ImmutableOopMap {rbp=Oop [32]=Oop [56]=Oop [72]=Oop [80]=NarrowOop [92]=NarrowOop [96]=Oop [104]=Derived_oop_[96] [112]=Oop [144]=Oop }
                      ;*new {reexecute=0 rethrow=0 return_oop=1}
                      ; - java.lang.StringLatin1::newString@7
                      ; - java.lang.String::substring@41
                      ; - java.lang.ClassLoader::checkCerts@21
                      ; - java.lang.ClassLoader::preDefineClass@113
                      ; - java.lang.ClassLoader::defineClass@4
                      ; - java.security.SecureClassLoader::defineClass@12
  0x000001d1d220ab00: fc5d 80ff 

  0x000001d1d220ab04: ;   {other}
  0x000001d1d220ab04: 0f1f 8400 | 741b 0018 | 4889 6c24 | 284c 8b54 | 2420 4c89 | 5424 3044 | 8b54 2450 | 448b 5c24 
  0x000001d1d220ab24: 548b 7424 | 58c5 fb10 | 4424 604c | 8b4c 2468 | 488b 5c24 | 7044 8b74 | 245c 8b4c | 2478 4c8b 
  0x000001d1d220ab44: e84d 8bc1 | e90f edff | ff4c 8b5c | 2440 41c6 | 4311 0133 | c04c 8b6c | 2430 4c8b | 7424 3844 
  0x000001d1d220ab64: 8b54 2424 | 448b 4c24 | 50e9 9df4 | ffff 4489 | 4c24 5044 | 8954 2424 | 4889 5c24 | 404c 8974 
  0x000001d1d220ab84: 2438 4c89 | 6c24 3090 

  0x000001d1d220ab8c: ;   {static_call}
  0x000001d1d220ab8c: c5f8 77e8 

  0x000001d1d220ab90: ; ImmutableOopMap {rbp=Oop [36]=NarrowOop [40]=Oop [56]=Oop [64]=Oop [72]=Oop [80]=NarrowOop }
                      ;*invokestatic hashCode {reexecute=0 rethrow=0 return_oop=0}
                      ; - java.lang.String::hashCode@37
                      ; - java.util.concurrent.ConcurrentHashMap::get@1
                      ; - java.lang.ClassLoader::getNamedPackage@5
                      ; - java.lang.ClassLoader::postDefineClass@9
                      ; - java.lang.ClassLoader::defineClass@37
                      ; - java.security.SecureClassLoader::defineClass@12
  0x000001d1d220ab90: ec44 7dff 

  0x000001d1d220ab94: ;   {other}
  0x000001d1d220ab94: 0f1f 8400 | 041c 0019 | 0f1f 4000 | e953 f9ff | ff4c 8b54 | 2450 4c89 | 5424 5845 | 8b5a 0c45 
  0x000001d1d220abb4: 85db 0f84 | ecf9 ffff | 4d8b 5728 | 498b cb4d | 85d2 0f84 | ac0b 0000 | 4d8b 5f38 | 4b89 4c13 
  0x000001d1d220abd4: f849 83c2 | f84d 8957 | 2866 6690 | e9c3 f9ff | ff4c 8b54 | 2458 458b | 5210 4585 | d20f 84fd 
  0x000001d1d220abf4: f9ff ff4d | 8b5f 2849 | 8bca 6690 | 4d85 db0f | 844f 0b00 | 004d 8b57 | 384b 894c | 1af8 4983 
  0x000001d1d220ac14: c3f8 4d89 | 5f28 e9d5 | f9ff ff4c | 8b74 2430 | e949 f8ff | ff4d 8b57 | 584d 8b5f | 48f0 8344 
  0x000001d1d220ac34: 24c0 0066 | 0f1f 8400 | 0000 0000 | 8039 000f | 84a0 f9ff | ff44 8821 | 4d85 db75 | 2049 8bd7 
  0x000001d1d220ac54: c5f8 7749 | ba40 a3e3 | a1f8 7f00 | 0041 ffd2 

  0x000001d1d220ac64: ;   {other}
  0x000001d1d220ac64: 0f1f 8400 | 0000 0000 | e978 f9ff | ff4b 894c | 1af8 4983 | c3f8 4d89 | 5f48 6690 | e964 f9ff 
  0x000001d1d220ac84: ff4d 8b57 | 484d 8b5f | 58f0 8344 | 24c0 0041 | 8038 000f | 849e f9ff | ff45 8820 | 4d85 d275 
  0x000001d1d220aca4: 2349 8bc8 | 498b d7c5 | f877 49ba | 40a3 e3a1 | f87f 0000 

  0x000001d1d220acb8: ;   {other}
  0x000001d1d220acb8: 41ff d20f | 1f84 0000 | 0000 00e9 | 73f9 ffff | 4f89 4413 | f849 83c2 | f84d 8957 | 48e9 61f9 
  0x000001d1d220acd8: ffff 4c89 | 8424 8800 | 0000 4c89 | 8c24 8000 | 0000 4c89 | 6c24 7889 | 4c24 7044 | 8974 2454 
  0x000001d1d220acf8: 4889 5c24 | 6848 897c | 2460 c5fb | 1144 2458 | 8974 2450 | 4c8b 9424 | 9000 0000 | 4c89 5424 
  0x000001d1d220ad18: 484c 8b54 | 2428 4c89 

  0x000001d1d220ad20: ;   {metadata({type array byte})}
  0x000001d1d220ad20: 5424 2048 | ba18 2300 | dfd1 0100 | 0044 8bc1 

  0x000001d1d220ad30: ;   {runtime_call _new_array_nozero_Java}
  0x000001d1d220ad30: c5f8 77e8 

  0x000001d1d220ad34: ; ImmutableOopMap {[32]=Oop [48]=Oop [56]=Oop [72]=Oop [84]=NarrowOop [88]=Oop [96]=Derived_oop_[88] [104]=Oop [120]=Oop }
                      ;*newarray {reexecute=0 rethrow=0 return_oop=1}
                      ; - java.util.Arrays::copyOfRangeByte@10
                      ; - java.util.Arrays::copyOfRange@13
                      ; - java.lang.StringLatin1::newString@16
                      ; - java.lang.String::substring@41
                      ; - java.lang.ClassLoader::checkCerts@21
                      ; - java.lang.ClassLoader::preDefineClass@113
                      ; - java.lang.ClassLoader::defineClass@4
                      ; - java.security.SecureClassLoader::defineClass@12
  0x000001d1d220ad34: 4855 80ff 

  0x000001d1d220ad38: ;   {other}
  0x000001d1d220ad38: 0f1f 8400 | a81d 001a | 4c8b 5c24 | 204c 895c | 2428 4c8b | 5c24 484c | 899c 2490 | 0000 008b 
  0x000001d1d220ad58: 7424 5048 | 8b7c 2460 | 488b 5c24 | 6844 8b74 | 2454 8b4c | 2470 4c8b | 6c24 784c | 8b8c 2480 
  0x000001d1d220ad78: 0000 004c | 8b84 2488 | 0000 004c | 8bd0 e95c | ecff ff44 | 8944 243c | 4489 5c24 | 3844 894c 
  0x000001d1d220ad98: 2424 4c89 | 7424 3049 

  0x000001d1d220ada0: ;   {metadata('java/lang/String')}
  0x000001d1d220ada0: 8bed 48ba | 78e8 00df | d101 0000 

  0x000001d1d220adac: ;   {runtime_call _new_instance_Java}
  0x000001d1d220adac: c5f8 77e8 

  0x000001d1d220adb0: ; ImmutableOopMap {[36]=NarrowOop [40]=Oop [48]=Oop [72]=Oop [136]=Oop }
                      ;*new {reexecute=0 rethrow=0 return_oop=1}
                      ; - java.lang.StringLatin1::newString@7
                      ; - java.lang.String::substring@41
                      ; - java.lang.Class::getPackageName@62
                      ; - java.lang.ClassLoader::postDefineClass@2
                      ; - java.lang.ClassLoader::defineClass@37
                      ; - java.security.SecureClassLoader::defineClass@12
  0x000001d1d220adb0: 4c5b 80ff 

  0x000001d1d220adb4: ;   {other}
  0x000001d1d220adb4: 0f1f 8400 | 241e 001b | 4c8b ed4c | 8b74 2430 | 448b 4c24 | 2444 8b5c | 2438 448b | 4424 3c48 
  0x000001d1d220add4: 8bd8 e9b7 | efff ff44 | 894c 2440 | 4c89 5c24 | 384c 8974 | 2430 4c89 

  0x000001d1d220adec: ;   {metadata('java/lang/NamedPackage')}
  0x000001d1d220adec: 6c24 2048 | bae8 c001 | dfd1 0100 | 0049 8bee 

  0x000001d1d220adfc: ;   {runtime_call _new_instance_Java}
  0x000001d1d220adfc: c5f8 77e8 

  0x000001d1d220ae00: ; ImmutableOopMap {rbp=Oop [40]=Oop [48]=Oop [56]=Oop [64]=NarrowOop [72]=Oop }
                      ;*new {reexecute=0 rethrow=0 return_oop=1}
                      ; - java.lang.ClassLoader::getNamedPackage@16
                      ; - java.lang.ClassLoader::postDefineClass@9
                      ; - java.lang.ClassLoader::defineClass@37
                      ; - java.security.SecureClassLoader::defineClass@12
  0x000001d1d220ae00: fc5a 80ff 

  0x000001d1d220ae04: ;   {other}
  0x000001d1d220ae04: 0f1f 8400 | 741e 001c | e95b f3ff | ff4c 894c | 2460 4889 | 4424 584c | 8954 2450 | 4889 5c24 
  0x000001d1d220ae24: 4044 8944 | 2424 4c89 | 7424 384c | 896c 2430 

  0x000001d1d220ae34: ;   {metadata({type array byte})}
  0x000001d1d220ae34: 48ba 1823 | 00df d101 | 0000 6690 

  0x000001d1d220ae40: ;   {runtime_call _new_array_nozero_Java}
  0x000001d1d220ae40: c5f8 77e8 

  0x000001d1d220ae44: ; ImmutableOopMap {[40]=Oop [56]=Oop [64]=Oop [72]=Oop [136]=Oop [80]=Derived_oop_[136] }
                      ;*newarray {reexecute=0 rethrow=0 return_oop=1}
                      ; - java.util.Arrays::copyOfRangeByte@10
                      ; - java.util.Arrays::copyOfRange@13
                      ; - java.lang.StringLatin1::newString@16
                      ; - java.lang.String::substring@41
                      ; - java.lang.Class::getPackageName@62
                      ; - java.lang.ClassLoader::postDefineClass@2
                      ; - java.lang.ClassLoader::defineClass@37
                      ; - java.security.SecureClassLoader::defineClass@12
  0x000001d1d220ae44: 3854 80ff 

  0x000001d1d220ae48: ;   {other}
  0x000001d1d220ae48: 0f1f 8400 | b81e 001d | 4c8b d84c | 8b6c 2430 | 4c8b 7424 | 3844 8b44 | 2424 488b | 5c24 404c 
  0x000001d1d220ae68: 8b54 2450 | 488b 4424 | 584c 8b4c | 2460 498b | f3e9 68f0 

  0x000001d1d220ae7c: ;   {metadata('java/lang/StringBuilder')}
  0x000001d1d220ae7c: ffff 48ba | 4080 00df | d101 0000 

  0x000001d1d220ae88: ;   {runtime_call _new_instance_Java}
  0x000001d1d220ae88: c5f8 77e8 

  0x000001d1d220ae8c: ; ImmutableOopMap {[40]=Oop [48]=Oop [56]=Oop [64]=NarrowOop [72]=Oop [80]=Oop [88]=Oop [112]=Oop }
                      ;*new {reexecute=0 rethrow=0 return_oop=1}
                      ; - java.lang.NamedPackage::<init>@22
                      ; - java.lang.ClassLoader::getNamedPackage@22
                      ; - java.lang.ClassLoader::postDefineClass@9
                      ; - java.lang.ClassLoader::defineClass@37
                      ; - java.security.SecureClassLoader::defineClass@12
  0x000001d1d220ae8c: 705a 80ff 

  0x000001d1d220ae90: ;   {other}
  0x000001d1d220ae90: 0f1f 8400 | 001f 001e | e9c2 f3ff 

  0x000001d1d220ae9c: ;   {metadata('java/lang/InternalError')}
  0x000001d1d220ae9c: ff48 ba38 | 0701 dfd1 | 0100 0090 

  0x000001d1d220aea8: ;   {runtime_call _new_instance_Java}
  0x000001d1d220aea8: c5f8 77e8 

  0x000001d1d220aeac: ; ImmutableOopMap {[40]=Oop [48]=Oop [56]=Oop [64]=NarrowOop [72]=Oop [80]=Oop [88]=Oop }
                      ;*new {reexecute=0 rethrow=0 return_oop=1}
                      ; - java.lang.NamedPackage::<init>@18
                      ; - java.lang.ClassLoader::getNamedPackage@22
                      ; - java.lang.ClassLoader::postDefineClass@9
                      ; - java.lang.ClassLoader::defineClass@37
                      ; - java.security.SecureClassLoader::defineClass@12
  0x000001d1d220aeac: 505a 80ff 

  0x000001d1d220aeb0: ;   {other}
  0x000001d1d220aeb0: 0f1f 8400 | 201f 001f | e95d f3ff | ff4c 8b44 | 2450 4889 | 6c24 684c | 896c 2460 | 4489 7424 
  0x000001d1d220aed0: 2448 895c | 2458 4c89 | 4424 50c5 | fb11 4424 | 4889 7424 | 2041 8bea 

  0x000001d1d220aee8: ;   {metadata({type array byte})}
  0x000001d1d220aee8: 48ba 1823 | 00df d101 | 0000 458b | c366 6690 

  0x000001d1d220aef8: ;   {runtime_call _new_array_nozero_Java}
  0x000001d1d220aef8: c5f8 77e8 

  0x000001d1d220aefc: ; ImmutableOopMap {rbp=NarrowOop [36]=NarrowOop [40]=Oop [48]=Oop [56]=Oop [72]=Oop [80]=Derived_oop_[72] [88]=Oop [96]=Oop [144]=Oop }
                      ;*invokevirtual clone {reexecute=1 rethrow=0 return_oop=1}
                      ; - (reexecute) java.util.Arrays::copyOfRange@18
                      ; - java.lang.StringLatin1::newString@16
                      ; - java.lang.String::substring@41
                      ; - java.lang.ClassLoader::checkCerts@21
                      ; - java.lang.ClassLoader::preDefineClass@113
                      ; - java.lang.ClassLoader::defineClass@4
                      ; - java.security.SecureClassLoader::defineClass@12
  0x000001d1d220aefc: 8053 80ff 

  0x000001d1d220af00: ;   {other}
  0x000001d1d220af00: 0f1f 8400 | 701f 0020 | 488b f8e9 | eee9 ffff | 4c89 4424 | 504c 8954 | 2440 4889 | 5c24 3844 
  0x000001d1d220af20: 894c 2424 | 4c89 7424 | 3049 8bed 

  0x000001d1d220af2c: ;   {metadata({type array byte})}
  0x000001d1d220af2c: 48ba 1823 | 00df d101 | 0000 458b | c366 6690 

  0x000001d1d220af3c: ;   {runtime_call _new_array_nozero_Java}
  0x000001d1d220af3c: c5f8 77e8 

  0x000001d1d220af40: ; ImmutableOopMap {[36]=NarrowOop [40]=Oop [48]=Oop [56]=Oop [72]=Oop [136]=Oop [64]=Derived_oop_[136] }
                      ;*invokevirtual clone {reexecute=1 rethrow=0 return_oop=1}
                      ; - (reexecute) java.util.Arrays::copyOfRange@18
                      ; - java.lang.StringLatin1::newString@16
                      ; - java.lang.String::substring@41
                      ; - java.lang.Class::getPackageName@62
                      ; - java.lang.ClassLoader::postDefineClass@2
                      ; - java.lang.ClassLoader::defineClass@37
                      ; - java.security.SecureClassLoader::defineClass@12
  0x000001d1d220af40: 3c53 80ff 

  0x000001d1d220af44: ;   {other}
  0x000001d1d220af44: 0f1f 8400 | b41f 0021 | 4c8b ed4c | 8b74 2430 | 488b 5c24 | 384c 8b54 | 2440 4c8b | 4424 5048 
  0x000001d1d220af64: 8bf0 e99b | eeff ffba | f6ff ffff | 498b ed90 

  0x000001d1d220af74: ;   {runtime_call UncommonTrapBlob}
  0x000001d1d220af74: c5f8 77e8 

  0x000001d1d220af78: ; ImmutableOopMap {rbp=Oop }
                      ;*invokevirtual putIfAbsent {reexecute=0 rethrow=0 return_oop=0}
                      ; - java.lang.ClassLoader::checkCerts@62
                      ; - java.lang.ClassLoader::preDefineClass@113
                      ; - java.lang.ClassLoader::defineClass@4
                      ; - java.security.SecureClassLoader::defineClass@12
  0x000001d1d220af78: 0494 7dff 

  0x000001d1d220af7c: ;   {other}
  0x000001d1d220af7c: 0f1f 8400 | ec1f 0022 | baf6 ffff | ff66 6690 

  0x000001d1d220af8c: ;   {runtime_call UncommonTrapBlob}
  0x000001d1d220af8c: c5f8 77e8 

  0x000001d1d220af90: ; ImmutableOopMap {rbp=NarrowOop }
                      ;*invokevirtual toExternalForm {reexecute=0 rethrow=0 return_oop=0}
                      ; - java.net.URL::toExternalForm@5
                      ; - java.net.URL::toString@1
                      ; - java.lang.ClassLoader::defineClassSourceLocation@22
                      ; - java.lang.ClassLoader::defineClass@12
                      ; - java.security.SecureClassLoader::defineClass@12
  0x000001d1d220af90: ec93 7dff 

  0x000001d1d220af94: ;   {other}
  0x000001d1d220af94: 0f1f 8400 | 0420 0023 | baf6 ffff | ff48 8beb 

  0x000001d1d220afa4: ;   {runtime_call UncommonTrapBlob}
  0x000001d1d220afa4: c5f8 77e8 

  0x000001d1d220afa8: ; ImmutableOopMap {rbp=Oop }
                      ;*invokevirtual get {reexecute=0 rethrow=0 return_oop=0}
                      ; - java.lang.ClassLoader::getNamedPackage@5
                      ; - java.lang.ClassLoader::postDefineClass@9
                      ; - java.lang.ClassLoader::defineClass@37
                      ; - java.security.SecureClassLoader::defineClass@12
  0x000001d1d220afa8: d493 7dff 

  0x000001d1d220afac: ;   {other}
  0x000001d1d220afac: 0f1f 8400 | 1c20 0024 | ba76 ffff | ff41 8bea | 897c 2424 | 4889 5c24 | 5044 8974 | 2460 6690 
  0x000001d1d220afcc: ;   {runtime_call UncommonTrapBlob}
  0x000001d1d220afcc: c5f8 77e8 

  0x000001d1d220afd0: ; ImmutableOopMap {rbp=NarrowOop [40]=Oop [48]=Oop [56]=Oop [80]=Oop [96]=NarrowOop [144]=Oop }
                      ;*iflt {reexecute=1 rethrow=0 return_oop=0}
                      ; - (reexecute) java.lang.StringLatin1::lastIndexOf@19
                      ; - java.lang.String::lastIndexOf@13
                      ; - java.lang.String::lastIndexOf@8
                      ; - java.lang.ClassLoader::checkCerts@3
                      ; - java.lang.ClassLoader::preDefineClass@113
                      ; - java.lang.ClassLoader::defineClass@4
                      ; - java.security.SecureClassLoader::defineClass@12
  0x000001d1d220afd0: ac93 7dff 

  0x000001d1d220afd4: ;   {other}
  0x000001d1d220afd4: 0f1f 8400 | 4420 0025 | bade ffff | ff4c 8b54 | 2428 4c89 | 5424 204c | 8b54 2430 | 4c89 5424 
  0x000001d1d220aff4: 284c 8b54 | 2438 4c89 | 5424 3044 | 8b5c 2440 | 4489 5c24 | 3844 8b54 | 2444 4489 | 5424 3c4c 
  0x000001d1d220b014: 8944 2440 | 4c89 4c24 | 4866 6690 

  0x000001d1d220b020: ;   {runtime_call UncommonTrapBlob}
  0x000001d1d220b020: c5f8 77e8 

  0x000001d1d220b024: ; ImmutableOopMap {rbp=NarrowOop [32]=Oop [40]=Oop [48]=Oop [64]=Oop [72]=Oop }
                      ;*invokeinterface computeIfAbsent {reexecute=0 rethrow=0 return_oop=0}
                      ; - java.security.SecureClassLoader::getProtectionDomain@28
                      ; - java.security.SecureClassLoader::defineClass@9
  0x000001d1d220b024: 5893 7dff 

  0x000001d1d220b028: ;   {other}
  0x000001d1d220b028: 0f1f 8400 | 9820 0026 | ba45 ffff | ff48 8b6c | 2428 6690 

  0x000001d1d220b03c: ;   {runtime_call UncommonTrapBlob}
  0x000001d1d220b03c: c5f8 77e8 

  0x000001d1d220b040: ; ImmutableOopMap {rbp=Oop [48]=Oop [56]=Oop [144]=Oop }
                      ;*ifeq {reexecute=1 rethrow=0 return_oop=0}
                      ; - (reexecute) java.lang.ClassLoader::checkName@8
                      ; - java.lang.ClassLoader::preDefineClass@1
                      ; - java.lang.ClassLoader::defineClass@4
                      ; - java.security.SecureClassLoader::defineClass@12
  0x000001d1d220b040: 3c93 7dff 

  0x000001d1d220b044: ;   {other}
  0x000001d1d220b044: 0f1f 8400 | b420 0027 | ba6e ffff | ff41 8bea | 897c 2424 | 4889 5c24 | 5044 8974 | 2460 6690 
  0x000001d1d220b064: ;   {runtime_call UncommonTrapBlob}
  0x000001d1d220b064: c5f8 77e8 

  0x000001d1d220b068: ; ImmutableOopMap {rbp=NarrowOop [40]=Oop [48]=Oop [56]=Oop [80]=Oop [96]=NarrowOop [144]=Oop }
                      ;*iflt {reexecute=1 rethrow=0 return_oop=0}
                      ; - (reexecute) java.lang.StringLatin1::lastIndexOf@19
                      ; - java.lang.String::lastIndexOf@13
                      ; - java.lang.String::lastIndexOf@8
                      ; - java.lang.ClassLoader::checkCerts@3
                      ; - java.lang.ClassLoader::preDefineClass@113
                      ; - java.lang.ClassLoader::defineClass@4
                      ; - java.security.SecureClassLoader::defineClass@12
  0x000001d1d220b068: 1493 7dff 

  0x000001d1d220b06c: ;   {other}
  0x000001d1d220b06c: 0f1f 8400 | dc20 0028 | bace ffff | ff41 8bea | 8974 2460 

  0x000001d1d220b080: ;   {runtime_call UncommonTrapBlob}
  0x000001d1d220b080: c5f8 77e8 

  0x000001d1d220b084: ; ImmutableOopMap {rbp=NarrowOop [40]=Oop [48]=Oop [56]=Oop [144]=Oop }
                      ;*invokestatic indexOfChar {reexecute=0 rethrow=0 return_oop=0}
                      ; - java.lang.StringLatin1::indexOf@33
                      ; - java.lang.String::indexOf@17
                      ; - java.lang.String::indexOf@3
                      ; - java.lang.ClassLoader::checkName@16
                      ; - java.lang.ClassLoader::preDefineClass@1
                      ; - java.lang.ClassLoader::defineClass@4
                      ; - java.security.SecureClassLoader::defineClass@12
  0x000001d1d220b084: f892 7dff 

  0x000001d1d220b088: ;   {other}
  0x000001d1d220b088: 0f1f 8400 | f820 0029 | bade ffff | ff66 6690 

  0x000001d1d220b098: ;   {runtime_call UncommonTrapBlob}
  0x000001d1d220b098: c5f8 77e8 

  0x000001d1d220b09c: ; ImmutableOopMap {rbp=NarrowOop }
                      ;*checkcast {reexecute=0 rethrow=0 return_oop=0}
                      ; - java.lang.ClassLoader::getNamedPackage@8
                      ; - java.lang.ClassLoader::postDefineClass@9
                      ; - java.lang.ClassLoader::defineClass@37
                      ; - java.security.SecureClassLoader::defineClass@12
  0x000001d1d220b09c: e092 7dff 

  0x000001d1d220b0a0: ;   {other}
  0x000001d1d220b0a0: 0f1f 8400 | 1021 002a | 4c63 c9e9 | a9e8 ffff | 4983 c1fe | 498b c948 | 8bfa 4833 | c048 83f9 
  0x000001d1d220b0c0: 087f 1048 | ffc9 784f | 4889 04cf | 48ff c97d | f7eb 44c5 | fdef c0e9 | 0d00 0000 | c5fe 7f07 
  0x000001d1d220b0e0: c5fe 7f47 | 2048 83c7 | 4048 83e9 | 087d ed48 | 83c1 047c | 0cc5 fe7f | 0748 83c7 | 2048 83e9 
  0x000001d1d220b100: 0448 83c1 | 047e 1048 | ffc9 c5f9 | d607 4883 | c708 48ff | c97d f3e9 | 15e9 ffff | bacc ffff 
  0x000001d1d220b120: ff41 8bea | 894c 2424 | 4889 5c24 | 5044 8974 | 2460 4c89 | 6c24 7090 

  0x000001d1d220b138: ;   {runtime_call UncommonTrapBlob}
  0x000001d1d220b138: c5f8 77e8 

  0x000001d1d220b13c: ; ImmutableOopMap {rbp=NarrowOop [40]=Oop [48]=Oop [56]=Oop [80]=Oop [96]=NarrowOop [112]=Oop [144]=Oop }
                      ;*newarray {reexecute=1 rethrow=0 return_oop=0}
                      ; - (reexecute) java.util.Arrays::copyOfRangeByte@10
                      ; - java.util.Arrays::copyOfRange@13
                      ; - java.lang.StringLatin1::newString@16
                      ; - java.lang.String::substring@41
                      ; - java.lang.ClassLoader::checkCerts@21
                      ; - java.lang.ClassLoader::preDefineClass@113
                      ; - java.lang.ClassLoader::defineClass@4
                      ; - java.security.SecureClassLoader::defineClass@12
  0x000001d1d220b13c: 4092 7dff 

  0x000001d1d220b140: ;   {other}
  0x000001d1d220b140: 0f1f 8400 | b021 002b | ba76 ffff | ff41 8be9 | 4489 5424 | 244c 8974 | 2438 4c89 | 7424 5048 
  0x000001d1d220b160: 8944 2458 

  0x000001d1d220b164: ;   {runtime_call UncommonTrapBlob}
  0x000001d1d220b164: c5f8 77e8 

  0x000001d1d220b168: ; ImmutableOopMap {rbp=NarrowOop [40]=Oop [56]=Oop [80]=Oop [88]=Oop [144]=Oop }
                      ;*iflt {reexecute=1 rethrow=0 return_oop=0}
                      ; - (reexecute) java.lang.StringLatin1::lastIndexOf@19
                      ; - java.lang.String::lastIndexOf@13
                      ; - java.lang.String::lastIndexOf@8
                      ; - java.lang.Class::getPackageName@47
                      ; - java.lang.ClassLoader::postDefineClass@2
                      ; - java.lang.ClassLoader::defineClass@37
                      ; - java.security.SecureClassLoader::defineClass@12
  0x000001d1d220b168: 1492 7dff 

  0x000001d1d220b16c: ;   {other}
  0x000001d1d220b16c: 0f1f 8400 | dc21 002c | ba45 ffff | ff48 8944 | 2430 4889 | 4424 4090 

  0x000001d1d220b184: ;   {runtime_call UncommonTrapBlob}
  0x000001d1d220b184: c5f8 77e8 

  0x000001d1d220b188: ; ImmutableOopMap {[40]=Oop [48]=Oop [64]=Oop [144]=Oop }
                      ;*ifeq {reexecute=1 rethrow=0 return_oop=0}
                      ; - (reexecute) java.lang.Class::getPackageName@13
                      ; - java.lang.ClassLoader::postDefineClass@2
                      ; - java.lang.ClassLoader::defineClass@37
                      ; - java.security.SecureClassLoader::defineClass@12
  0x000001d1d220b188: f491 7dff 

  0x000001d1d220b18c: ;   {other}
  0x000001d1d220b18c: 0f1f 8400 | fc21 002d | ba6e ffff | ff41 8be9 | 4489 5424 | 244c 8974 | 2438 4c89 | 7424 5048 
  0x000001d1d220b1ac: 8944 2458 

  0x000001d1d220b1b0: ;   {runtime_call UncommonTrapBlob}
  0x000001d1d220b1b0: c5f8 77e8 

  0x000001d1d220b1b4: ; ImmutableOopMap {rbp=NarrowOop [40]=Oop [56]=Oop [80]=Oop [88]=Oop [144]=Oop }
                      ;*iflt {reexecute=1 rethrow=0 return_oop=0}
                      ; - (reexecute) java.lang.StringLatin1::lastIndexOf@19
                      ; - java.lang.String::lastIndexOf@13
                      ; - java.lang.String::lastIndexOf@8
                      ; - java.lang.Class::getPackageName@47
                      ; - java.lang.ClassLoader::postDefineClass@2
                      ; - java.lang.ClassLoader::defineClass@37
                      ; - java.security.SecureClassLoader::defineClass@12
  0x000001d1d220b1b4: c891 7dff 

  0x000001d1d220b1b8: ;   {other}
  0x000001d1d220b1b8: 0f1f 8400 | 2822 002e | 8bcf e91b | e6ff ff45 | 33d2 4585 | c041 0f94 | c2ba 45ff | ffff 488b 
  0x000001d1d220b1d8: 6c24 284c | 8b5c 2430 | 4c89 5c24 | 2044 8954 | 2460 6690 

  0x000001d1d220b1ec: ;   {runtime_call UncommonTrapBlob}
  0x000001d1d220b1ec: c5f8 77e8 

  0x000001d1d220b1f0: ; ImmutableOopMap {rbp=Oop [32]=Oop [56]=Oop [144]=Oop }
                      ;*ifeq {reexecute=1 rethrow=0 return_oop=0}
                      ; - (reexecute) java.lang.String::indexOf@4
                      ; - java.lang.String::indexOf@3
                      ; - java.lang.ClassLoader::checkName@16
                      ; - java.lang.ClassLoader::preDefineClass@1
                      ; - java.lang.ClassLoader::defineClass@4
                      ; - java.security.SecureClassLoader::defineClass@12
  0x000001d1d220b1f0: 8c91 7dff 

  0x000001d1d220b1f4: ;   {other}
  0x000001d1d220b1f4: 0f1f 8400 | 6422 002f | ba45 ffff | ff89 4c24 | 2089 4c24 | 2448 895c | 2450 4489 | 7424 6044 
  0x000001d1d220b214: 894c 2470 

  0x000001d1d220b218: ;   {runtime_call UncommonTrapBlob}
  0x000001d1d220b218: c5f8 77e8 

  0x000001d1d220b21c: ; ImmutableOopMap {[40]=Oop [48]=Oop [56]=Oop [80]=Oop [96]=NarrowOop [144]=Oop }
                      ;*if_icmpgt {reexecute=1 rethrow=0 return_oop=0}
                      ; - (reexecute) jdk.internal.util.Preconditions::checkFromToIndex@6
                      ; - java.lang.String::checkBoundsBeginEnd@6
                      ; - java.lang.String::substring@8
                      ; - java.lang.ClassLoader::checkCerts@21
                      ; - java.lang.ClassLoader::preDefineClass@113
                      ; - java.lang.ClassLoader::defineClass@4
                      ; - java.security.SecureClassLoader::defineClass@12
  0x000001d1d220b21c: 6091 7dff 

  0x000001d1d220b220: ;   {other}
  0x000001d1d220b220: 0f1f 8400 | 9022 0030 | ba45 ffff | ff48 8b6c | 2428 895c | 2450 6690 

  0x000001d1d220b238: ;   {runtime_call UncommonTrapBlob}
  0x000001d1d220b238: c5f8 77e8 

  0x000001d1d220b23c: ; ImmutableOopMap {rbp=Oop [48]=Oop [56]=Oop [144]=Oop }
                      ;*if_icmpne {reexecute=1 rethrow=0 return_oop=0}
                      ; - (reexecute) java.lang.ClassLoader::checkName@20
                      ; - java.lang.ClassLoader::preDefineClass@1
                      ; - java.lang.ClassLoader::defineClass@4
                      ; - java.security.SecureClassLoader::defineClass@12
  0x000001d1d220b23c: 4091 7dff 

  0x000001d1d220b240: ;   {other}
  0x000001d1d220b240: 0f1f 8400 | b022 0031 | ba45 ffff | ff4c 8974 | 2430 4c8b | 5424 484c | 8954 2438 | 4c89 5c24 
  0x000001d1d220b260: 4044 894c | 2448 4489 | 4424 4c90 

  0x000001d1d220b26c: ;   {runtime_call UncommonTrapBlob}
  0x000001d1d220b26c: c5f8 77e8 

  0x000001d1d220b270: ; ImmutableOopMap {[40]=Oop [48]=Oop [56]=Oop [64]=Oop [72]=NarrowOop }
                      ;*ifle {reexecute=1 rethrow=0 return_oop=0}
                      ; - (reexecute) java.util.concurrent.ConcurrentHashMap::get@23
                      ; - java.lang.ClassLoader::getNamedPackage@5
                      ; - java.lang.ClassLoader::postDefineClass@9
                      ; - java.lang.ClassLoader::defineClass@37
                      ; - java.security.SecureClassLoader::defineClass@12
  0x000001d1d220b270: 0c91 7dff 

  0x000001d1d220b274: ;   {other}
  0x000001d1d220b274: 0f1f 8400 | e422 0032 | ba45 ffff | ff4c 8b54 | 2428 4c89 | 5424 204c | 8944 2428 | 4c89 4c24 
  0x000001d1d220b294: 3089 7c24 | 3889 7424 | 3c66 6690 

  0x000001d1d220b2a0: ;   {runtime_call UncommonTrapBlob}
  0x000001d1d220b2a0: c5f8 77e8 

  0x000001d1d220b2a4: ; ImmutableOopMap {rbp=Oop [32]=Oop [40]=Oop [48]=Oop }
                      ;*ifnonnull {reexecute=1 rethrow=0 return_oop=0}
                      ; - (reexecute) java.security.SecureClassLoader::getProtectionDomain@1
                      ; - java.security.SecureClassLoader::defineClass@9
  0x000001d1d220b2a4: d890 7dff 

  0x000001d1d220b2a8: ;   {other}
  0x000001d1d220b2a8: 0f1f 8400 | 1823 0033 | ba45 ffff | ff66 6690 

  0x000001d1d220b2b8: ;   {runtime_call UncommonTrapBlob}
  0x000001d1d220b2b8: c5f8 77e8 

  0x000001d1d220b2bc: ; ImmutableOopMap {[40]=Oop [48]=Oop [56]=Oop [144]=Oop }
                      ;*if_icmpne {reexecute=1 rethrow=0 return_oop=0}
                      ; - (reexecute) java.lang.ClassLoader::checkName@30
                      ; - java.lang.ClassLoader::preDefineClass@1
                      ; - java.lang.ClassLoader::defineClass@4
                      ; - java.security.SecureClassLoader::defineClass@12
  0x000001d1d220b2bc: c090 7dff 

  0x000001d1d220b2c0: ;   {other}
  0x000001d1d220b2c0: 0f1f 8400 | 3023 0034 | ba45 ffff | ff4c 8b54 | 2428 4c89 | 5424 2048 | 895c 2450 | 4c89 6c24 
  0x000001d1d220b2e0: 5844 8974 | 2460 6690 

  0x000001d1d220b2e8: ;   {runtime_call UncommonTrapBlob}
  0x000001d1d220b2e8: c5f8 77e8 

  0x000001d1d220b2ec: ; ImmutableOopMap {rbp=NarrowOop [32]=Oop [48]=Oop [56]=Oop [80]=Oop [88]=Oop [96]=NarrowOop [144]=Oop }
                      ;*ifnull {reexecute=1 rethrow=0 return_oop=0}
                      ; - (reexecute) java.security.CodeSource::getCertificates@4
                      ; - java.lang.ClassLoader::checkCerts@34
                      ; - java.lang.ClassLoader::preDefineClass@113
                      ; - java.lang.ClassLoader::defineClass@4
                      ; - java.security.SecureClassLoader::defineClass@12
  0x000001d1d220b2ec: 9090 7dff 

  0x000001d1d220b2f0: ;   {other}
  0x000001d1d220b2f0: 0f1f 8400 | 6023 0035 | ba45 ffff | ff4c 8b54 | 2428 4c89 | 5424 2048 | 895c 2450 | 4c89 6c24 
  0x000001d1d220b310: 5844 8974 | 2460 6690 

  0x000001d1d220b318: ;   {runtime_call UncommonTrapBlob}
  0x000001d1d220b318: c5f8 77e8 

  0x000001d1d220b31c: ; ImmutableOopMap {rbp=NarrowOop [32]=Oop [48]=Oop [56]=Oop [80]=Oop [88]=Oop [96]=NarrowOop [144]=Oop }
                      ;*ifnull {reexecute=1 rethrow=0 return_oop=0}
                      ; - (reexecute) java.security.CodeSource::getCertificates@22
                      ; - java.lang.ClassLoader::checkCerts@34
                      ; - java.lang.ClassLoader::preDefineClass@113
                      ; - java.lang.ClassLoader::defineClass@4
                      ; - java.security.SecureClassLoader::defineClass@12
  0x000001d1d220b31c: 6090 7dff 

  0x000001d1d220b320: ;   {other}
  0x000001d1d220b320: 0f1f 8400 | 9023 0036 | ba45 ffff | ff4c 8b54 | 2428 4c89 | 5424 2090 

  0x000001d1d220b338: ;   {runtime_call UncommonTrapBlob}
  0x000001d1d220b338: c5f8 77e8 

  0x000001d1d220b33c: ; ImmutableOopMap {[32]=Oop [48]=Oop [56]=Oop [144]=Oop }
                      ;*ifne {reexecute=1 rethrow=0 return_oop=0}
                      ; - (reexecute) java.lang.ClassLoader::compareCerts@7
                      ; - java.lang.ClassLoader::checkCerts@80
                      ; - java.lang.ClassLoader::preDefineClass@113
                      ; - java.lang.ClassLoader::defineClass@4
                      ; - java.security.SecureClassLoader::defineClass@12
  0x000001d1d220b33c: 4090 7dff 

  0x000001d1d220b340: ;   {other}
  0x000001d1d220b340: 0f1f 8400 | b023 0037 | ba45 ffff | ff89 4c24 | 2089 4c24 | 2448 895c | 2450 4489 | 7424 6044 
  0x000001d1d220b360: 894c 2470 | 4489 4c24 | 7466 6690 

  0x000001d1d220b36c: ;   {runtime_call UncommonTrapBlob}
  0x000001d1d220b36c: c5f8 77e8 

  0x000001d1d220b370: ; ImmutableOopMap {[40]=Oop [48]=Oop [56]=Oop [80]=Oop [96]=NarrowOop [144]=Oop }
                      ;*if_icmple {reexecute=1 rethrow=0 return_oop=0}
                      ; - (reexecute) jdk.internal.util.Preconditions::checkFromToIndex@11
                      ; - java.lang.String::checkBoundsBeginEnd@6
                      ; - java.lang.String::substring@8
                      ; - java.lang.ClassLoader::checkCerts@21
                      ; - java.lang.ClassLoader::preDefineClass@113
                      ; - java.lang.ClassLoader::defineClass@4
                      ; - java.security.SecureClassLoader::defineClass@12
  0x000001d1d220b370: 0c90 7dff 

  0x000001d1d220b374: ;   {other}
  0x000001d1d220b374: 0f1f 8400 | e423 0038 | 4c89 5424 | 484c 896c | 2420 4c8b | eb8b ee49 | 8bd7 c5f8 | 7749 ba60 
  0x000001d1d220b394: a3e3 a1f8 | 7f00 0041 

  0x000001d1d220b39c: ;   {other}
  0x000001d1d220b39c: ffd2 0f1f | 8400 0000 | 0000 8bf5 | 498b dd4c | 8b6c 2420 | 4c8b 5424 | 48e9 82e6 | ffff 4963 
  0x000001d1d220b3bc: c066 6690 | e98b eaff | ff48 83c0 | fe48 8bc8 | 498b fb48 | 33c0 4883 | f908 7f10 | 48ff c978 
  0x000001d1d220b3dc: 4f48 8904 | cf48 ffc9 | 7df7 eb44 | c5fd efc0 | e90d 0000 | 00c5 fe7f | 07c5 fe7f | 4720 4883 
  0x000001d1d220b3fc: c740 4883 | e908 7ded | 4883 c104 | 7c0c c5fe | 7f07 4883 | c720 4883 | e904 4883 | c104 7e10 
  0x000001d1d220b41c: 48ff c9c5 | f9d6 0748 | 83c7 0848 | ffc9 7df3 | e901 ebff | ffba ccff | ffff 418b | e944 8944 
  0x000001d1d220b43c: 2424 4c89 | 7424 384c | 8b54 2448 | 4c89 5424 | 404c 8974 | 2450 4889 | 5c24 6090 

  0x000001d1d220b458: ;   {runtime_call UncommonTrapBlob}
  0x000001d1d220b458: c5f8 77e8 

  0x000001d1d220b45c: ; ImmutableOopMap {rbp=NarrowOop [40]=Oop [56]=Oop [64]=Oop [80]=Oop [96]=Oop }
                      ;*newarray {reexecute=1 rethrow=0 return_oop=0}
                      ; - (reexecute) java.util.Arrays::copyOfRangeByte@10
                      ; - java.util.Arrays::copyOfRange@13
                      ; - java.lang.StringLatin1::newString@16
                      ; - java.lang.String::substring@41
                      ; - java.lang.Class::getPackageName@62
                      ; - java.lang.ClassLoader::postDefineClass@2
                      ; - java.lang.ClassLoader::defineClass@37
                      ; - java.security.SecureClassLoader::defineClass@12
  0x000001d1d220b45c: 208f 7dff 

  0x000001d1d220b460: ;   {other}
  0x000001d1d220b460: 0f1f 8400 | d024 0039 | baf6 ffff | ff66 6690 

  0x000001d1d220b470: ;   {runtime_call UncommonTrapBlob}
  0x000001d1d220b470: c5f8 77e8 

  0x000001d1d220b474: ; ImmutableOopMap {}
                      ;*invokevirtual isNamed {reexecute=0 rethrow=0 return_oop=0}
                      ; - java.lang.NamedPackage::<init>@12
                      ; - java.lang.ClassLoader::getNamedPackage@22
                      ; - java.lang.ClassLoader::postDefineClass@9
                      ; - java.lang.ClassLoader::defineClass@37
                      ; - java.security.SecureClassLoader::defineClass@12
  0x000001d1d220b474: 088f 7dff 

  0x000001d1d220b478: ;   {other}
  0x000001d1d220b478: 0f1f 8400 | e824 003a | 458b c2e9 | 9be8 ffff | baf6 ffff | ff66 6690 

  0x000001d1d220b490: ;   {runtime_call UncommonTrapBlob}
  0x000001d1d220b490: c5f8 77e8 

  0x000001d1d220b494: ; ImmutableOopMap {[64]=NarrowOop }
                      ;*invokevirtual append {reexecute=0 rethrow=0 return_oop=0}
                      ; - java.lang.NamedPackage::<init>@35
                      ; - java.lang.ClassLoader::getNamedPackage@22
                      ; - java.lang.ClassLoader::postDefineClass@9
                      ; - java.lang.ClassLoader::defineClass@37
                      ; - java.security.SecureClassLoader::defineClass@12
  0x000001d1d220b494: e88e 7dff 

  0x000001d1d220b498: ;   {other}
  0x000001d1d220b498: 0f1f 8400 | 0825 003b | baf6 ffff | ff66 6690 

  0x000001d1d220b4a8: ;   {runtime_call UncommonTrapBlob}
  0x000001d1d220b4a8: c5f8 77e8 

  0x000001d1d220b4ac: ; ImmutableOopMap {}
                      ;*invokevirtual toString {reexecute=0 rethrow=0 return_oop=0}
                      ; - java.lang.NamedPackage::<init>@38
                      ; - java.lang.ClassLoader::getNamedPackage@22
                      ; - java.lang.ClassLoader::postDefineClass@9
                      ; - java.lang.ClassLoader::defineClass@37
                      ; - java.security.SecureClassLoader::defineClass@12
  0x000001d1d220b4ac: d08e 7dff 

  0x000001d1d220b4b0: ;   {other}
  0x000001d1d220b4b0: 0f1f 8400 | 2025 003c | 8944 2420 | ba45 ffff | ff4c 8974 | 2430 488b | 4c24 4848 | 894c 2438 
  0x000001d1d220b4d0: 4489 4c24 | 244c 895c | 2450 4489 | 4424 5844 | 8954 245c 

  0x000001d1d220b4e4: ;   {runtime_call UncommonTrapBlob}
  0x000001d1d220b4e4: c5f8 77e8 

  0x000001d1d220b4e8: ; ImmutableOopMap {[36]=NarrowOop [40]=Oop [48]=Oop [56]=Oop [80]=Oop [88]=NarrowOop }
                      ;*ifeq {reexecute=1 rethrow=0 return_oop=0}
                      ; - (reexecute) java.util.concurrent.ConcurrentHashMap::get@76
                      ; - java.lang.ClassLoader::getNamedPackage@5
                      ; - java.lang.ClassLoader::postDefineClass@9
                      ; - java.lang.ClassLoader::defineClass@37
                      ; - java.security.SecureClassLoader::defineClass@12
  0x000001d1d220b4e8: 948e 7dff 

  0x000001d1d220b4ec: ;   {other}
  0x000001d1d220b4ec: 0f1f 8400 | 5c25 003d | ba45 ffff | ff4c 8974 | 2430 4489 | 5424 3890 

  0x000001d1d220b504: ;   {runtime_call UncommonTrapBlob}
  0x000001d1d220b504: c5f8 77e8 

  0x000001d1d220b508: ; ImmutableOopMap {rbp=NarrowOop [40]=Oop [48]=Oop [56]=NarrowOop }
                      ;*ifnull {reexecute=1 rethrow=0 return_oop=0}
                      ; - (reexecute) java.security.CodeSource::getCertificates@4
                      ; - java.lang.ClassLoader::postDefineClass@24
                      ; - java.lang.ClassLoader::defineClass@37
                      ; - java.security.SecureClassLoader::defineClass@12
  0x000001d1d220b508: 748e 7dff 

  0x000001d1d220b50c: ;   {other}
  0x000001d1d220b50c: 0f1f 8400 | 7c25 003e | ba45 ffff | ff4c 8974 | 2430 4489 | 5424 3890 

  0x000001d1d220b524: ;   {runtime_call UncommonTrapBlob}
  0x000001d1d220b524: c5f8 77e8 

  0x000001d1d220b528: ; ImmutableOopMap {rbp=NarrowOop [40]=Oop [48]=Oop [56]=NarrowOop }
                      ;*ifnull {reexecute=1 rethrow=0 return_oop=0}
                      ; - (reexecute) java.security.CodeSource::getCertificates@22
                      ; - java.lang.ClassLoader::postDefineClass@24
                      ; - java.lang.ClassLoader::defineClass@37
                      ; - java.security.SecureClassLoader::defineClass@12
  0x000001d1d220b528: 548e 7dff 

  0x000001d1d220b52c: ;   {other}
  0x000001d1d220b52c: 0f1f 8400 | 9c25 003f | 4585 d244 | 8b54 2420 | 410f 94c2 | ba45 ffff | ff4c 8974 | 2430 4c89 
  0x000001d1d220b54c: 7424 4048 | 8944 2450 | 4489 4424 | 5844 8954 | 245c 6690 

  0x000001d1d220b560: ;   {runtime_call UncommonTrapBlob}
  0x000001d1d220b560: c5f8 77e8 

  0x000001d1d220b564: ; ImmutableOopMap {[40]=Oop [48]=Oop [64]=Oop [80]=Oop [144]=Oop }
                      ;*ifeq {reexecute=1 rethrow=0 return_oop=0}
                      ; - (reexecute) java.lang.String::lastIndexOf@4
                      ; - java.lang.String::lastIndexOf@8
                      ; - java.lang.Class::getPackageName@47
                      ; - java.lang.ClassLoader::postDefineClass@2
                      ; - java.lang.ClassLoader::defineClass@37
                      ; - java.security.SecureClassLoader::defineClass@12
  0x000001d1d220b564: 188e 7dff 

  0x000001d1d220b568: ;   {other}
  0x000001d1d220b568: 0f1f 8400 | d825 0040 | 498b d7c5 | f877 49ba | 60a3 e3a1 | f87f 0000 

  0x000001d1d220b580: ;   {other}
  0x000001d1d220b580: 41ff d20f | 1f84 0000 | 0000 00e9 | 1cea ffff | ba45 ffff | ff44 8944 | 2420 4489 | 4424 244c 
  0x000001d1d220b5a0: 8974 2438 | 4c8b 5424 | 484c 8954 | 2440 4c89 | 7424 5048 | 8944 2458 | 894c 2464 

  0x000001d1d220b5bc: ;   {runtime_call UncommonTrapBlob}
  0x000001d1d220b5bc: c5f8 77e8 

  0x000001d1d220b5c0: ; ImmutableOopMap {[40]=Oop [56]=Oop [64]=Oop [80]=Oop [88]=Oop }
                      ;*if_icmpgt {reexecute=1 rethrow=0 return_oop=0}
                      ; - (reexecute) jdk.internal.util.Preconditions::checkFromToIndex@6
                      ; - java.lang.String::checkBoundsBeginEnd@6
                      ; - java.lang.String::substring@8
                      ; - java.lang.Class::getPackageName@62
                      ; - java.lang.ClassLoader::postDefineClass@2
                      ; - java.lang.ClassLoader::defineClass@37
                      ; - java.security.SecureClassLoader::defineClass@12
  0x000001d1d220b5c0: bc8d 7dff 

  0x000001d1d220b5c4: ;   {other}
  0x000001d1d220b5c4: 0f1f 8400 | 3426 0041 | ba45 ffff | ff44 8944 | 2420 4489 | 4424 244c | 8974 2438 | 4c8b 5424 
  0x000001d1d220b5e4: 484c 8954 | 2440 4c89 | 7424 5048 | 8944 2458 | 894c 2464 | 894c 2468 

  0x000001d1d220b5fc: ;   {runtime_call UncommonTrapBlob}
  0x000001d1d220b5fc: c5f8 77e8 

  0x000001d1d220b600: ; ImmutableOopMap {[40]=Oop [56]=Oop [64]=Oop [80]=Oop [88]=Oop }
                      ;*if_icmple {reexecute=1 rethrow=0 return_oop=0}
                      ; - (reexecute) jdk.internal.util.Preconditions::checkFromToIndex@11
                      ; - java.lang.String::checkBoundsBeginEnd@6
                      ; - java.lang.String::substring@8
                      ; - java.lang.Class::getPackageName@62
                      ; - java.lang.ClassLoader::postDefineClass@2
                      ; - java.lang.ClassLoader::defineClass@37
                      ; - java.security.SecureClassLoader::defineClass@12
  0x000001d1d220b600: 7c8d 7dff 

  0x000001d1d220b604: ;   {other}
  0x000001d1d220b604: 0f1f 8400 | 7426 0042 | 498b d7c5 | f877 49ba | 60a3 e3a1 | f87f 0000 

  0x000001d1d220b61c: ;   {other}
  0x000001d1d220b61c: 41ff d20f | 1f84 0000 | 0000 00e9 | 11e9 ffff | bae4 ffff | ff44 8954 | 2420 448b | 5c24 4044 
  0x000001d1d220b63c: 895c 2424 

  0x000001d1d220b640: ;   {runtime_call UncommonTrapBlob}
  0x000001d1d220b640: c5f8 77e8 

  0x000001d1d220b644: ; ImmutableOopMap {[32]=NarrowOop [40]=Oop [48]=Oop [56]=Oop [144]=Oop }
                      ;*baload {reexecute=0 rethrow=0 return_oop=0}
                      ; - jdk.internal.util.ArraysSupport::mismatch@82
                      ; - java.lang.String::startsWith@70
                      ; - java.lang.String::startsWith@3
                      ; - java.lang.ClassLoader::preDefineClass@43
                      ; - java.lang.ClassLoader::defineClass@4
                      ; - java.security.SecureClassLoader::defineClass@12
  0x000001d1d220b644: 388d 7dff 

  0x000001d1d220b648: ;   {other}
  0x000001d1d220b648: 0f1f 8400 | b826 0043 | ba45 ffff | ff4c 8974 | 2430 488b | 5c24 4848 | 895c 2438 | 4489 4c24 
  0x000001d1d220b668: 504c 895c | 2458 4489 | 4424 5444 | 8954 2460 | 894c 2464 

  0x000001d1d220b67c: ;   {runtime_call UncommonTrapBlob}
  0x000001d1d220b67c: c5f8 77e8 

  0x000001d1d220b680: ; ImmutableOopMap {[40]=Oop [48]=Oop [56]=Oop [80]=NarrowOop [84]=NarrowOop [88]=Oop }
                      ;*if_icmpne {reexecute=1 rethrow=0 return_oop=0}
                      ; - (reexecute) java.lang.String::equals@33
                      ; - java.util.concurrent.ConcurrentHashMap::get@73
                      ; - java.lang.ClassLoader::getNamedPackage@5
                      ; - java.lang.ClassLoader::postDefineClass@9
                      ; - java.lang.ClassLoader::defineClass@37
                      ; - java.security.SecureClassLoader::defineClass@12
  0x000001d1d220b680: fc8c 7dff 

  0x000001d1d220b684: ;   {other}
  0x000001d1d220b684: 0f1f 8400 | f426 0044 | ba45 ffff | ff4c 8974 | 2430 488b | 4c24 4848 | 894c 2438 | 4489 4c24 
  0x000001d1d220b6a4: 504c 895c | 2458 4489 | 4424 5444 | 8954 2460 

  0x000001d1d220b6b4: ;   {runtime_call UncommonTrapBlob}
  0x000001d1d220b6b4: c5f8 77e8 

  0x000001d1d220b6b8: ; ImmutableOopMap {[40]=Oop [48]=Oop [56]=Oop [80]=NarrowOop [84]=NarrowOop [88]=Oop }
                      ;*ifge {reexecute=1 rethrow=0 return_oop=0}
                      ; - (reexecute) java.util.concurrent.ConcurrentHashMap::get@86
                      ; - java.lang.ClassLoader::getNamedPackage@5
                      ; - java.lang.ClassLoader::postDefineClass@9
                      ; - java.lang.ClassLoader::defineClass@37
                      ; - java.security.SecureClassLoader::defineClass@12
  0x000001d1d220b6b8: c48c 7dff 

  0x000001d1d220b6bc: ;   {other}
  0x000001d1d220b6bc: 0f1f 8400 | 2c27 0045 | baf6 ffff | ff66 6690 

  0x000001d1d220b6cc: ;   {runtime_call UncommonTrapBlob}
  0x000001d1d220b6cc: c5f8 77e8 

  0x000001d1d220b6d0: ; ImmutableOopMap {}
                      ;*invokevirtual lastIndexOf {reexecute=0 rethrow=0 return_oop=0}
                      ; - java.lang.Class::getPackageName@47
                      ; - java.lang.ClassLoader::postDefineClass@2
                      ; - java.lang.ClassLoader::defineClass@37
                      ; - java.security.SecureClassLoader::defineClass@12
  0x000001d1d220b6d0: ac8c 7dff 

  0x000001d1d220b6d4: ;   {other}
  0x000001d1d220b6d4: 0f1f 8400 | 4427 0046 | baf6 ffff | ff66 6690 

  0x000001d1d220b6e4: ;   {runtime_call UncommonTrapBlob}
  0x000001d1d220b6e4: c5f8 77e8 

  0x000001d1d220b6e8: ; ImmutableOopMap {[56]=Oop [88]=Oop }
                      ;*invokevirtual putIfAbsent {reexecute=0 rethrow=0 return_oop=0}
                      ; - java.lang.ClassLoader::getNamedPackage@32
                      ; - java.lang.ClassLoader::postDefineClass@9
                      ; - java.lang.ClassLoader::defineClass@37
                      ; - java.security.SecureClassLoader::defineClass@12
  0x000001d1d220b6e8: 948c 7dff 

  0x000001d1d220b6ec: ;   {other}
  0x000001d1d220b6ec: 0f1f 8400 | 5c27 0047 | 488b e8ba | 54ff ffff | 4c8b 5424 | 484c 8954 | 2438 448b | 5c24 5044 
  0x000001d1d220b70c: 895c 2440 

  0x000001d1d220b710: ;   {runtime_call UncommonTrapBlob}
  0x000001d1d220b710: c5f8 77e8 

  0x000001d1d220b714: ; ImmutableOopMap {rbp=Oop [40]=Oop [48]=Oop [56]=Oop [64]=NarrowOop [88]=Oop }
                      ;*ifnull {reexecute=1 rethrow=0 return_oop=0}
                      ; - (reexecute) java.lang.ClassLoader::getNamedPackage@42
                      ; - java.lang.ClassLoader::postDefineClass@9
                      ; - java.lang.ClassLoader::defineClass@37
                      ; - java.security.SecureClassLoader::defineClass@12
  0x000001d1d220b714: 688c 7dff 

  0x000001d1d220b718: ;   {other}
  0x000001d1d220b718: 0f1f 8400 | 8827 0048 | ba45 ffff | ff4c 8974 | 2430 4c8b | 4424 484c | 8944 2438 | 4489 4c24 
  0x000001d1d220b738: 504c 895c | 2458 4889 | 5c24 6044 | 8954 2454 

  0x000001d1d220b748: ;   {runtime_call UncommonTrapBlob}
  0x000001d1d220b748: c5f8 77e8 

  0x000001d1d220b74c: ; ImmutableOopMap {rbp=NarrowOop [40]=Oop [48]=Oop [56]=Oop [80]=NarrowOop [88]=Oop [96]=Oop }
                      ;*ifnull {reexecute=1 rethrow=0 return_oop=0}
                      ; - (reexecute) java.util.concurrent.ConcurrentHashMap::get@143
                      ; - java.lang.ClassLoader::getNamedPackage@5
                      ; - java.lang.ClassLoader::postDefineClass@9
                      ; - java.lang.ClassLoader::defineClass@37
                      ; - java.security.SecureClassLoader::defineClass@12
  0x000001d1d220b74c: 308c 7dff 

  0x000001d1d220b750: ;   {other}
  0x000001d1d220b750: 0f1f 8400 | c027 0049 | 498b d7c5 | f877 49ba | 60a3 e3a1 | f87f 0000 

  0x000001d1d220b768: ;   {other}
  0x000001d1d220b768: 41ff d20f | 1f84 0000 | 0000 00e9 | 7cee ffff | 498b d7c5 | f877 49ba | 60a3 e3a1 | f87f 0000 
  0x000001d1d220b788: ;   {other}
  0x000001d1d220b788: 41ff d20f | 1f84 0000 | 0000 00e9 | 10ee ffff | ba37 0100 | 0048 8beb | 4c8b 5424 | 384c 8954 
  0x000001d1d220b7a8: 2428 6690 

  0x000001d1d220b7ac: ;   {runtime_call UncommonTrapBlob}
  0x000001d1d220b7ac: c5f8 77e8 

  0x000001d1d220b7b0: ; ImmutableOopMap {rbp=Oop [40]=Oop [48]=Oop }
                      ;*new {reexecute=0 rethrow=0 return_oop=0}
                      ; - java.lang.ClassLoader::preDefineClass@56
                      ; - java.lang.ClassLoader::defineClass@4
                      ; - java.security.SecureClassLoader::defineClass@12
  0x000001d1d220b7b0: cc8b 7dff 

  0x000001d1d220b7b4: ;   {other}
  0x000001d1d220b7b4: 0f1f 8400 | 2428 004a | bade ffff | ff48 8b6c | 2428 4c8b | 5424 304c | 8954 2420 | 4c8b 5424 
  0x000001d1d220b7d4: 384c 8954 | 2428 4889 | 4424 3890 

  0x000001d1d220b7e0: ;   {runtime_call UncommonTrapBlob}
  0x000001d1d220b7e0: c5f8 77e8 

  0x000001d1d220b7e4: ; ImmutableOopMap {rbp=Oop [32]=Oop [40]=Oop [56]=Oop }
                      ;*checkcast {reexecute=0 rethrow=0 return_oop=0}
                      ; - java.security.SecureClassLoader::getProtectionDomain@33
                      ; - java.security.SecureClassLoader::defineClass@9
  0x000001d1d220b7e4: 988b 7dff 

  0x000001d1d220b7e8: ;   {other}
  0x000001d1d220b7e8: 0f1f 8400 | 5828 004b | bade ffff | ff4c 8974 | 2430 488b | 4c24 4848 | 894c 2438 | 4489 4c24 
  0x000001d1d220b808: 504c 895c | 2458 4489 | 4424 5444 | 8954 2460 | 4c89 5c24 | 6866 6690 

  0x000001d1d220b820: ;   {runtime_call UncommonTrapBlob}
  0x000001d1d220b820: c5f8 77e8 

  0x000001d1d220b824: ; ImmutableOopMap {rbp=NarrowOop [40]=Oop [48]=Oop [56]=Oop [80]=NarrowOop [84]=NarrowOop [88]=Oop [104]=Oop }
                      ;*instanceof {reexecute=0 rethrow=0 return_oop=0}
                      ; - java.lang.String::equals@8
                      ; - java.util.concurrent.ConcurrentHashMap::get@73
                      ; - java.lang.ClassLoader::getNamedPackage@5
                      ; - java.lang.ClassLoader::postDefineClass@9
                      ; - java.lang.ClassLoader::defineClass@37
                      ; - java.security.SecureClassLoader::defineClass@12
  0x000001d1d220b824: 588b 7dff 

  0x000001d1d220b828: ;   {other}
  0x000001d1d220b828: 0f1f 8400 | 9828 004c | bade ffff | ff48 8b6c | 2428 4c8b | 5424 384c | 8954 2428 | 448b 5c24 
  0x000001d1d220b848: 4044 895c | 2438 448b | 5424 4444 | 8954 243c | 4889 4424 | 5066 6690 

  0x000001d1d220b860: ;   {runtime_call UncommonTrapBlob}
  0x000001d1d220b860: c5f8 77e8 

  0x000001d1d220b864: ; ImmutableOopMap {rbp=Oop [40]=Oop [48]=Oop [72]=Oop [80]=Oop [144]=Oop }
                      ;*checkcast {reexecute=0 rethrow=0 return_oop=0}
                      ; - java.lang.ClassLoader::checkCerts@65
                      ; - java.lang.ClassLoader::preDefineClass@113
                      ; - java.lang.ClassLoader::defineClass@4
                      ; - java.security.SecureClassLoader::defineClass@12
  0x000001d1d220b864: 188b 7dff 

  0x000001d1d220b868: ;   {other}
  0x000001d1d220b868: 0f1f 8400 | d828 004d | baf6 ffff | ff49 8be8 | 4c89 4c24 | 2066 6690 

  0x000001d1d220b880: ;   {runtime_call UncommonTrapBlob}
  0x000001d1d220b880: c5f8 77e8 

  0x000001d1d220b884: ; ImmutableOopMap {rbp=Oop [32]=Oop }
                      ;*invokeinterface computeIfAbsent {reexecute=0 rethrow=0 return_oop=0}
                      ; - java.security.SecureClassLoader::getProtectionDomain@28
                      ; - java.security.SecureClassLoader::defineClass@9
  0x000001d1d220b884: f88a 7dff 

  0x000001d1d220b888: ;   {other}
  0x000001d1d220b888: 0f1f 8400 | f828 004e | baf4 ffff | ff48 8b6c | 2428 4c8b | 5424 304c | 8954 2420 

  0x000001d1d220b8a4: ;   {runtime_call UncommonTrapBlob}
  0x000001d1d220b8a4: c5f8 77e8 

  0x000001d1d220b8a8: ; ImmutableOopMap {rbp=Oop [32]=Oop [56]=Oop }
                      ;*checkcast {reexecute=0 rethrow=0 return_oop=0}
                      ; - java.security.SecureClassLoader::getProtectionDomain@33
                      ; - java.security.SecureClassLoader::defineClass@9
  0x000001d1d220b8a8: d48a 7dff 

  0x000001d1d220b8ac: ;   {other}
  0x000001d1d220b8ac: 0f1f 8400 | 1c29 004f | baf6 ffff | ff66 6690 

  0x000001d1d220b8bc: ;   {runtime_call UncommonTrapBlob}
  0x000001d1d220b8bc: c5f8 77e8 

  0x000001d1d220b8c0: ; ImmutableOopMap {}
                      ;*arraylength {reexecute=0 rethrow=0 return_oop=0}
                      ; - java.lang.String::isEmpty@4
                      ; - java.lang.ClassLoader::checkName@5
                      ; - java.lang.ClassLoader::preDefineClass@1
                      ; - java.lang.ClassLoader::defineClass@4
                      ; - java.security.SecureClassLoader::defineClass@12
  0x000001d1d220b8c0: bc8a 7dff 

  0x000001d1d220b8c4: ;   {other}
  0x000001d1d220b8c4: 0f1f 8400 | 3429 0050 | baf6 ffff | ff66 6690 

  0x000001d1d220b8d4: ;   {runtime_call UncommonTrapBlob}
  0x000001d1d220b8d4: c5f8 77e8 

  0x000001d1d220b8d8: ; ImmutableOopMap {}
                      ;*invokevirtual getPackageName {reexecute=0 rethrow=0 return_oop=0}
                      ; - java.lang.ClassLoader::postDefineClass@2
                      ; - java.lang.ClassLoader::defineClass@37
                      ; - java.security.SecureClassLoader::defineClass@12
  0x000001d1d220b8d8: a48a 7dff 

  0x000001d1d220b8dc: ;   {other}
  0x000001d1d220b8dc: 0f1f 8400 | 4c29 0051 | baf6 ffff | ff66 6690 

  0x000001d1d220b8ec: ;   {runtime_call UncommonTrapBlob}
  0x000001d1d220b8ec: c5f8 77e8 

  0x000001d1d220b8f0: ; ImmutableOopMap {}
                      ;*invokevirtual hashCode {reexecute=0 rethrow=0 return_oop=0}
                      ; - java.util.concurrent.ConcurrentHashMap::get@1
                      ; - java.lang.ClassLoader::getNamedPackage@5
                      ; - java.lang.ClassLoader::postDefineClass@9
                      ; - java.lang.ClassLoader::defineClass@37
                      ; - java.security.SecureClassLoader::defineClass@12
  0x000001d1d220b8f0: 8c8a 7dff 

  0x000001d1d220b8f4: ;   {other}
  0x000001d1d220b8f4: 0f1f 8400 | 6429 0052 | 4d85 d244 | 8b54 2420 | 410f 94c2 | ba45 ffff | ff48 8944 | 2430 4889 
  0x000001d1d220b914: 4424 4044 | 8954 2448 

  0x000001d1d220b91c: ;   {runtime_call UncommonTrapBlob}
  0x000001d1d220b91c: c5f8 77e8 

  0x000001d1d220b920: ; ImmutableOopMap {[40]=Oop [48]=Oop [64]=Oop [144]=Oop }
                      ;*ifeq {reexecute=1 rethrow=0 return_oop=0}
                      ; - (reexecute) java.lang.Class::getPackageName@29
                      ; - java.lang.ClassLoader::postDefineClass@2
                      ; - java.lang.ClassLoader::defineClass@37
                      ; - java.security.SecureClassLoader::defineClass@12
  0x000001d1d220b920: 5c8a 7dff 

  0x000001d1d220b924: ;   {other}
  0x000001d1d220b924: 0f1f 8400 | 9429 0053 | baf6 ffff | ff66 6690 

  0x000001d1d220b934: ;   {runtime_call UncommonTrapBlob}
  0x000001d1d220b934: c5f8 77e8 

  0x000001d1d220b938: ; ImmutableOopMap {}
                      ;*arraylength {reexecute=0 rethrow=0 return_oop=0}
                      ; - java.lang.String::length@4
                      ; - java.lang.String::lastIndexOf@3
                      ; - java.lang.Class::getPackageName@47
                      ; - java.lang.ClassLoader::postDefineClass@2
                      ; - java.lang.ClassLoader::defineClass@37
                      ; - java.security.SecureClassLoader::defineClass@12
  0x000001d1d220b938: 448a 7dff 

  0x000001d1d220b93c: ;   {other}
  0x000001d1d220b93c: 0f1f 8400 | ac29 0054 | ba45 ffff | ff48 8b6c | 2428 4c8b | 5424 304c | 8954 2420 

  0x000001d1d220b958: ;   {runtime_call UncommonTrapBlob}
  0x000001d1d220b958: c5f8 77e8 

  0x000001d1d220b95c: ; ImmutableOopMap {rbp=Oop [32]=Oop [56]=Oop [144]=Oop }
                      ;*ifnull {reexecute=1 rethrow=0 return_oop=0}
                      ; - (reexecute) java.lang.ClassLoader::checkName@1
                      ; - java.lang.ClassLoader::preDefineClass@1
                      ; - java.lang.ClassLoader::defineClass@4
                      ; - java.security.SecureClassLoader::defineClass@12
  0x000001d1d220b95c: 208a 7dff 

  0x000001d1d220b960: ;   {other}
  0x000001d1d220b960: 0f1f 8400 | d029 0055 | ba45 ffff | ff48 8b6c | 2428 4c8b | 5424 384c | 8954 2428 | 448b 5424 
  0x000001d1d220b980: 4044 8954 | 2438 448b | 5424 4444 | 8954 243c | 4889 5c24 | 484c 896c | 2458 4489 | 7424 5490 
  0x000001d1d220b9a0: ;   {runtime_call UncommonTrapBlob}
  0x000001d1d220b9a0: c5f8 77e8 

  0x000001d1d220b9a4: ; ImmutableOopMap {rbp=Oop [40]=Oop [48]=Oop [72]=Oop [84]=NarrowOop [88]=Oop [144]=Oop }
                      ;*ifnull {reexecute=1 rethrow=0 return_oop=0}
                      ; - (reexecute) java.lang.ClassLoader::checkCerts@30
                      ; - java.lang.ClassLoader::preDefineClass@113
                      ; - java.lang.ClassLoader::defineClass@4
                      ; - java.security.SecureClassLoader::defineClass@12
  0x000001d1d220b9a4: d889 7dff 

  0x000001d1d220b9a8: ;   {other}
  0x000001d1d220b9a8: 0f1f 8400 | 182a 0056 | ba45 ffff | ff48 8b6c | 2428 4c8b | 5c24 304c | 895c 2420 | 4c8b 5c24 
  0x000001d1d220b9c8: 384c 895c | 2428 448b | 5c24 4044 | 895c 2430 | 448b 4424 | 4444 8944 | 2434 4489 | 5424 4490 
  0x000001d1d220b9e8: ;   {runtime_call UncommonTrapBlob}
  0x000001d1d220b9e8: c5f8 77e8 

  0x000001d1d220b9ec: ; ImmutableOopMap {rbp=Oop [32]=Oop [40]=Oop [68]=NarrowOop [144]=Oop }
                      ;*ifnull {reexecute=1 rethrow=0 return_oop=0}
                      ; - (reexecute) java.lang.ClassLoader::defineClassSourceLocation@8
                      ; - java.lang.ClassLoader::defineClass@12
                      ; - java.security.SecureClassLoader::defineClass@12
  0x000001d1d220b9ec: 9089 7dff 

  0x000001d1d220b9f0: ;   {other}
  0x000001d1d220b9f0: 0f1f 8400 | 602a 0057 | ba45 ffff | ff4c 8b54 | 2428 4c89 | 5424 204c | 8b54 2430 | 4c89 5424 
  0x000001d1d220ba10: 284c 8b54 | 2438 4c89 | 5424 3044 | 8b54 2440 | 4489 5424 | 3844 8b5c | 2444 4489 | 5c24 3c90 
  0x000001d1d220ba30: ;   {runtime_call UncommonTrapBlob}
  0x000001d1d220ba30: c5f8 77e8 

  0x000001d1d220ba34: ; ImmutableOopMap {rbp=NarrowOop [32]=Oop [40]=Oop [48]=Oop [144]=Oop }
                      ;*ifnull {reexecute=1 rethrow=0 return_oop=0}
                      ; - (reexecute) java.lang.ClassLoader::defineClassSourceLocation@15
                      ; - java.lang.ClassLoader::defineClass@12
                      ; - java.security.SecureClassLoader::defineClass@12
  0x000001d1d220ba34: 4889 7dff 

  0x000001d1d220ba38: ;   {other}
  0x000001d1d220ba38: 0f1f 8400 | a82a 0058 | ba45 ffff | ff49 8bee | 4489 5424 | 2066 6690 

  0x000001d1d220ba50: ;   {runtime_call UncommonTrapBlob}
  0x000001d1d220ba50: c5f8 77e8 

  0x000001d1d220ba54: ; ImmutableOopMap {rbp=Oop [32]=NarrowOop }
                      ;*ifnull {reexecute=1 rethrow=0 return_oop=0}
                      ; - (reexecute) java.lang.ClassLoader::postDefineClass@17
                      ; - java.lang.ClassLoader::defineClass@37
                      ; - java.security.SecureClassLoader::defineClass@12
  0x000001d1d220ba54: 2889 7dff 

  0x000001d1d220ba58: ;   {other}
  0x000001d1d220ba58: 0f1f 8400 | c82a 0059 | ba45 ffff | ff4c 8974 | 2430 488b | 4c24 4848 | 894c 2438 | 4489 4c24 
  0x000001d1d220ba78: 504c 895c | 2458 4489 | 4424 5444 | 8954 2460 

  0x000001d1d220ba88: ;   {runtime_call UncommonTrapBlob}
  0x000001d1d220ba88: c5f8 77e8 

  0x000001d1d220ba8c: ; ImmutableOopMap {rbp=NarrowOop [40]=Oop [48]=Oop [56]=Oop [80]=NarrowOop [84]=NarrowOop [88]=Oop }
                      ;*ifnull {reexecute=1 rethrow=0 return_oop=0}
                      ; - (reexecute) java.util.concurrent.ConcurrentHashMap::get@67
                      ; - java.lang.ClassLoader::getNamedPackage@5
                      ; - java.lang.ClassLoader::postDefineClass@9
                      ; - java.lang.ClassLoader::defineClass@37
                      ; - java.security.SecureClassLoader::defineClass@12
  0x000001d1d220ba8c: f088 7dff 

  0x000001d1d220ba90: ;   {other}
  0x000001d1d220ba90: 0f1f 8400 | 002b 005a | e974 0000 | 0066 6690 | e96c 0000 | 00e9 6700 | 0000 e962 | 0000 00e9 
  0x000001d1d220bab0: 5d00 0000 | e958 0000 | 00e9 5300 | 0000 6690 | e94c 0000 | 00e9 4700 | 0000 e942 | 0000 00e9 
  0x000001d1d220bad0: 3d00 0000 | e938 0000 | 00e9 3300 | 0000 6690 | e92c 0000 | 00e9 2700 | 0000 e922 | 0000 00e9 
  0x000001d1d220baf0: 1d00 0000 | e918 0000 | 00e9 1300 | 0000 6690 | e90c 0000 | 00eb 0aeb | 08eb 06eb | 04eb 02eb 
  0x000001d1d220bb10: 0048 8bd0 | e9f4 e7ff | ffba 97ff | ffff 448b | 5424 4044 | 8954 2420 | 4c8b 5424 | 584c 8954 
  0x000001d1d220bb30: 2450 6690 

  0x000001d1d220bb34: ;   {runtime_call UncommonTrapBlob}
  0x000001d1d220bb34: c5f8 77e8 

  0x000001d1d220bb38: ; ImmutableOopMap {rbp=NarrowOop [36]=NarrowOop [40]=Oop [48]=Oop [56]=Oop [80]=Oop [96]=Oop [144]=Oop }
                      ;*invokevirtual clone {reexecute=1 rethrow=0 return_oop=0}
                      ; - (reexecute) java.util.Arrays::copyOfRange@18
                      ; - java.lang.StringLatin1::newString@16
                      ; - java.lang.String::substring@41
                      ; - java.lang.ClassLoader::checkCerts@21
                      ; - java.lang.ClassLoader::preDefineClass@113
                      ; - java.lang.ClassLoader::defineClass@4
                      ; - java.security.SecureClassLoader::defineClass@12
  0x000001d1d220bb38: 4488 7dff 

  0x000001d1d220bb3c: ;   {other}
  0x000001d1d220bb3c: 0f1f 8400 | ac2b 005b | ba97 ffff | ff8b 6c24 | 2466 6690 

  0x000001d1d220bb50: ;   {runtime_call UncommonTrapBlob}
  0x000001d1d220bb50: c5f8 77e8 

  0x000001d1d220bb54: ; ImmutableOopMap {rbp=NarrowOop [40]=Oop [48]=Oop [56]=Oop [72]=Oop }
                      ;*invokevirtual clone {reexecute=1 rethrow=0 return_oop=0}
                      ; - (reexecute) java.util.Arrays::copyOfRange@18
                      ; - java.lang.StringLatin1::newString@16
                      ; - java.lang.String::substring@41
                      ; - java.lang.Class::getPackageName@62
                      ; - java.lang.ClassLoader::postDefineClass@2
                      ; - java.lang.ClassLoader::defineClass@37
                      ; - java.security.SecureClassLoader::defineClass@12
  0x000001d1d220bb54: 2888 7dff 

  0x000001d1d220bb58: ;   {other}
  0x000001d1d220bb58: 0f1f 8400 | c82b 005c 

  0x000001d1d220bb60: ;   {internal_word}
  0x000001d1d220bb60: 49ba a2a4 | 20d2 d101 | 0000 4d89 | 9768 0400 

  0x000001d1d220bb70: ;   {runtime_call SafepointBlob}
  0x000001d1d220bb70: 00e9 0a99 

  0x000001d1d220bb74: ;   {runtime_call StubRoutines (final stubs)}
  0x000001d1d220bb74: 7dff e825 | a97b ffe9 | 7ed8 ffff 
[Stub Code]
  0x000001d1d220bb80: ;   {no_reloc}
  0x000001d1d220bb80: 48bb 1039 | 06df d101 

  0x000001d1d220bb88: ;   {runtime_call I2C/C2I adapters}
  0x000001d1d220bb88: 0000 e9dc 

  0x000001d1d220bb8c: ;   {static_stub}
  0x000001d1d220bb8c: f27c ff48 | bb00 0000 | 0000 0000 

  0x000001d1d220bb98: ;   {runtime_call nmethod}
  0x000001d1d220bb98: 00e9 fbff 

  0x000001d1d220bb9c: ;   {static_stub}
  0x000001d1d220bb9c: ffff 48bb | 0000 0000 | 0000 0000 

  0x000001d1d220bba8: ;   {runtime_call nmethod}
  0x000001d1d220bba8: e9fb ffff 

  0x000001d1d220bbac: ;   {static_stub}
  0x000001d1d220bbac: ff48 bb00 | 0000 0000 

  0x000001d1d220bbb4: ;   {runtime_call nmethod}
  0x000001d1d220bbb4: 0000 00e9 | fbff ffff 

  0x000001d1d220bbbc: ;   {static_stub}
  0x000001d1d220bbbc: 48bb 0000 | 0000 0000 

  0x000001d1d220bbc4: ;   {runtime_call nmethod}
  0x000001d1d220bbc4: 0000 e9fb 

  0x000001d1d220bbc8: ;   {static_stub}
  0x000001d1d220bbc8: ffff ff48 | bb00 0000 | 0000 0000 

  0x000001d1d220bbd4: ;   {runtime_call nmethod}
  0x000001d1d220bbd4: 00e9 fbff 

  0x000001d1d220bbd8: ;   {static_stub}
  0x000001d1d220bbd8: ffff 48bb | 0000 0000 | 0000 0000 

  0x000001d1d220bbe4: ;   {runtime_call nmethod}
  0x000001d1d220bbe4: e9fb ffff 

  0x000001d1d220bbe8: ;   {static_stub}
  0x000001d1d220bbe8: ff48 bb00 | 0000 0000 

  0x000001d1d220bbf0: ;   {runtime_call nmethod}
  0x000001d1d220bbf0: 0000 00e9 | fbff ffff 

  0x000001d1d220bbf8: ;   {static_stub}
  0x000001d1d220bbf8: 48bb 0000 | 0000 0000 

  0x000001d1d220bc00: ;   {runtime_call nmethod}
  0x000001d1d220bc00: 0000 e9fb 

  0x000001d1d220bc04: ;   {static_stub}
  0x000001d1d220bc04: ffff ff48 | bb00 0000 | 0000 0000 

  0x000001d1d220bc10: ;   {runtime_call nmethod}
  0x000001d1d220bc10: 00e9 fbff 

  0x000001d1d220bc14: ;   {static_stub}
  0x000001d1d220bc14: ffff 48bb | 0000 0000 | 0000 0000 

  0x000001d1d220bc20: ;   {runtime_call nmethod}
  0x000001d1d220bc20: e9fb ffff 

  0x000001d1d220bc24: ;   {static_stub}
  0x000001d1d220bc24: ff48 bb00 | 0000 0000 

  0x000001d1d220bc2c: ;   {runtime_call nmethod}
  0x000001d1d220bc2c: 0000 00e9 | fbff ffff 

  0x000001d1d220bc34: ;   {static_stub}
  0x000001d1d220bc34: 48bb 0000 | 0000 0000 

  0x000001d1d220bc3c: ;   {runtime_call nmethod}
  0x000001d1d220bc3c: 0000 e9fb 

  0x000001d1d220bc40: ;   {static_stub}
  0x000001d1d220bc40: ffff ff48 | bb00 0000 | 0000 0000 

  0x000001d1d220bc4c: ;   {runtime_call nmethod}
  0x000001d1d220bc4c: 00e9 fbff 

  0x000001d1d220bc50: ;   {static_stub}
  0x000001d1d220bc50: ffff 48bb | 0000 0000 | 0000 0000 

  0x000001d1d220bc5c: ;   {runtime_call nmethod}
  0x000001d1d220bc5c: e9fb ffff 

  0x000001d1d220bc60: ;   {static_stub}
  0x000001d1d220bc60: ff48 bb00 | 0000 0000 

  0x000001d1d220bc68: ;   {runtime_call nmethod}
  0x000001d1d220bc68: 0000 00e9 | fbff ffff 

  0x000001d1d220bc70: ;   {static_stub}
  0x000001d1d220bc70: 48bb 8053 | 40df d101 

  0x000001d1d220bc78: ;   {runtime_call I2C/C2I adapters}
  0x000001d1d220bc78: 0000 e96f 

  0x000001d1d220bc7c: ;   {runtime_call ExceptionBlob}
  0x000001d1d220bc7c: 997a ffe9 | 7c4f 80ff 
[Deopt Handler Code]
  0x000001d1d220bc84: e800 0000 | 0048 832c 

  0x000001d1d220bc8c: ;   {runtime_call DeoptimizationBlob}
  0x000001d1d220bc8c: 2405 e98d | 8a7d fff4 | f4f4 f4f4 
[/MachCode]


Compiled method (c2) 21432 5952   !   4       java.net.URLClassLoader::findClass (47 bytes)
 total in heap  [0x000001d1d2154590,0x000001d1d2165f10] = 72064
 relocation     [0x000001d1d21546f0,0x000001d1d2154ec8] = 2008
 constants      [0x000001d1d2154ee0,0x000001d1d2154f00] = 32
 main code      [0x000001d1d2154f00,0x000001d1d215e6e0] = 38880
 stub code      [0x000001d1d215e6e0,0x000001d1d215e940] = 608
 oops           [0x000001d1d215e940,0x000001d1d215e998] = 88
 metadata       [0x000001d1d215e998,0x000001d1d215ee00] = 1128
 scopes data    [0x000001d1d215ee00,0x000001d1d2164648] = 22600
 scopes pcs     [0x000001d1d2164648,0x000001d1d21654a8] = 3680
 dependencies   [0x000001d1d21654a8,0x000001d1d2165530] = 136
 handler table  [0x000001d1d2165530,0x000001d1d2165e30] = 2304
 nul chk table  [0x000001d1d2165e30,0x000001d1d2165f10] = 224


[Constant Pool]
             Address          hex4                    hex8      
  0x000001d1d2154ee0:   0x3f400000      0xf4f4f4f43f400000      
  0x000001d1d2154ee4:   0xf4f4f4f4                              
  0x000001d1d2154ee8:   0xf4f4f4f4      0xf4f4f4f4f4f4f4f4      
  0x000001d1d2154eec:   0xf4f4f4f4                              
  0x000001d1d2154ef0:   0xf4f4f4f4      0xf4f4f4f4f4f4f4f4      
  0x000001d1d2154ef4:   0xf4f4f4f4                              
  0x000001d1d2154ef8:   0xf4f4f4f4      0xf4f4f4f4f4f4f4f4      
  0x000001d1d2154efc:   0xf4f4f4f4                              

[MachCode]
[Entry Point]
  # {method} {0x000001d1fa05b958} 'findClass' '(Ljava/lang/String;)Ljava/lang/Class;' in 'java/net/URLClassLoader'
  # this:     rdx:rdx   = 'java/net/URLClassLoader'
  # parm0:    r8:r8     = 'java/lang/String'
  #           [sp+0x120]  (sp of caller)
  0x000001d1d2154f00: ;   {no_reloc}
  0x000001d1d2154f00: 448b 5208 | 49bb 0000 | 00df d101 | 0000 4d03 | d349 3bc2 

  0x000001d1d2154f14: ;   {runtime_call ic_miss_stub}
  0x000001d1d2154f14: 0f85 6698 | 88ff 6690 | 0f1f 4000 
[Verified Entry Point]
  0x000001d1d2154f20: 8984 2400 | 80ff ff55 | 4881 ec10 | 0100 0090 | 4181 7f20 | 0700 0000 | 0f85 9397 | 0000 4c89 
  0x000001d1d2154f40: 8424 b000 | 0000 4889 | 9424 b800 | 0000 448b | 5a58 4585 | db0f 84aa | 3900 0049 | 8beb 488b 
  0x000001d1d2154f60: d54c 8944 | 2420 6690 

  0x000001d1d2154f68: ;   {static_call}
  0x000001d1d2154f68: c5f8 77e8 

  0x000001d1d2154f6c: ; ImmutableOopMap {rbp=Oop [32]=Oop [176]=Oop [184]=Oop }
                      ;*invokestatic ensureMaterializedForStackWalk {reexecute=0 rethrow=0 return_oop=0}
                      ; - java.security.AccessController::executePrivileged@5
                      ; - java.security.AccessController::doPrivileged@13
                      ; - java.net.URLClassLoader::findClass@13
  0x000001d1d2154f6c: 7028 e2ff 

  0x000001d1d2154f70: ;   {other}
  0x000001d1d2154f70: 0f1f 8400 | e009 0000 | 488b dd4c | 8bac 24b0 | 0000 0045 | 0fbe 5510 | 4585 d20f | 8597 6100 
  0x000001d1d2154f90: 0045 8b45 | 1441 8b40 | 0c0f 1f80 | 0000 0000 | 85c0 0f86 | 6615 0000 | 8bf8 ffcf | 3bf8 0f83 
  0x000001d1d2154fb0: 385d 0000 | 8d70 fd4d | 8bf0 660f | 1f44 0000 | 4180 7810 | 2e0f 845b | 3900 0083 | fe01 0f8e 
  0x000001d1d2154fd0: 853d 0000 | bd01 0000 | 0045 33d2 | 4c89 5424 | 5844 8bd0 | 442b d541 | 83c2 fd45 | 33db 3bf5 
  0x000001d1d2154ff0: 450f 4cd3 | 4181 faa0 | 0f00 0041 | b9a0 0f00 | 0045 0f47 | d144 03d5 | eb08 660f | 1f44 0000 
  0x000001d1d2155010: 8be9 4863 | cd45 0fbe | 5c08 100f | 1f44 0000 | 4183 fb2e | 0f84 0512 | 0000 450f | be4c 0811 
  0x000001d1d2155030: 4183 f92e | 0f84 ee11 | 0000 450f | be5c 0812 | 4183 fb2e | 0f84 e211 | 0000 450f | be4c 0813 
  0x000001d1d2155050: 4183 f92e | 0f84 cb11 | 0000 8d4d | 0466 6690 | 413b ca7c | ab4d 8b97 | 5804 0000 

  0x000001d1d215506c: ;   {no_reloc}
  0x000001d1d215506c: 83c5 034d | 8bdd c5fb | 1084 24b8 

  0x000001d1d2155078: ; ImmutableOopMap {r11=Oop r8=NarrowOop rbx=Oop r13=Oop r14=Oop xmm0=Oop [184]=Oop }
                      ;*if_icmpne {reexecute=1 rethrow=0 return_oop=0}
                      ; - (reexecute) java.lang.StringLatin1::replace@28
                      ; - java.lang.String::replace@18
                      ; - java.net.URLClassLoader$1::run@8
                      ; - java.net.URLClassLoader$1::run@1
                      ; - java.security.AccessController::executePrivileged@29
                      ; - java.security.AccessController::doPrivileged@13
                      ; - java.net.URLClassLoader::findClass@13
                      ;   {poll}
  0x000001d1d2155078: 0000 0041 | 8502 6690 | 3bce 0f8d | de3c 0000 | 8be9 e952 | ffff ff45 | 8bd1 eb06 | 458b d141 
  0x000001d1d2155098: ffca 4c8b | 4424 7845 

  0x000001d1d21550a0: ;   {metadata('jdk/internal/loader/URLClassPath$JarLoader$2')}
  0x000001d1d21550a0: 8b48 0841 | 81f9 a822 | 2100 0f85 | 153c 0000 | 418b 5020 

  0x000001d1d21550b4: ; implicit exception: dispatches to 0x000001d1d215d528
  0x000001d1d21550b4: 448b 4a1c | 4489 8c24 | 8800 0000 | 448b 8424 | 8800 0000 | 4c89 4424 | 2841 83fa | ff0f 84a4 
  0x000001d1d21550d4: 4200 0066 | 0f1f 8400 | 0000 0000 | 4585 d20f | 8c43 6800 | 0044 3bd3 | 0f8f 0269 | 0000 443b 
  0x000001d1d21550f4: d30f 84f7 | 2200 000f | 1f44 0000 | 4585 d20f | 840e 4400 | 0049 8b9f | b801 0000 | 4c8b c349 
  0x000001d1d2155114: 83c0 1866 | 0f1f 8400 | 0000 0000 | 4d3b 87c8 | 0100 000f | 83c8 4500 | 004d 8987 | b801 0000 
  0x000001d1d2155134: 410f 0d88 | c000 0000 | 48c7 0301 

  0x000001d1d2155140: ;   {metadata('java/lang/String')}
  0x000001d1d2155140: 0000 00c7 | 4308 78e8 | 0000 4489 | 630c 4c89 | 6310 488d | 5110 453b | d30f 85c6 | 0000 004d 
  0x000001d1d2155160: 63d3 4181 | fb00 0010 | 000f 87e2 | 5600 0048 | 8954 2420 | 4889 5c24 | 6848 8bef | 894c 2460 
  0x000001d1d2155180: 498b b7b8 | 0100 004c | 8954 2438 | 4983 c217 | 4983 e2f8 | 4c8b c64d | 03c2 660f | 1f44 0000 
  0x000001d1d21551a0: 4d3b 87c8 | 0100 000f | 83ba 5600 | 004d 8987 | b801 0000 | 410f 0d88 | c000 0000 | 48c7 0601 
  0x000001d1d21551c0: 0000 0041 | 0f0d 8800 

  0x000001d1d21551c8: ;   {metadata({type array byte})}
  0x000001d1d21551c8: 0100 00c7 | 4608 1823 | 0000 4489 | 5e0c 410f | 0d88 4001 | 0000 410f | 0d88 8001 | 0000 488b 
  0x000001d1d21551e8: d648 83c2 | 104c 8b44 | 2438 4983 | c007 49c1 | e803 488b | 4c24 20c5 | f877 49ba | 604b 9cd1 
  0x000001d1d2155208: d101 0000 

  0x000001d1d215520c: ;   {other}
  0x000001d1d215520c: 41ff d20f | 1f84 0000 | 0000 0048 | 8b5c 2468 | 0f1f 4000 | e9ea 0000 | 0041 81fa | 0000 1000 
  0x000001d1d215522c: 0f87 d265 | 0000 4d63 | ca45 3bda | 418b eb41 | 0f4f ea90 | 443b dd0f | 822f 6600 | 0044 3bd5 
  0x000001d1d215524c: 0f82 2666 | 0000 4983 | c117 4d8b | c149 83e0 | f866 6690 | 4181 fa00 | 0010 000f | 870d 4700 
  0x000001d1d215526c: 0049 8bb7 | b801 0000 | 4c8b de4d | 03d8 660f | 1f44 0000 | 4d3b 9fc8 | 0100 000f | 83ed 4600 
  0x000001d1d215528c: 004d 899f | b801 0000 | 410f 0d8b | c000 0000 | 48c7 0601 | 0000 0041 | 0f0d 8b00 

  0x000001d1d21552a8: ;   {metadata({type array byte})}
  0x000001d1d21552a8: 0100 00c7 | 4608 1823 | 0000 4489 | 560c 410f | 0d8b 4001 | 0000 410f | 0d8b 8001 | 0000 4c8b 
  0x000001d1d21552c8: de49 83c3 | 1049 c1e9 | 0385 ed0f | 8433 6500 | 000f 1f80 | 0000 0000 | 413b ea0f | 8c80 3e00 
  0x000001d1d21552e8: 0048 8bca | 4983 c0f0 | 49c1 e803 | 498b d3c5 | f877 49ba | 604b 9cd1 | d101 0000 

  0x000001d1d2155304: ;   {other}
  0x000001d1d2155304: 41ff d20f | 1f84 0000 | 0000 0041 | 807f 4000 | 0f85 bc3d | 0000 4c8b | db4c 8bd6 | 4489 5314 
  0x000001d1d2155324: 4c8b d64d | 33d3 49c1 | ea14 4d85 | d274 1a49 | c1eb 0948 | b900 0079 | d9d1 0100 | 0049 03cb 
  0x000001d1d2155344: 8039 020f | 85c2 3d00 | 0044 8863 | 1048 899c | 24d8 0000 | 004c 8b54 | 2478 458b 

  0x000001d1d2155360: ;   {metadata('jdk/internal/loader/URLClassPath$JarLoader$2')}
  0x000001d1d2155360: 5208 4181 | faa8 2221 | 000f 853d | 3900 004c | 8b54 2478 

  0x000001d1d2155374: ;   {oop(a 'java/lang/Class'{0x00000000800678e8} = 'jdk/internal/access/SharedSecrets')}
  0x000001d1d2155374: 49bb e878 | 0680 0000 | 0000 458b | 83d4 0000 | 0041 8b48 | 0845 8b5a | 2045 8b4b 

  0x000001d1d2155390: ;   {metadata('java/util/jar/JavaUtilJarAccessImpl')}
  0x000001d1d2155390: 1881 f9b0 | 5931 000f | 8523 5c00 | 0066 6690 | 4585 c90f | 84e3 5a00 | 004d 8bd9 | 488d 9c24 
  0x000001d1d21553b0: 0001 0000 | 498b 03a8 | 020f 8523 | 0000 0048 | 83c8 0148 | 8903 f049 | 0fb1 1b0f | 8437 0000 
  0x000001d1d21553d0: 0048 2bc4 | 4825 07f0 | ffff 4889 | 03e9 2400 | 0000 4c8b | c048 33c0 | f04d 0fb1 | 783e 48c7 
  0x000001d1d21553f0: 0303 0000 | 0074 114c | 3bf8 7515 | 49ff 8086 | 0000 0048 | 33c0 7509 | 49ff 8750 | 0500 0033 
  0x000001d1d2155410: c00f 8501 | 5c00 0041 | 8b69 300f | 1f44 0000 | 85ed 0f85 | 2c66 0000 | 410f b649 | 1285 c90f 
  0x000001d1d2155430: 8500 3500 | 0048 8d84 | 2400 0100 | 0048 8338 | 000f 8479 | 0000 004d | 8b03 41f6 | c002 0f84 
  0x000001d1d2155450: 6200 0000 | 4983 b886 | 0000 0000 | 7409 49ff | 8886 0000 | 00eb 4b49 | 8b80 9600 | 0000 490b 
  0x000001d1d2155470: 808e 0000 | 0075 0a49 | c740 3e00 | 0000 00eb | 3d49 83b8 | 9e00 0000 | 0074 2248 | 33c0 49c7 
  0x000001d1d2155490: ;   {no_reloc}
  0x000001d1d2155490: 403e 0000 | 0000 f083 | 0424 0049 | 83b8 9e00 | 0000 0075 | 0df0 4d0f | b178 3e75 | 0583 c801 
  0x000001d1d21554b0: eb0c a800 | eb08 4c8b | 00f0 4d0f | b103 750a | 49ff 8f50 | 0500 0045 | 33c0 0f85 | dd5b 0000 
  0x000001d1d21554d0: 458b 5a20 

  0x000001d1d21554d4: ; implicit exception: dispatches to 0x000001d1d215d5b4
  0x000001d1d21554d4: 418b 6b18 

  0x000001d1d21554d8: ; implicit exception: dispatches to 0x000001d1d215d5f8
  0x000001d1d21554d8: 448b 4508 | 0f1f 4000 

  0x000001d1d21554e0: ;   {metadata('java/util/jar/JarFile')}
  0x000001d1d21554e0: 4181 f880 | 1219 000f | 85f1 5b00 | 004c 8bcd | 418b 7928 | 85ff 0f84 | 6a22 0000 | 8b6f 0c90 
  0x000001d1d2155500: 4180 7f40 | 000f 8589 | 3b00 008b | 4d08 4d8b | c14d 8bda | 4c8b 5720 

  0x000001d1d2155518: ;   {oop(a 'java/lang/Class'{0x000000008008ee18} = 'java/lang/ref/SoftReference')}
  0x000001d1d2155518: 49b9 18ee | 0880 0000 | 0000 4d8b | 4970 4d3b | d10f 85c9 

  0x000001d1d215552c: ;   {metadata('java/util/jar/Manifest')}
  0x000001d1d215552c: 3300 0081 | f9a0 e104 | 000f 8599 | 7e00 004c | 8bf5 4c8b | 9424 b800 | 0000 458b | 4a38 4585 
  0x000001d1d215554c: c90f 849d | 5800 004c | 8bac 24d8 | 0000 0041 | 8b45 0c90 | 85c0 0f84 | 1d14 0000 | 458b 4928 
  0x000001d1d215556c: 4585 c90f | 84a2 3300 | 0045 8b59 | 0c0f 1f80 | 0000 0000 | 4585 db0f | 86fb 6300 | 0044 8bd0 
  0x000001d1d215558c: 41c1 ea10 | 4433 d041 | ffcb 4181 | e2ff ffff | 7f45 23da | 4d63 db47 | 8b4c 9910 | 4585 c90f 
  0x000001d1d21555ac: 8555 0400 | 0049 bb00 | 0079 d9d1 

  0x000001d1d21555b8: ;   {metadata('java/lang/IllegalArgumentException')}
  0x000001d1d21555b8: 0100 0048 | bdc0 9a06 | dfd1 0100 | 004d 85f6 | 0f84 1837 | 0000 4c89 | 7424 404c | 896c 2438 
  0x000001d1d21555d8: 4c89 5c24 | 2048 8b94 | 24b8 0000 | 004d 8bc5 | 4d8b ce48 | 8b7c 2428 | 4c8b 9424 | b000 0000 
  0x000001d1d21555f8: 4c89 5424 | 4848 8954 | 2470 6690 

  0x000001d1d2155604: ;   {optimized virtual_call}
  0x000001d1d2155604: c5f8 77e8 

  0x000001d1d2155608: ; ImmutableOopMap {[40]=Oop [48]=Oop [56]=Oop [64]=Oop [72]=Oop [112]=Oop [120]=Oop [136]=NarrowOop [176]=Oop [184]=Oop }
                      ;*invokevirtual definePackage {reexecute=0 rethrow=0 return_oop=1}
                      ; - java.net.URLClassLoader::defineClass@64
                      ; - java.net.URLClassLoader$1::run@43
                      ; - java.net.URLClassLoader$1::run@1
                      ; - java.security.AccessController::executePrivileged@29
                      ; - java.security.AccessController::doPrivileged@13
                      ; - java.net.URLClassLoader::findClass@13
  0x000001d1d2155608: 1464 61f8 

  0x000001d1d215560c: ;   {other}
  0x000001d1d215560c: 0f1f 8400 | 7c10 0002 | 4c8b 5c24 | 2048 8d9c | 2400 0100 | 004c 8b44 | 2478 498b | 00a8 020f 
  0x000001d1d215562c: 8523 0000 | 0048 83c8 | 0148 8903 | f049 0fb1 | 180f 8437 | 0000 0048 | 2bc4 4825 | 07f0 ffff 
  0x000001d1d215564c: 4889 03e9 | 2400 0000 | 4c8b d048 | 33c0 f04d | 0fb1 7a3e | 48c7 0303 | 0000 0074 | 114c 3bf8 
  0x000001d1d215566c: 7515 49ff | 8286 0000 | 0048 33c0 | 7509 49ff | 8750 0500 | 0033 c00f | 8547 5800 | 004c 8b54 
  0x000001d1d215568c: 2478 458b | 7208 453b | 620c 0f85 | ba00 0000 | 0f1f 4000 

  0x000001d1d21556a0: ;   {metadata('jdk/internal/loader/URLClassPath$JarLoader$2')}
  0x000001d1d21556a0: 4181 fea8 | 2221 000f | 85e8 3600 | 004c 8b4c | 2478 458b | 5120 458b | 4218 418b | 691c 6690 
  0x000001d1d21556c0: 4585 c00f | 849c 6400 | 0044 8974 | 2438 4c89 | 5c24 2049 | 8bd0 4c8b | c54c 894c | 2460 4c89 
  0x000001d1d21556e0: 4c24 684c | 8b94 24b0 | 0000 004c | 8954 2470 | 488b ac24 | b800 0000 

  0x000001d1d21556f8: ;   {optimized virtual_call}
  0x000001d1d21556f8: c5f8 77e8 

  0x000001d1d21556fc: ; ImmutableOopMap {rbp=Oop [40]=Oop [48]=Oop [96]=Oop [104]=Oop [112]=Oop [120]=Oop [136]=NarrowOop [176]=Oop [184]=Oop }
                      ;*invokevirtual getInputStream {reexecute=0 rethrow=0 return_oop=1}
                      ; - jdk.internal.loader.URLClassPath$JarLoader$2::getInputStream@11
                      ; - jdk.internal.loader.Resource::cachedInputStream@9
                      ; - jdk.internal.loader.Resource::getByteBuffer@1
                      ; - java.net.URLClassLoader::defineClass@132
                      ; - java.net.URLClassLoader$1::run@43
                      ; - java.net.URLClassLoader$1::run@1
                      ; - java.security.AccessController::executePrivileged@29
                      ; - java.security.AccessController::doPrivileged@13
                      ; - java.net.URLClassLoader::findClass@13
  0x000001d1d21556fc: 60d2 0600 

  0x000001d1d2155700: ;   {other}
  0x000001d1d2155700: 0f1f 8400 | 7011 0003 | 488b d841 | 807f 4000 | 0f85 183b | 0000 4c8b | 5424 784c | 8bdb 4c8b 
  0x000001d1d2155720: 4424 7845 | 8958 0c4c | 8bdb 4d33 | da49 c1eb | 144d 85db | 741b 4885 | db74 1649 | c1ea 094c 
  0x000001d1d2155740: 8b44 2420 | 4d03 c241 | 8038 020f | 851e 3b00 | 0044 8b74 | 2438 4c8b | 5424 7841 | 8b6a 0c48 
  0x000001d1d2155760: 8d84 2400 | 0100 004c | 8b5c 2478 | 4883 3800 | 0f84 7900 | 0000 4d8b | 1341 f6c2 | 020f 8462 
  0x000001d1d2155780: 0000 0049 | 83ba 8600 | 0000 0074 | 0949 ff8a | 8600 0000 | eb4b 498b | 8296 0000 | 0049 0b82 
  0x000001d1d21557a0: 8e00 0000 | 750a 49c7 | 423e 0000 | 0000 eb3d | 4983 ba9e | 0000 0000 | 7422 4833 | c049 c742 
  0x000001d1d21557c0: 3e00 0000 | 00f0 8304 | 2400 4983 | ba9e 0000 | 0000 750d | f04d 0fb1 | 7a3e 7505 | 83c8 01eb 
  0x000001d1d21557e0: 0ca8 00eb | 084c 8b10 | f04d 0fb1 | 1375 0a49 | ff8f 5005 | 0000 4533 | d20f 8546 

  0x000001d1d21557fc: ;   {no_reloc}
  0x000001d1d21557fc: 5700 0090 

  0x000001d1d2155800: ; implicit exception: dispatches to 0x000001d1d215d4ac
  0x000001d1d2155800: 448b 5508 

  0x000001d1d2155804: ;   {metadata('sun/nio/ByteBuffered')}
  0x000001d1d2155804: 48b8 8831 | 36df d101 | 0000 48be | 0000 00df | d101 0000 | 4903 f24c | 8b56 2090 | 4c3b d00f 
  0x000001d1d2155824: 848b 5500 | 0048 33ff | 4c8b 9ea0 | 0000 0049 | 8bd3 48c1 | e230 0f89 | 2100 0000 | f348 0fb8 
  0x000001d1d2155844: d248 8b5e | 2848 3b04 | d374 1549 | 0fba e310 | 730b 49c1 

  0x000001d1d2155858: ;   {runtime_call StubRoutines (compiler stubs)}
  0x000001d1d2155858: cb0f e8f8 | 5b8b ffeb | 0348 ffc7 | 4885 ff0f | 8447 5500 

  0x000001d1d215586c: ;   {metadata('jdk/internal/loader/URLClassPath$JarLoader$2')}
  0x000001d1d215586c: 0041 81fe | a822 2100 | 0f85 9a33 | 0000 488b | 5424 784c | 8b94 24b0 | 0000 004c | 8954 2420 
  0x000001d1d215588c: 4889 5424 | 384c 8954 | 2440 488b | ac24 b800 | 0000 6690 

  0x000001d1d21558a0: ;   {optimized virtual_call}
  0x000001d1d21558a0: c5f8 77e8 

  0x000001d1d21558a4: ; ImmutableOopMap {rbp=Oop [32]=Oop [40]=Oop [48]=Oop [56]=Oop [64]=Oop [120]=Oop [136]=NarrowOop [176]=Oop [184]=Oop }
                      ;*invokevirtual getBytes {reexecute=0 rethrow=0 return_oop=1}
                      ; - java.net.URLClassLoader::defineClass@179
                      ; - java.net.URLClassLoader$1::run@43
                      ; - java.net.URLClassLoader$1::run@1
                      ; - java.security.AccessController::executePrivileged@29
                      ; - java.security.AccessController::doPrivileged@13
                      ; - java.net.URLClassLoader::findClass@13
  0x000001d1d21558a4: 3898 0b00 

  0x000001d1d21558a8: ;   {other}
  0x000001d1d21558a8: 0f1f 8400 | 1813 0004 | 4889 4424 | 684c 8b5c | 2478 458b | 5308 6690 

  0x000001d1d21558c0: ;   {metadata('jdk/internal/loader/URLClassPath$JarLoader$2')}
  0x000001d1d21558c0: 4181 faa8 | 2221 000f | 8589 3300 | 0048 8b54 | 2478 4c8b | 9424 b000 | 0000 4c89 | 5424 384c 
  0x000001d1d21558e0: 8954 2440 | 488b ac24 | b800 0000 

  0x000001d1d21558ec: ;   {optimized virtual_call}
  0x000001d1d21558ec: c5f8 77e8 

  0x000001d1d21558f0: ; ImmutableOopMap {rbp=Oop [40]=Oop [48]=Oop [56]=Oop [64]=Oop [104]=Oop [120]=Oop [136]=NarrowOop [176]=Oop [184]=Oop }
                      ;*invokevirtual getCodeSigners {reexecute=0 rethrow=0 return_oop=1}
                      ; - java.net.URLClassLoader::defineClass@185
                      ; - java.net.URLClassLoader$1::run@43
                      ; - java.net.URLClassLoader$1::run@1
                      ; - java.security.AccessController::executePrivileged@29
                      ; - java.security.AccessController::doPrivileged@13
                      ; - java.net.URLClassLoader::findClass@13
  0x000001d1d21558f0: 6c90 0b00 

  0x000001d1d21558f4: ;   {other}
  0x000001d1d21558f4: 0f1f 8400 | 6413 0005 | 4889 4424 | 584c 8b5c | 2478 498b | 87b8 0100 | 004c 8bd0 | 4983 c228 
  0x000001d1d2155914: 0f1f 8400 | 0000 0000 | 6666 6690 | 4d3b 97c8 | 0100 000f | 834c 3d00 | 004d 8997 | b801 0000 
  0x000001d1d2155934: 410f 0d8a | c000 0000 | 48c7 0001 

  0x000001d1d2155940: ;   {metadata('java/security/CodeSource')}
  0x000001d1d2155940: 0000 00c7 | 4008 285c | 0000 4489 | 600c 4c89 | 6010 4c89 | 6018 4c89 | 6020 4c89 | 5c24 3848 
  0x000001d1d2155960: 8944 2460 | 488b d04c | 8b44 2428 | 4c8b 4c24 | 584c 8b94 | 24b0 0000 | 004c 8954 | 2420 488b 
  0x000001d1d2155980: ac24 b800 | 0000 6690 

  0x000001d1d2155988: ;   {optimized virtual_call}
  0x000001d1d2155988: c5f8 77e8 

  0x000001d1d215598c: ; ImmutableOopMap {rbp=Oop [32]=Oop [48]=Oop [56]=Oop [96]=Oop [104]=Oop [176]=Oop [184]=Oop }
                      ;*invokespecial <init> {reexecute=0 rethrow=0 return_oop=0}
                      ; - java.net.URLClassLoader::defineClass@198
                      ; - java.net.URLClassLoader$1::run@43
                      ; - java.net.URLClassLoader$1::run@1
                      ; - java.security.AccessController::executePrivileged@29
                      ; - java.security.AccessController::doPrivileged@13
                      ; - java.net.URLClassLoader::findClass@13
  0x000001d1d215598c: d0b1 0a00 

  0x000001d1d2155990: ;   {other}
  0x000001d1d2155990: 0f1f 8400 | 0014 0006 

  0x000001d1d2155998: ;   {oop(a 'jdk/internal/perf/PerfCounter'{0x000000008008dc58})}
  0x000001d1d2155998: 48ba 58dc | 0880 0000 | 0000 4c8b | 4424 5090 

  0x000001d1d21559a8: ;   {optimized virtual_call}
  0x000001d1d21559a8: c5f8 77e8 

  0x000001d1d21559ac: ; ImmutableOopMap {rbp=Oop [32]=Oop [48]=Oop [56]=Oop [96]=Oop [104]=Oop [176]=Oop [184]=Oop }
                      ;*invokevirtual addElapsedTimeFrom {reexecute=0 rethrow=0 return_oop=0}
                      ; - java.net.URLClassLoader::defineClass@207
                      ; - java.net.URLClassLoader$1::run@43
                      ; - java.net.URLClassLoader$1::run@1
                      ; - java.security.AccessController::executePrivileged@29
                      ; - java.security.AccessController::doPrivileged@13
                      ; - java.net.URLClassLoader::findClass@13
  0x000001d1d21559ac: 100d f4ff 

  0x000001d1d21559b0: ;   {other}
  0x000001d1d21559b0: 0f1f 8400 | 2014 0007 | 4c8b 4c24 | 6866 6690 

  0x000001d1d21559c0: ; implicit exception: dispatches to 0x000001d1d215d4ec
  0x000001d1d21559c0: 418b 710c | 488b d54c | 8b44 2420 | 33ff 488b | 4c24 6090 

  0x000001d1d21559d4: ;   {optimized virtual_call}
  0x000001d1d21559d4: c5f8 77e8 

  0x000001d1d21559d8: ; ImmutableOopMap {rbp=Oop [32]=Oop [48]=Oop [56]=Oop [176]=Oop [184]=Oop }
                      ;*invokevirtual defineClass {reexecute=0 rethrow=0 return_oop=1}
                      ; - java.net.URLClassLoader::defineClass@220
                      ; - java.net.URLClassLoader$1::run@43
                      ; - java.net.URLClassLoader$1::run@1
                      ; - java.security.AccessController::executePrivileged@29
                      ; - java.security.AccessController::doPrivileged@13
                      ; - java.net.URLClassLoader::findClass@13
  0x000001d1d21559d8: 043a 0b00 

  0x000001d1d21559dc: ;   {other}
  0x000001d1d21559dc: 0f1f 8400 | 4c14 0008 | 4885 c00f | 8401 0d00 | 00c5 f877 | 4881 c410 | 0100 005d 

  0x000001d1d21559f8: ;   {poll_return}
  0x000001d1d21559f8: 493b a750 | 0400 000f | 87b6 8c00 | 00c3 458b | 590c 453b | da0f 8412 | 0100 0045 | 85db 0f8c 
  0x000001d1d2155a18: c93e 0000 | 49bb 0000 | 79d9 d101 | 0000 458b | 4918 4585 | c90f 8488 | fbff ff49 | 8bc9 448b 
  0x000001d1d2155a38: 490c 498b | af58 0400 | 004c 8b84 | 24b0 0000 | 0048 8bbc | 24b8 0000 

  0x000001d1d2155a50: ; ImmutableOopMap {r8=Oop rcx=Oop rdi=Oop r13=Oop r14=Oop [40]=Oop [48]=Oop [120]=Oop [136]=NarrowOop [176]=Oop [184]=Oop }
                      ;*if_icmpne {reexecute=1 rethrow=0 return_oop=0}
                      ; - (reexecute) java.util.concurrent.ConcurrentHashMap::get@127
                      ; - java.lang.ClassLoader::getDefinedPackage@13
                      ; - java.net.URLClassLoader::getAndVerifyPackage@2
                      ; - java.net.URLClassLoader::defineClass@46
                      ; - java.net.URLClassLoader$1::run@43
                      ; - java.net.URLClassLoader$1::run@1
                      ; - java.security.AccessController::executePrivileged@29
                      ; - java.security.AccessController::doPrivileged@13
                      ; - java.net.URLClassLoader::findClass@13
                      ;   {poll}
  0x000001d1d2155a50: 0085 4500 | 453b ca74 | 1544 8b49 | 1866 6690 | 4585 c90f | 8452 fbff | ff49 8bc9 | ebc8 8b69 
  0x000001d1d2155a70: 104c 8bc5 | 4d3b c50f | 848c 0000 | 0066 6690 | 85ed 0f84 | c46d 0000 | 4889 4c24 | 6044 8954 
  0x000001d1d2155a90: 2424 4c89 | 7424 484c | 896c 2440 | 4c89 5c24 | 3844 8b9c | 2488 0000 | 0044 895c | 2420 4c8b 
  0x000001d1d2155ab0: c549 8bd5 | 488b ac24 | b000 0000 | 4889 bc24 | 9000 0000 

  0x000001d1d2155ac4: ;   {optimized virtual_call}
  0x000001d1d2155ac4: c5f8 77e8 

  0x000001d1d2155ac8: ; ImmutableOopMap {rbp=Oop [32]=NarrowOop [40]=Oop [48]=Oop [64]=Oop [72]=Oop [96]=Oop [120]=Oop [144]=Oop [176]=Oop [184]=Oop }
                      ;*invokevirtual equals {reexecute=0 rethrow=0 return_oop=0}
                      ; - java.util.concurrent.ConcurrentHashMap::get@149
                      ; - java.lang.ClassLoader::getDefinedPackage@13
                      ; - java.net.URLClassLoader::getAndVerifyPackage@2
                      ; - java.net.URLClassLoader::defineClass@46
                      ; - java.net.URLClassLoader$1::run@43
                      ; - java.net.URLClassLoader$1::run@1
                      ; - java.security.AccessController::executePrivileged@29
                      ; - java.security.AccessController::doPrivileged@13
                      ; - java.net.URLClassLoader::findClass@13
  0x000001d1d2155ac8: 74a0 deff 

  0x000001d1d2155acc: ;   {other}
  0x000001d1d2155acc: 0f1f 8400 | 3c15 000a | 4d8b 9758 

  0x000001d1d2155ad8: ; ImmutableOopMap {rbp=Oop [32]=NarrowOop [40]=Oop [48]=Oop [64]=Oop [72]=Oop [96]=Oop [120]=Oop [144]=Oop [176]=Oop [184]=Oop }
                      ;*ifeq {reexecute=1 rethrow=0 return_oop=0}
                      ; - (reexecute) java.util.concurrent.ConcurrentHashMap::get@152
                      ; - java.lang.ClassLoader::getDefinedPackage@13
                      ; - java.net.URLClassLoader::getAndVerifyPackage@2
                      ; - java.net.URLClassLoader::defineClass@46
                      ; - java.net.URLClassLoader$1::run@43
                      ; - java.net.URLClassLoader$1::run@1
                      ; - java.security.AccessController::executePrivileged@29
                      ; - java.security.AccessController::doPrivileged@13
                      ; - java.net.URLClassLoader::findClass@13
                      ;   {poll}
  0x000001d1d2155ad8: 0400 0041 | 8502 6690 | 85c0 0f84 | 653a 0000 | 448b 5424 | 2044 8994 | 2488 0000 | 004c 8b5c 
  0x000001d1d2155af8: 2438 4c8b | 6c24 404c | 8b74 2448 | 488b 4c24 | 608b 6914 | 85ed 0f84 | a7fa ffff | 450f b64d 
  0x000001d1d2155b18: 1141 8b45 | 0c66 6690 | e956 0100 | 0041 8b69 | 104c 8bdd | 4d3b dd0f | 841f 0100 | 0044 8b5d 
  0x000001d1d2155b38: 0848 8bcd | 0f1f 4000 | 4c3b e90f | 840b 0100 

  0x000001d1d2155b48: ;   {metadata('java/lang/String')}
  0x000001d1d2155b48: 0041 81fb | 78e8 0000 | 0f85 1677 | 0000 410f | be5d 100f | be69 1090 | 3bdd 0f85 | 5068 0000 
  0x000001d1d2155b68: 458b c244 | 8b51 1441 | 8b7d 1441 | 8b5a 0c8b | 4f0c 660f | 1f44 0000 | 3bcb 0f85 | 0466 0000 
  0x000001d1d2155b88: 4d8b da49 | 8d72 104c | 8bd7 488d | 7f10 85c9 | 0f84 9d00 | 0000 8bc1 | 83e0 1f83 | e1e0 0f84 
  0x000001d1d2155ba8: 4b00 0000 | 488d 3c0f | 488d 340e | 48f7 d9c5 | fe6f 0c0f | c5fe 6f04 | 0ec5 f5ef | c8c4 e27d 
  0x000001d1d2155bc8: 17c9 0f85 | 7200 0000 | 4883 c120 | 75e1 85c0 | 0f84 5d00 | 0000 c5fe | 6f4c 07e0 | c5fe 6f44 
  0x000001d1d2155be8: 06e0 c5f5 | efc8 c4e2 | 7d17 c975 | 4deb 448b | c883 e1fc | 7419 488d | 3c0f 488d | 340e 48f7 
  0x000001d1d2155c08: d98b 1c0f | 3b1c 0e75 | 3148 83c1 | 0475 f2a8 | 0274 120f | b71f 0fb7 | 0e3b d975 | 1d48 8d7f 
  0x000001d1d2155c28: 0248 8d76 | 02a8 0174 | 0a0f b61f | 0fb6 0e3b | d975 07b8 | 0100 0000 | eb02 33c0 | c5f5 efc9 
  0x000001d1d2155c48: ;   {no_reloc}
  0x000001d1d2155c48: c5fd efc0 | 85c0 0f84 | 3c65 0000 | 418b 6914 | 0f1f 8400 | 0000 0000 | 85ed 0f84 | b735 0000 
  0x000001d1d2155c68: 418b 450c | 450f b64d | 1149 bb00 | 0079 d9d1 | 0100 0044 | 8b45 0890 

  0x000001d1d2155c80: ;   {metadata('java/lang/Package')}
  0x000001d1d2155c80: 4181 f8e8 | bd01 000f | 8547 7400 | 0041 8b7d | 1444 8b57 | 0c4c 8bc5 | 458b 4010 | 0f1f 4000 
  0x000001d1d2155ca0: 4585 d20f | 865b 5800 | 004c 8b94 | 24b8 0000 | 0041 8b4a | 3885 c90f | 8463 5700 | 0066 6690 
  0x000001d1d2155cc0: 85c0 0f84 | 4a17 0000 | 8b49 2885 | c90f 84bc | 0200 0044 | 8b49 0c66 | 0f1f 8400 | 0000 0000 
  0x000001d1d2155ce0: 4585 c90f | 86cd 6100 | 0044 8bd0 | 41c1 ea10 | 4433 d041 | ffc9 4181 | e2ff ffff | 7f45 23ca 
  0x000001d1d2155d00: 4d63 c946 | 8b4c 8910 | 4585 c90f | 847e 0200 | 0041 8b59 | 0c41 3bda | 0f85 6701 | 0000 418b 
  0x000001d1d2155d20: 6910 488b | cd49 3bcd | 0f84 2b01 | 0000 8b5d | 08c4 c179 | 6ec9 458b | ca48 8bfd | 0f1f 4000 
  0x000001d1d2155d40: 4c3b ef0f | 8491 2c00 

  0x000001d1d2155d48: ;   {metadata('java/lang/String')}
  0x000001d1d2155d48: 0081 fb78 | e800 000f | 858f 7500 | 0045 0fbe | 5510 418b | ca0f be6f | 1044 3bd5 | 0f85 a268 
  0x000001d1d2155d68: 0000 448b | 5714 418b | 7d14 418b | 5a0c 8b4f | 0c0f 1f80 | 0000 0000 | 3bcb 0f85 | ac65 0000 
  0x000001d1d2155d88: 498b da49 | 8d72 104c | 8bd7 488d | 7f10 85c9 | 0f84 9d00 | 0000 8bc1 | 83e0 1f83 | e1e0 0f84 
  0x000001d1d2155da8: 4b00 0000 | 488d 3c0f | 488d 340e | 48f7 d9c5 | fe6f 040f | c5fe 6f14 | 0ec5 fdef | c2c4 e27d 
  0x000001d1d2155dc8: 17c0 0f85 | 7200 0000 | 4883 c120 | 75e1 85c0 | 0f84 5d00 | 0000 c5fe | 6f44 07e0 | c5fe 6f54 
  0x000001d1d2155de8: 06e0 c5fd | efc2 c4e2 | 7d17 c075 | 4deb 448b | c883 e1fc | 7419 488d | 3c0f 488d | 340e 48f7 
  0x000001d1d2155e08: d98b 1c0f | 3b1c 0e75 | 3148 83c1 | 0475 f2a8 | 0274 120f | b71f 0fb7 | 0e3b d975 | 1d48 8d7f 
  0x000001d1d2155e28: 0248 8d76 | 02a8 0174 | 0a0f b61f | 0fb6 0e3b | d975 07b8 | 0100 0000 | eb02 33c0 | c5fd efc0 
  0x000001d1d2155e48: ;   {no_reloc}
  0x000001d1d2155e48: c5ed efd2 | 85c0 0f84 | e464 0000 | c4c1 797e | c941 8b69 | 1466 6690 | 85ed 0f84 | 2701 0000 
  0x000001d1d2155e68: 448b 4d08 

  0x000001d1d2155e6c: ;   {metadata('java/lang/Package')}
  0x000001d1d2155e6c: 4181 f9e8 | bd01 000f | 85eb 7400 | 004c 8bcd | 0f1f 4000 | e9de 0100 | 0085 db0f | 8cc4 3c00 
  0x000001d1d2155e8c: 0049 8bc9 | 448b 4918 | 4585 c90f | 84f2 0000 | 0049 8bc9 | 8b59 0c49 | 8baf 5804 | 0000 4c8b 
  0x000001d1d2155eac: 8c24 b000 | 0000 488b | 9424 b800 

  0x000001d1d2155eb8: ; ImmutableOopMap {r8=NarrowOop r9=Oop rcx=Oop rdx=Oop r13=Oop r14=Oop [40]=Oop [48]=Oop [120]=Oop [136]=NarrowOop [176]=Oop [184]=Oop }
                      ;*if_icmpne {reexecute=1 rethrow=0 return_oop=0}
                      ; - (reexecute) java.util.concurrent.ConcurrentHashMap::get@127
                      ; - java.lang.ClassLoader::definePackage@47
                      ; - java.lang.ClassLoader::getDefinedPackage@32
                      ; - java.net.URLClassLoader::getAndVerifyPackage@2
                      ; - java.net.URLClassLoader::defineClass@46
                      ; - java.net.URLClassLoader$1::run@43
                      ; - java.net.URLClassLoader$1::run@1
                      ; - java.security.AccessController::executePrivileged@29
                      ; - java.security.AccessController::doPrivileged@13
                      ; - java.net.URLClassLoader::findClass@13
                      ;   {poll}
  0x000001d1d2155eb8: 0000 8545 | 0066 6690 | 413b da74 | 1244 8b49 | 1845 85c9 | 0f84 bd00 | 0000 498b | c9eb c98b 
  0x000001d1d2155ed8: 6910 4c8b | cd66 6690 | 4d3b cd0f | 849b 0000 | 0085 ed0f | 846f 6a00 | 0048 894c | 2468 4489 
  0x000001d1d2155ef8: 5424 6044 | 8944 2424 | 4c89 7424 | 484c 896c | 2440 4c89 | 5c24 3844 | 8b94 2488 | 0000 0044 
  0x000001d1d2155f18: 8954 2420 | 4c8b c549 | 8bd5 488b | ac24 b000 | 0000 4c8b | 9424 b800 | 0000 4c89 | 9424 8000 
  0x000001d1d2155f38: 0000 6690 

  0x000001d1d2155f3c: ;   {optimized virtual_call}
  0x000001d1d2155f3c: c5f8 77e8 

  0x000001d1d2155f40: ; ImmutableOopMap {rbp=Oop [32]=NarrowOop [36]=NarrowOop [40]=Oop [48]=Oop [64]=Oop [72]=Oop [104]=Oop [120]=Oop [128]=Oop [176]=Oop [184]=Oop }
                      ;*invokevirtual equals {reexecute=0 rethrow=0 return_oop=0}
                      ; - java.util.concurrent.ConcurrentHashMap::get@149
                      ; - java.lang.ClassLoader::definePackage@47
                      ; - java.lang.ClassLoader::getDefinedPackage@32
                      ; - java.net.URLClassLoader::getAndVerifyPackage@2
                      ; - java.net.URLClassLoader::defineClass@46
                      ; - java.net.URLClassLoader$1::run@43
                      ; - java.net.URLClassLoader$1::run@1
                      ; - java.security.AccessController::executePrivileged@29
                      ; - java.security.AccessController::doPrivileged@13
                      ; - java.net.URLClassLoader::findClass@13
  0x000001d1d2155f40: fc9b deff 

  0x000001d1d2155f44: ;   {other}
  0x000001d1d2155f44: 0f1f 8400 | b419 000d | 4d8b 9758 

  0x000001d1d2155f50: ; ImmutableOopMap {rbp=Oop [32]=NarrowOop [36]=NarrowOop [40]=Oop [48]=Oop [64]=Oop [72]=Oop [104]=Oop [120]=Oop [128]=Oop [176]=Oop [184]=Oop }
                      ;*ifeq {reexecute=1 rethrow=0 return_oop=0}
                      ; - (reexecute) java.util.concurrent.ConcurrentHashMap::get@152
                      ; - java.lang.ClassLoader::definePackage@47
                      ; - java.lang.ClassLoader::getDefinedPackage@32
                      ; - java.net.URLClassLoader::getAndVerifyPackage@2
                      ; - java.net.URLClassLoader::defineClass@46
                      ; - java.net.URLClassLoader$1::run@43
                      ; - java.net.URLClassLoader$1::run@1
                      ; - java.security.AccessController::executePrivileged@29
                      ; - java.security.AccessController::doPrivileged@13
                      ; - java.net.URLClassLoader::findClass@13
                      ;   {poll}
  0x000001d1d2155f50: 0400 0041 | 8502 85c0 | 0f84 6737 | 0000 448b | 5424 2044 | 8994 2488 | 0000 004c | 8b5c 2438 
  0x000001d1d2155f70: 4c8b 6c24 | 404c 8b74 | 2448 448b | 4424 2448 | 8b4c 2468 | 8b69 1485 | ed0f 85d9 | feff ff4c 
  0x000001d1d2155f90: 8b94 24b8 | 0000 0041 | 8b6a 384d | 8b8f b801 | 0000 4d8b | d149 83c2 | 184d 3b97 | c801 0000 
  0x000001d1d2155fb0: 0f83 fa48 | 0000 4d89 | 97b8 0100 | 0041 0f0d | 8ac0 0000 | 0049 c701 | 0100 0000 

  0x000001d1d2155fcc: ;   {metadata('java/lang/ClassLoader$$Lambda+0x000001d1e0065de0')}
  0x000001d1d2155fcc: 41c7 4108 | e05d 0601 | 4d89 6110 | 4c8b 9424 | b800 0000 | 498b ca41 | 8949 0c45 | 8941 1085 
  0x000001d1d2155fec: ed0f 8471 | 6200 004c | 8974 2460 | 4c89 6c24 | 704c 895c | 2420 488b | d54d 8bc5 | 4c8b 9424 
  0x000001d1d215600c: b800 0000 | 4c89 5424 | 404c 896c | 2448 4c8b | 9424 b000 | 0000 4c89 | 9424 9000 | 0000 488b 
  0x000001d1d215602c: 6c24 4090 

  0x000001d1d2156030: ;   {optimized virtual_call}
  0x000001d1d2156030: c5f8 77e8 

  0x000001d1d2156034: ; ImmutableOopMap {rbp=Oop [40]=Oop [48]=Oop [64]=Oop [72]=Oop [96]=Oop [112]=Oop [120]=Oop [136]=NarrowOop [144]=Oop [176]=Oop [184]=Oop }
                      ;*invokevirtual compute {reexecute=0 rethrow=0 return_oop=1}
                      ; - java.lang.ClassLoader::definePackage@78
                      ; - java.lang.ClassLoader::getDefinedPackage@32
                      ; - java.net.URLClassLoader::getAndVerifyPackage@2
                      ; - java.net.URLClassLoader::defineClass@46
                      ; - java.net.URLClassLoader$1::run@43
                      ; - java.net.URLClassLoader$1::run@1
                      ; - java.security.AccessController::executePrivileged@29
                      ; - java.security.AccessController::doPrivileged@13
                      ; - java.net.URLClassLoader::findClass@13
  0x000001d1d2156034: 488a 88ff 

  0x000001d1d2156038: ;   {other}
  0x000001d1d2156038: 0f1f 8400 | a81a 000f 

  0x000001d1d2156040: ; implicit exception: dispatches to 0x000001d1d215da04
  0x000001d1d2156040: 448b 5808 

  0x000001d1d2156044: ;   {metadata('java/lang/Package')}
  0x000001d1d2156044: 4181 fbe8 | bd01 000f | 85eb 7000 | 004c 8bc8 | 4c8b 5c24 | 204c 8b6c | 2448 4c8b | 7424 6045 
  0x000001d1d2156064: 8b41 1045 | 8b50 1c45 | 85d2 0f85 | 305b 0000 | 458b 5114 

  0x000001d1d2156078: ; implicit exception: dispatches to 0x000001d1d215d714
  0x000001d1d2156078: 418b 6a24 | 0f1f 4000 | 85ed 0f85 | 885f 0000 | 4d85 f60f | 8488 f5ff 

  0x000001d1d2156090: ;   {oop(a 'java/lang/Class'{0x00000000800678e8} = 'jdk/internal/access/SharedSecrets')}
  0x000001d1d2156090: ff49 bae8 | 7806 8000 | 0000 0045 | 8b92 d400 | 0000 418b | 5208 410f | be4d 1085 | c90f 8561 
  0x000001d1d21560b0: 5b00 0045 | 8b45 1441 | 8b48 0c49 | 8bea 6690 | 85c9 0f86 | 2b0d 0000 | 8bf9 ffcf | 3bf9 0f83 
  0x000001d1d21560d0: a853 0000 | 897c 243c | 4889 6c24 | 4089 8c24 | a800 0000 | 4489 8424 | 9800 0000 | 8954 2438 
  0x000001d1d21560f0: 4489 9424 | c000 0000 | 4c89 8c24 | 8000 0000 | 4c89 7424 | 684c 896c | 2460 4c89 | 5c24 2044 
  0x000001d1d2156110: 8d51 fd44 | 8954 2448 | 4d8b d04c | 8954 2470 | 4180 7810 | 2e0f 84ba | 2800 0044 | 8b5c 2448 
  0x000001d1d2156130: 4183 fb01 | 0f8e 8d31 | 0000 bd01 | 0000 0044 | 8b9c 24a8 | 0000 0044 | 2bdd 4183 | c3fd 448b 
  0x000001d1d2156150: 4424 4845 | 33d2 443b | c545 0f4c | da41 81fb | a00f 0000 | 41ba a00f | 0000 450f | 47da 4403 
  0x000001d1d2156170: ddeb 1066 | 0f1f 8400 | 0000 0000 | 6666 6690 | 418b e84c | 63cd 448b | 9424 9800 | 0000 470f 
  0x000001d1d2156190: ;   {no_reloc}
  0x000001d1d2156190: be44 0a10 | 4183 f82e | 0f84 9908 | 0000 458b | c247 0fbe | 5408 1141 | 83fa 2e0f | 847f 0800 
  0x000001d1d21561b0: 0047 0fbe | 4408 1266 | 0f1f 8400 | 0000 0000 | 4183 f82e | 0f84 6a08 | 0000 448b | 8424 9800 
  0x000001d1d21561d0: 0000 470f | be54 0813 | 0f1f 8400 | 0000 0000 | 4183 fa2e | 0f84 4308 | 0000 448d | 4504 453b 
  0x000001d1d21561f0: c37c 8d4d | 8b9f 5804 | 0000 83c5 

  0x000001d1d21561fc: ; ImmutableOopMap {[40]=Oop [48]=Oop [64]=Oop [96]=Oop [104]=Oop [112]=Oop [120]=Oop [128]=Oop [136]=NarrowOop [152]=NarrowOop [176]=Oop [184]=Oop [192]=NarrowOop }
                      ;*if_icmpne {reexecute=1 rethrow=0 return_oop=0}
                      ; - (reexecute) java.lang.StringLatin1::replace@28
                      ; - java.lang.String::replace@18
                      ; - java.net.URLClassLoader::isSealed@9
                      ; - java.net.URLClassLoader::getAndVerifyPackage@68
                      ; - java.net.URLClassLoader::defineClass@46
                      ; - java.net.URLClassLoader$1::run@43
                      ; - java.net.URLClassLoader$1::run@1
                      ; - java.security.AccessController::executePrivileged@29
                      ; - java.security.AccessController::doPrivileged@13
                      ; - java.net.URLClassLoader::findClass@13
                      ;   {poll}
  0x000001d1d21561fc: 0341 8503 | 443b 4424 | 480f 8dc2 | 3000 0041 | 8be8 e92c | ffff ffc5 | f97e c7c4 | c1f9 7eca 
  0x000001d1d215621c: 0f1f 4000 | e9ca 0000 | 0083 c502 | ffc5 eb03 | 83c5 023b | e80f 8ddf | 0200 0066 | 0f1f 8400 
  0x000001d1d215623c: 0000 0000 | 3d00 0010 | 000f 872d | 3300 004d | 8b97 b801 | 0000 4c63 | d849 83c3 | 1749 83e3 
  0x000001d1d215625c: f84d 8bca | 4d03 cb4d | 3b8f c801 | 0000 0f83 | 0833 0000 | 4d89 8fb8 | 0100 0041 | 0f0d 89c0 
  0x000001d1d215627c: 0000 0049 | c702 0100 | 0000 410f | 0d89 0001 

  0x000001d1d215628c: ;   {metadata({type array byte})}
  0x000001d1d215628c: 0000 41c7 | 4208 1823 | 0000 4189 | 420c 410f | 0d89 4001 | 0000 410f | 0d89 8001 | 0000 85ed 
  0x000001d1d21562ac: 0f8e d200 | 0000 448b | cd41 ffc9 | 0f1f 8400 | 0000 0000 | 443b c80f | 838f 4e00 | 0085 c00f 
  0x000001d1d21562cc: 8687 4e00 | 0041 0fbe | 4810 4188 | 4a10 660f | 1f44 0000 | 4183 f901 | 0f8e a24e | 0000 b901 
  0x000001d1d21562ec: 0000 008b | d52b d1ff | ca45 33db | 443b c941 | 0f4c d381 | fad0 0700 | 0041 bbd0 | 0700 0041 
  0x000001d1d215630c: 0f47 d303 | d1c5 f96e | c7c4 c1f9 | 6eca 660f | 1f44 0000 | 4863 f945 | 0fbe 5438 | 10c4 c1f9 
  0x000001d1d215632c: 7ecb 4588 | 543b 1045 | 0fbe 5c38 | 11c4 c1f9 | 7eca 4588 | 5c3a 1183 | c102 3bca | 7cd6 4d8b 
  0x000001d1d215634c: 9758 0400 

  0x000001d1d2156350: ; ImmutableOopMap {r8=NarrowOop rbx=Oop r13=Oop r14=Oop xmm1=Oop [184]=Oop }
                      ;*goto {reexecute=1 rethrow=0 return_oop=0}
                      ; - (reexecute) java.lang.StringLatin1::replace@76
                      ; - java.lang.String::replace@18
                      ; - java.net.URLClassLoader$1::run@8
                      ; - java.net.URLClassLoader$1::run@1
                      ; - java.security.AccessController::executePrivileged@29
                      ; - java.security.AccessController::doPrivileged@13
                      ; - java.net.URLClassLoader::findClass@13
                      ;   {poll}
  0x000001d1d2156350: 0041 8502 | 413b c90f | 8cb6 feff | ffc5 f97e | c7c4 c1f9 | 7eca 3bcd | 7d1a 6690 | 4c63 d947 
  0x000001d1d2156370: 0fbe 4c18 | 1047 884c | 1a10 ffc1 | 0f1f 4000 | 3bcd 7ce8 | 3be8 0f8d | 3801 0000 | 3be8 0f83 
  0x000001d1d2156390: ec49 0000 | 3bf8 0f83 | e449 0000 | 8bcd ffc1 | 4c63 dd47 | 0fbe 4c18 | 1041 83f9 | 2e0f 84c6 
  0x000001d1d21563b0: 0500 0047 | 884c 1a10 | 448b cd41 | ffc1 6690 | 443b c97d | 0541 8be9 | ebd6 443b | ce0f 8dc8 
  0x000001d1d21563d0: 0000 00ff | c5e9 9600 | 0000 41b9 | 2f00 0000 | 4588 4c0a | 1383 c504 | 413b eb0f | 8d71 0000 
  0x000001d1d21563f0: 0048 63cd | 450f be4c | 0810 660f | 1f44 0000 | 4183 f92e | 0f84 4600 | 0000 4588 | 4c0a 1045 
  0x000001d1d2156410: 0fbe 4c08 | 1141 83f9 | 2e0f 8439 | 0000 0045 | 884c 0a11 | 450f be4c | 0812 4183 | f92e 7418 
  0x000001d1d2156430: 4588 4c0a | 1245 0fbe | 4c08 130f | 1f44 0000 | 4183 f92e | 759a eb92 | 41b9 2f00 | 0000 ebe0 
  0x000001d1d2156450: ;   {no_reloc}
  0x000001d1d2156450: 41b9 2f00 | 0000 ebb2 | 41b9 2f00 | 0000 6690 | ebbd 4d8b | 8f58 0400 

  0x000001d1d2156468: ; ImmutableOopMap {r10=Oop r8=NarrowOop rbx=Oop r13=Oop r14=Oop [184]=Oop }
                      ;*goto {reexecute=1 rethrow=0 return_oop=0}
                      ; - (reexecute) java.lang.StringLatin1::replace@113
                      ; - java.lang.String::replace@18
                      ; - java.net.URLClassLoader$1::run@8
                      ; - java.net.URLClassLoader$1::run@1
                      ; - java.security.AccessController::executePrivileged@29
                      ; - java.security.AccessController::doPrivileged@13
                      ; - java.net.URLClassLoader::findClass@13
                      ;   {poll}
  0x000001d1d2156468: 0041 8501 | 3bee 7d2e | 448b d844 | 2bdd 4183 | c3fd 33c9 | 3bf5 440f | 4cd9 4181 | fba0 0f00 
  0x000001d1d2156488: 0041 b9a0 | 0f00 0045 | 0f47 d944 | 03dd e956 | ffff ff41 | 8be9 6690 | 3be8 7d20 | 4c63 cd47 
  0x000001d1d21564a8: 0fbe 5c08 | 1041 83fb | 2e0f 8450 | 0f00 0047 | 885c 0a10 | ffc5 6690 | 3be8 7ce0 | 4d8b 9fb8 
  0x000001d1d21564c8: 0100 004d | 8bc3 4983 | c018 4d3b | 87c8 0100 | 000f 832f | 3100 004d | 8987 b801 | 0000 410f 
  0x000001d1d21564e8: 0d88 c000 | 0000 49c7 | 0301 0000 

  0x000001d1d21564f4: ;   {metadata('java/lang/String')}
  0x000001d1d21564f4: 0041 c743 | 0878 e800 | 0045 8963 | 0c4d 8963 | 104d 8bc2 | 4589 4314 | eb0e 4533 | d24c 8954 
  0x000001d1d2156514: 2458 4d8b | d04d 8bdd | 418b 4a0c | 85c9 0f86 | e003 0000 | 450f be4b | 10c4 6232 | f7c1 4963 
  0x000001d1d2156534: f041 83f9 | 010f 8485 | 4e00 0090 | 4585 c00f | 8cfd 4d00 | 0048 8d46 | 068b e885 | ed0f 8c19 
  0x000001d1d2156554: 4e00 0048 | 8bf8 48c1 | ff20 8bd7 | c4e2 69f7 | ed85 ed0f | 8c87 4e00 | 0081 fd00 | 0010 000f 
  0x000001d1d2156574: 879b 4700 | 0048 63d5 | 0f1f 4000 | 81fd 0000 | 1000 0f87 | 0f2e 0000 | 498b bfb8 | 0100 0048 
  0x000001d1d2156594: 83c2 1748 | 83e2 f84c | 8bf7 4c03 | f24d 3bb7 | c801 0000 | 0f83 ed2d | 0000 4d89 | b7b8 0100 
  0x000001d1d21565b4: 0041 0f0d | 8ec0 0000 | 0048 c707 | 0100 0000 | 410f 0d8e | 0001 0000 

  0x000001d1d21565cc: ;   {metadata({type array byte})}
  0x000001d1d21565cc: c747 0818 | 2300 0089 | 6f0c 410f | 0d8e 4001 | 0000 410f | 0d8e 8001 | 0000 418d | 5006 3bea 
  0x000001d1d21565ec: 0f82 2a47 | 0000 4963 | d045 85c0 | 0f8f e702 | 0000 c644 | 1710 2ec6 | 4417 1163 | c644 1712 
  0x000001d1d215660c: 6cc6 4417 | 1361 c644 | 1714 73c6 | 4417 1573 | 0f1f 4000 | 4585 c90f | 856b 4d00 | 003b e90f 
  0x000001d1d215662c: 821f 4700 | 0085 c976 | 2949 83c2 | 1048 8bd7 | 4883 c210 | 4c63 c149 | 8bca c5f8 | 7749 bac0 
  0x000001d1d215664c: 449c d1d1 | 0100 0041 

  0x000001d1d2156654: ;   {other}
  0x000001d1d2156654: ffd2 0f1f | 8400 0000 | 0000 498b | 87b8 0100 | 004c 8bd0 | 4983 c218 | 4d3b 97c8 | 0100 000f 
  0x000001d1d2156674: 83cc 2d00 | 004d 8997 | b801 0000 | 410f 0d8a | c000 0000 | 48c7 0001 

  0x000001d1d215668c: ;   {metadata('java/lang/String')}
  0x000001d1d215668c: 0000 00c7 | 4008 78e8 | 0000 4489 | 600c 4489 | 6010 4c8b | d744 8950 | 144c 8b94 | 24b8 0000 
  0x000001d1d21566ac: 0045 8b52 | 5445 85d2 | 0f84 0b46 | 0000 4889 | 5c24 304c | 89ac 24b0 | 0000 0049 | 8bd2 4c8b 
  0x000001d1d21566cc: c045 33c9 

  0x000001d1d21566d0: ;   {optimized virtual_call}
  0x000001d1d21566d0: c5f8 77e8 

  0x000001d1d21566d4: ; ImmutableOopMap {[48]=Oop [176]=Oop [184]=Oop }
                      ;*invokevirtual getResource {reexecute=0 rethrow=0 return_oop=1}
                      ; - java.net.URLClassLoader$1::run@26
                      ; - java.net.URLClassLoader$1::run@1
                      ; - java.security.AccessController::executePrivileged@29
                      ; - java.security.AccessController::doPrivileged@13
                      ; - java.net.URLClassLoader::findClass@13
  0x000001d1d21566d4: e898 fdff 

  0x000001d1d21566d8: ;   {other}
  0x000001d1d21566d8: 0f1f 8400 | 4821 0013 | 4889 4424 | 7848 85c0 | 0f85 7d00 | 0000 498b | 87b8 0100 | 004c 8bd0 
  0x000001d1d21566f8: 4983 c228 | 0f1f 4000 | 4d3b 97c8 | 0100 000f | 8319 2e00 | 004d 8997 | b801 0000 | 410f 0d8a 
  0x000001d1d2156718: c000 0000 | 48c7 0001 

  0x000001d1d2156720: ;   {metadata('java/lang/ClassNotFoundException')}
  0x000001d1d2156720: 0000 00c7 | 4008 8893 | 0600 4489 | 600c 4c89 | 6010 4c89 | 6018 4c89 | 6020 488b | e848 8bd5 
  0x000001d1d2156740: 4c8b 8424 | b000 0000 

  0x000001d1d2156748: ;   {optimized virtual_call}
  0x000001d1d2156748: c5f8 77e8 

  0x000001d1d215674c: ; ImmutableOopMap {rbp=Oop }
                      ;*invokespecial <init> {reexecute=0 rethrow=0 return_oop=0}
                      ; - java.net.URLClassLoader::findClass@41
  0x000001d1d215674c: b027 f5ff 

  0x000001d1d2156750: ;   {other}
  0x000001d1d2156750: 0f1f 8400 | c021 0014 | 488b d5c5 | f877 4881 | c410 0100 

  0x000001d1d2156764: ;   {runtime_call _rethrow_Java}
  0x000001d1d2156764: 005d e995 | a78b ffc5 | f877 49ba | 002b 1ea2 | f87f 0000 

  0x000001d1d2156778: ;   {other}
  0x000001d1d2156778: 41ff d20f | 1f84 0000 | 0000 0048 | 8944 2450 | 4c8b 9424 | b000 0000 | 418b 4a14 

  0x000001d1d2156794: ; implicit exception: dispatches to 0x000001d1d215d46c
  0x000001d1d2156794: 448b 590c | 450f be4a | 10c4 c232 | f7db 448b | d341 ffca | 4585 c90f | 8527 5100 | 0045 8bcb 
  0x000001d1d21567b4: 41ff c945 | 3bca 450f | 4fca 488b | f945 85c9 | 0f8c 0f01 | 0000 4585 | db0f 866d | 4600 0045 
  0x000001d1d21567d4: 3bcb 0f83 | 6446 0000 | 0f1f 4000 | 4585 c90f | 8e89 4700 | 0045 8bd1 | 41ff ca46 | 0fbe 4409 
  0x000001d1d21567f4: 1041 83f8 | 2e0f 84f1 | 2000 0041 | ffc9 453b | ca7f e841 | 83f9 020f | 8ea8 0000 | 0045 8d51 
  0x000001d1d2156814: fe33 d241 | 83f9 0244 | 0f4c d241 | 81fa a00f | 0000 41b8 | a00f 0000 | 450f 47d0 | 458b c145 
  0x000001d1d2156834: 2bc2 6666 | 0f1f 8400 | 0000 0000 | 4963 d144 | 0fbe 5411 | 1041 83fa | 2e0f 843c | e8ff ff44 
  0x000001d1d2156854: 0fbe 5411 | 0f0f 1f80 | 0000 0000 | 4183 fa2e | 0f84 2ae8 | ffff 458d | 51fe 420f | be74 1110 
  0x000001d1d2156874: 83fe 2e0f 

  0x000001d1d2156878: ;   {no_reloc}
  0x000001d1d2156878: 841d e8ff | ff45 8d51 | fd42 0fbe | 5411 1083 | fa2e 0f84 | 0ae8 ffff | 4183 c1fc | 453b c87f 
  0x000001d1d2156898: a749 8b87 | 5804 0000 | 4c8b 9424 | b000 0000 | 4c8b 4424 

  0x000001d1d21568ac: ; ImmutableOopMap {r10=Oop r8=Oop rcx=NarrowOop rdi=Oop [48]=Oop [120]=Oop [176]=Oop [184]=Oop }
                      ;*goto {reexecute=1 rethrow=0 return_oop=0}
                      ; - (reexecute) java.lang.StringLatin1::lastIndexOf@35
                      ; - java.lang.String::lastIndexOf@13
                      ; - java.lang.String::lastIndexOf@8
                      ; - java.net.URLClassLoader::defineClass@7
                      ; - java.net.URLClassLoader$1::run@43
                      ; - java.net.URLClassLoader$1::run@1
                      ; - java.security.AccessController::executePrivileged@29
                      ; - java.security.AccessController::doPrivileged@13
                      ; - java.net.URLClassLoader::findClass@13
                      ;   {poll}
  0x000001d1d21568ac: 7885 0041 | 83f9 020f | 8f58 ffff | ff41 83f9 | ff7e 1a90 | 460f be54 | 0910 4183 | fa2e 0f84 
  0x000001d1d21568cc: 0050 0000 | 41ff c941 | 83f9 ff7f | e741 baff | ffff ff90 | e9b5 e7ff | ffc6 4417 | 1573 c644 
  0x000001d1d21568ec: 1714 73c6 | 4417 1361 | c644 1712 | 6cc6 4417 | 1163 c644 | 1710 2ee9 | 14fd ffff | 498b 87b8 
  0x000001d1d215690c: 0100 004c | 8bd0 4983 | c218 6666 | 0f1f 8400 | 0000 0000 | 4d3b 97c8 | 0100 000f | 83ca 3e00 
  0x000001d1d215692c: 004d 8997 | b801 0000 | 410f 0d8a | c000 0000 | 48c7 0001 

  0x000001d1d2156940: ;   {metadata('java/lang/String')}
  0x000001d1d2156940: 0000 00c7 | 4008 78e8 | 0000 4489 | 600c 4489 

  0x000001d1d2156950: ;   {oop([B{0x00000000800af100})}
  0x000001d1d2156950: 6010 c740 | 1400 f10a 

  0x000001d1d2156958: ;   {oop(".class"{0x00000000800ae7e0})}
  0x000001d1d2156958: 8049 bae0 | e70a 8000 | 0000 0045 | 8b5a 0c44 | 8958 0c45 | 0fb6 5a11 | 4488 5811 | e92c fdff 
  0x000001d1d2156978: ff41 b92f | 0000 0090 | e92e faff | ff45 0fb6 | 5d11 4585 | db0f 85e1 | 2900 0045 | 8b55 1449 
  0x000001d1d2156998: 8be9 498b | d266 6690 | 4180 7d10 | 000f 85e3 | 2e00 0044 | 894c 2424 | 4c89 7424 | 4048 ffb4 
  0x000001d1d21569b8: 24d8 0000 | 0048 8f44 | 2438 448b | 9c24 8800 | 0000 4489 | 5c24 204c | 8b94 24b0 | 0000 004c 
  0x000001d1d21569d8: 8954 2448 | 4c8b 9424 | b800 0000 | 4c89 5424 | 6866 6690 

  0x000001d1d21569ec: ;   {static_call}
  0x000001d1d21569ec: c5f8 77e8 

  0x000001d1d21569f0: ; ImmutableOopMap {rbp=Oop [32]=NarrowOop [36]=NarrowOop [40]=Oop [48]=Oop [56]=Oop [64]=Oop [72]=Oop [104]=Oop [120]=Oop [176]=Oop [184]=Oop [216]=Oop }
                      ;*invokestatic hashCode {reexecute=0 rethrow=0 return_oop=0}
                      ; - java.lang.String::hashCode@27
                      ; - java.util.concurrent.ConcurrentHashMap::get@1
                      ; - java.lang.ClassLoader::getDefinedPackage@13
                      ; - java.net.URLClassLoader::getAndVerifyPackage@2
                      ; - java.net.URLClassLoader::defineClass@46
                      ; - java.net.URLClassLoader$1::run@43
                      ; - java.net.URLClassLoader$1::run@1
                      ; - java.security.AccessController::executePrivileged@29
                      ; - java.security.AccessController::doPrivileged@13
                      ; - java.net.URLClassLoader::findClass@13
  0x000001d1d21569f0: 4c51 e0ff 

  0x000001d1d21569f4: ;   {other}
  0x000001d1d21569f4: 0f1f 8400 | 6424 0016 | 0f1f 4000 | 85c0 0f84 | 5e2e 0000 | 4c8b 6c24 | 3841 8945 | 0c44 8b5c 
  0x000001d1d2156a14: 2420 4489 | 9c24 8800 | 0000 4c8b | 7424 4044 | 8b4c 2424 | e93b ebff | ff83 c502 | ffc5 eb03 
  0x000001d1d2156a34: 83c5 0266 | 0f1f 8400 | 0000 0000 | 3bac 24a8 | 0000 000f | 8d76 0300 | 0044 8b9c | 24a8 0000 
  0x000001d1d2156a54: 0066 6666 | 0f1f 8400 | 0000 0000 | 4181 fb00 | 0010 000f | 877f 3100 | 004d 8b87 | b801 0000 
  0x000001d1d2156a74: 4d63 d349 | 83c2 1749 | 83e2 f84d | 8bd8 4d03 | da4d 3b9f | c801 0000 | 0f83 5a31 | 0000 4d89 
  0x000001d1d2156a94: 9fb8 0100 | 0041 0f0d | 8bc0 0000 | 0049 c700 | 0100 0000 | 410f 0d8b | 0001 0000 

  0x000001d1d2156ab0: ;   {metadata({type array byte})}
  0x000001d1d2156ab0: 41c7 4008 | 1823 0000 | 448b 9424 | a800 0000 | 4589 500c | 410f 0d8b | 4001 0000 | 410f 0d8b 
  0x000001d1d2156ad0: 8001 0000 | 85ed 0f8e | c800 0000 | 8bdd ffcb | 3b9c 24a8 | 0000 000f | 833b 5300 | 0044 8b9c 
  0x000001d1d2156af0: 24a8 0000 | 0045 85db | 0f86 2a53 | 0000 448b | 9424 9800 | 0000 450f | be5a 1045 | 8858 1083 
  0x000001d1d2156b10: fb01 0f8e | 9453 0000 | b901 0000 | 008b fd2b | f9ff cf45 | 33c9 3bd9 | 410f 4cf9 | 81ff d007 
  0x000001d1d2156b30: 0000 41bb | d007 0000 | 410f 47fb | 03f9 6690 | 4c63 d144 | 8b8c 2498 | 0000 0047 | 0fbe 4c11 
  0x000001d1d2156b50: 1047 884c | 1010 448b | 9c24 9800 | 0000 470f | be5c 1311 | 4788 5c10 | 1183 c102 | 3bcf 7cd0 
  0x000001d1d2156b70: 4d8b 9758 

  0x000001d1d2156b74: ; ImmutableOopMap {r8=Oop [40]=Oop [48]=Oop [64]=Oop [96]=Oop [104]=Oop [112]=Oop [120]=Oop [128]=Oop [136]=NarrowOop [152]=NarrowOop [176]=Oop [184]=Oop [192]=NarrowOop }
                      ;*goto {reexecute=1 rethrow=0 return_oop=0}
                      ; - (reexecute) java.lang.StringLatin1::replace@76
                      ; - java.lang.String::replace@18
                      ; - java.net.URLClassLoader::isSealed@9
                      ; - java.net.URLClassLoader::getAndVerifyPackage@68
                      ; - java.net.URLClassLoader::defineClass@46
                      ; - java.net.URLClassLoader$1::run@43
                      ; - java.net.URLClassLoader$1::run@1
                      ; - java.security.AccessController::executePrivileged@29
                      ; - java.security.AccessController::doPrivileged@13
                      ; - java.net.URLClassLoader::findClass@13
                      ;   {poll}
  0x000001d1d2156b74: 0400 0041 | 8502 660f | 1f44 0000 | 3bcb 7c99 | 3bcd 7d1c | 4c63 d144 | 8b8c 2498 | 0000 0047 
  0x000001d1d2156b94: 0fbe 5c11 | 1047 885c | 1010 ffc1 | 3bcd 7ce4 | 3bac 24a8 | 0000 000f | 8d9e 1f00 | 003b ac24 
  0x000001d1d2156bb4: a800 0000 | 0f83 124f | 0000 448b | 5424 3c44 | 3b94 24a8 | 0000 000f | 83ff 4e00 | 0044 8bd5 
  0x000001d1d2156bd4: 41ff c24c | 63dd 8b8c | 2498 0000 | 0046 0fbe | 4c19 1041 | 83f9 2e0f | 84f4 1c00 | 0047 884c 
  0x000001d1d2156bf4: 1810 448b | dd41 ffc3 | 0f1f 4000 | 453b da7d | 0541 8beb | ebcd 443b | 5c24 480f | 8d2a 0100 
  0x000001d1d2156c14: 00ff c5e9 | bb00 0000 | 41bb 2f00 | 0000 6666 | 0f1f 8400 | 0000 0000 | 6666 6690 | 4788 5c08 
  0x000001d1d2156c34: 1147 0fbe | 5c0a 120f | 1f44 0000 | 4183 fb2e | 0f84 6100 | 0000 4788 | 5c08 1247 | 0fbe 5c0a 
  0x000001d1d2156c54: 1341 83fb | 2e0f 845c | 0000 0047 | 885c 0813 | 83c5 043b | e90f 8d54 | 0000 004c | 63cd 448b 
  0x000001d1d2156c74: ;   {no_reloc}
  0x000001d1d2156c74: 9c24 9800 | 0000 470f | be5c 0b10 | 4183 fb2e | 742d 4788 | 5c08 1044 | 8b94 2498 | 0000 0047 
  0x000001d1d2156c94: 0fbe 5c0a | 110f 1f80 | 0000 0000 | 4183 fb2e | 758a e971 | ffff ff41 | bb2f 0000 | 00eb 9741 
  0x000001d1d2156cb4: bb2f 0000 | 00eb cb41 | bb2f 0000 | 00eb 9c4d | 8b97 5804 

  0x000001d1d2156cc8: ; ImmutableOopMap {r8=Oop [40]=Oop [48]=Oop [64]=Oop [96]=Oop [104]=Oop [112]=Oop [120]=Oop [128]=Oop [136]=NarrowOop [152]=NarrowOop [176]=Oop [184]=Oop [192]=NarrowOop }
                      ;*goto {reexecute=1 rethrow=0 return_oop=0}
                      ; - (reexecute) java.lang.StringLatin1::replace@113
                      ; - java.lang.String::replace@18
                      ; - java.net.URLClassLoader::isSealed@9
                      ; - java.net.URLClassLoader::getAndVerifyPackage@68
                      ; - java.net.URLClassLoader::defineClass@46
                      ; - java.net.URLClassLoader$1::run@43
                      ; - java.net.URLClassLoader$1::run@1
                      ; - java.security.AccessController::executePrivileged@29
                      ; - java.security.AccessController::doPrivileged@13
                      ; - java.net.URLClassLoader::findClass@13
                      ;   {poll}
  0x000001d1d2156cc8: 0000 4185 | 023b 6c24 | 480f 8d6b | 0000 008b | 8c24 a800 | 0000 2bcd | 83c1 fd44 | 8b54 2448 
  0x000001d1d2156ce8: 4533 c944 | 3bd5 410f | 4cc9 81f9 | a00f 0000 | 41bb a00f | 0000 410f | 47cb 03cd | e966 ffff 
  0x000001d1d2156d08: ff4c 63d5 | 8b8c 2498 | 0000 0046 | 0fbe 5c11 | 100f 1f80 | 0000 0000 | 4183 fb2e | 0f84 e21b 
  0x000001d1d2156d28: 0000 498b | c047 885c | 1010 ffc5 | 3bac 24a8 | 0000 007c | cceb 0f41 | 8beb 3bac | 24a8 0000 
  0x000001d1d2156d48: 007c be49 | 8bc0 498b | 9fb8 0100 | 004c 8bd3 | 4983 c218 | 0f1f 4000 | 4d3b 97c8 | 0100 000f 
  0x000001d1d2156d68: 83bb 2e00 | 004d 8997 | b801 0000 | 410f 0d8a | c000 0000 | 48c7 0301 

  0x000001d1d2156d80: ;   {metadata('java/lang/String')}
  0x000001d1d2156d80: 0000 00c7 | 4308 78e8 | 0000 4489 | 630c 4c89 | 6310 4c8b | d044 8953 | 144c 8b5c | 2420 4c8b 
  0x000001d1d2156da0: 6c24 604c | 8b74 2468 | 4c8b 8c24 | 8000 0000 | 448b 9424 | c000 0000 | 8b54 2438 | 488b 6c24 
  0x000001d1d2156dc0: 40eb 394c | 8b5c 2420 | 4c8b 6c24 | 604c 8b74 | 2468 4c8b | 8c24 8000 | 0000 448b | 9424 c000 
  0x000001d1d2156de0: 0000 8b54 | 2438 448b | 8424 9800 | 0000 488b | 6c24 4049 | 8bc8 488b | c149 8bdd | 8b78 0c90 
  0x000001d1d2156e00: 85ff 0f86 | 9e26 0000 | 0fbe 4b10 | c462 72f7 | c749 63f0 | 83f9 010f | 845b 5200 | 0066 6690 
  0x000001d1d2156e20: 4585 c00f | 8c6b 4e00 | 0048 89b4 | 24c8 0000 | 0044 8984 | 24c0 0000 | 0089 4c24 | 3c89 bc24 
  0x000001d1d2156e40: a400 0000 | 4889 9c24 | a800 0000 | 4889 8424 | 9800 0000 | 4889 6c24 | 4089 5424 | 3844 8994 
  0x000001d1d2156e60: 24a0 0000 | 004c 898c | 2490 0000 | 004c 89b4 | 2480 0000 | 004c 896c | 2470 4c89 | 5c24 204c 
  0x000001d1d2156e80: ;   {no_reloc}
  0x000001d1d2156e80: 8d56 014d | 8bca 418b | ea85 ed0f | 8c83 4e00 | 0049 c1fa | 2045 8bd2 | c4e2 29f7 | ed89 ac24 
  0x000001d1d2156ea0: c400 0000 | 85ed 0f8c | 5452 0000 | 81fd 0000 | 1000 0f87 | bc45 0000 | 4c63 d50f | 1f44 0000 
  0x000001d1d2156ec0: 81fd 0000 | 1000 0f87 | 392a 0000 | 4d8b 87b8 | 0100 0049 | 83c2 1749 | 83e2 f84d | 8bd8 4d03 
  0x000001d1d2156ee0: da4d 3b9f | c801 0000 | 0f83 172a | 0000 4d89 | 9fb8 0100 | 0041 0f0d | 8bc0 0000 | 0049 c700 
  0x000001d1d2156f00: 0100 0000 | 410f 0d8b | 0001 0000 

  0x000001d1d2156f0c: ;   {metadata({type array byte})}
  0x000001d1d2156f0c: 41c7 4008 | 1823 0000 | 4189 680c | 410f 0d8b | 4001 0000 | 410f 0d8b | 8001 0000 | 448b 9424 
  0x000001d1d2156f2c: c000 0000 | 41ff c244 | 8b9c 24c4 | 0000 000f | 1f44 0000 | 453b da0f | 827b 4700 | 0044 8b8c 
  0x000001d1d2156f4c: 24c0 0000 | 0043 c644 | 0810 2f44 | 8b4c 243c | 0f1f 4000 | 4585 c90f | 8517 4e00 | 0044 3b9c 
  0x000001d1d2156f6c: 24a4 0000 | 000f 82ed | 4700 0044 | 8b94 24a4 | 0000 0090 | 4585 d276 | 3449 8bd8 | 498b d048 
  0x000001d1d2156f8c: 83c2 1048 | 8b8c 2498 | 0000 0048 | 83c1 104d | 63c2 c5f8 | 7749 bac0 | 449c d1d1 | 0100 0041 
  0x000001d1d2156fac: ;   {other}
  0x000001d1d2156fac: ffd2 0f1f | 8400 0000 | 0000 4c8b | c349 8b87 | b801 0000 | 4c8b d049 | 83c2 184d | 3b97 c801 
  0x000001d1d2156fcc: 0000 0f83 | 6829 0000 | 4d89 97b8 | 0100 0041 | 0f0d 8ac0 | 0000 0048 | c700 0100 

  0x000001d1d2156fe8: ;   {metadata('java/lang/String')}
  0x000001d1d2156fe8: 0000 c740 | 0878 e800 | 0044 8960 | 0c44 8960 | 104d 8bd0 | 4489 5014 | 4c8b 5c24 | 204c 8b6c 
  0x000001d1d2157008: 2470 4c8b | b424 8000 | 0000 4c8b | 8c24 9000 | 0000 448b | 9424 a000 | 0000 8b54 

  0x000001d1d2157024: ;   {metadata('java/util/jar/JavaUtilJarAccessImpl')}
  0x000001d1d2157024: 2438 81fa | b059 3100 | 0f85 4245 | 0000 418b | 6e10 448b | 4508 660f | 1f44 0000 

  0x000001d1d2157040: ;   {metadata('java/util/HashMap')}
  0x000001d1d2157040: 4181 f868 | a908 000f | 85a3 4500 | 004c 8bd5 | 418b 7a24 | 85ff 0f84 | c101 0000 | 8b4f 0c90 
  0x000001d1d2157060: 85c9 0f86 | c84e 0000 | 488b d844 | 8b50 0cff | c945 85d2 | 0f84 3c04 | 0000 458b | c241 c1e8 
  0x000001d1d2157080: 1045 33c2 | 4123 c845 | 8bd0 8b4c | 8f10 85c9 | 0f84 8701 | 0000 448b | 410c 488b | e966 6690 
  0x000001d1d21570a0: 453b c20f | 85f6 0400 | 0044 8b41 | 104c 3bc3 | 7463 894c | 246c 4489 | 5424 6848 | 895c 2460 
  0x000001d1d21570c0: 4c89 4c24 | 484c 8974 | 2440 4c89 | 6c24 384c | 895c 2420 | 488b d34c | 8b94 24b0 | 0000 004c 
  0x000001d1d21570e0: 8954 2470 

  0x000001d1d21570e4: ;   {optimized virtual_call}
  0x000001d1d21570e4: c5f8 77e8 

  0x000001d1d21570e8: ; ImmutableOopMap {rbp=Oop [40]=Oop [48]=Oop [56]=Oop [64]=Oop [72]=Oop [96]=Oop [108]=NarrowOop [112]=Oop [120]=Oop [136]=NarrowOop [176]=Oop [184]=Oop }
                      ;*invokevirtual equals {reexecute=0 rethrow=0 return_oop=0}
                      ; - java.util.HashMap::getNode@63
                      ; - java.util.HashMap::get@2
                      ; - java.util.jar.Manifest::getAttributes@5
                      ; - java.util.jar.Manifest::getTrustedAttributes@2
                      ; - java.util.jar.JavaUtilJarAccessImpl::getTrustedAttributes@2
                      ; - java.net.URLClassLoader::isSealed@18
                      ; - java.net.URLClassLoader::getAndVerifyPackage@68
                      ; - java.net.URLClassLoader::defineClass@46
                      ; - java.net.URLClassLoader$1::run@43
                      ; - java.net.URLClassLoader$1::run@1
                      ; - java.security.AccessController::executePrivileged@29
                      ; - java.security.AccessController::doPrivileged@13
                      ; - java.net.URLClassLoader::findClass@13
  0x000001d1d21570e8: 9479 88ff 

  0x000001d1d21570ec: ;   {other}
  0x000001d1d21570ec: 0f1f 8400 | 5c2b 0019 | 85c0 0f84 | 8104 0000 | 4c8b 5c24 | 204c 8b6c | 2438 4c8b | 7424 404c 
  0x000001d1d215710c: 8b4c 2448 | 488b 5c24 | 608b 6d14 | 0f1f 8400 | 0000 0000 | 85ed 0f84 | f500 0000 | 448b 4508 
  0x000001d1d215712c: ;   {metadata('java/util/jar/Attributes')}
  0x000001d1d215712c: 4181 f840 | 8816 000f | 855f 6000 | 0045 8b46 | 1448 8bd5 | 4585 c00f | 8487 1800 | 0048 8954 
  0x000001d1d215714c: 2438 4889 | 9c24 9000 | 0000 4c89 | 4c24 704c | 8974 2460 | 4c89 6c24 | 684c 895c | 2420 498b 
  0x000001d1d215716c: d04c 8bc3 | 4c8b 9424 | b000 0000 | 4c89 5424 | 4048 8bac | 24b8 0000 | 0066 6690 

  0x000001d1d2157188: ;   {optimized virtual_call}
  0x000001d1d2157188: c5f8 77e8 

  0x000001d1d215718c: ; ImmutableOopMap {rbp=Oop [40]=Oop [48]=Oop [56]=Oop [64]=Oop [96]=Oop [104]=Oop [112]=Oop [120]=Oop [136]=NarrowOop [144]=Oop [176]=Oop [184]=Oop }
                      ;*invokevirtual isTrustedManifestEntry {reexecute=0 rethrow=0 return_oop=0}
                      ; - java.util.jar.Manifest::getTrustedAttributes@22
                      ; - java.util.jar.JavaUtilJarAccessImpl::getTrustedAttributes@2
                      ; - java.net.URLClassLoader::isSealed@18
                      ; - java.net.URLClassLoader::getAndVerifyPackage@68
                      ; - java.net.URLClassLoader::defineClass@46
                      ; - java.net.URLClassLoader$1::run@43
                      ; - java.net.URLClassLoader$1::run@1
                      ; - java.security.AccessController::executePrivileged@29
                      ; - java.security.AccessController::doPrivileged@13
                      ; - java.net.URLClassLoader::findClass@13
  0x000001d1d215718c: f078 88ff 

  0x000001d1d2157190: ;   {other}
  0x000001d1d2157190: 0f1f 8400 | 002c 001a | 0f1f 8400 | 0000 0000 | 85c0 0f84 | 1851 0000 | 4c8b 6c24 | 684c 8b74 
  0x000001d1d21571b0: 2460 4c8b | 4c24 7048 | 8b54 2438 | 4c89 4c24 | 704c 8974 | 2460 4c89 

  0x000001d1d21571c8: ;   {oop(a 'java/util/jar/Attributes$Name'{0x0000000080074aa8})}
  0x000001d1d21571c8: 6c24 6849 | b8a8 4a07 | 8000 0000 | 004c 8b94 | 24b0 0000 | 004c 8954 | 2438 4c89 | 6c24 4848 
  0x000001d1d21571e8: 8bac 24b8 | 0000 0090 

  0x000001d1d21571f0: ;   {optimized virtual_call}
  0x000001d1d21571f0: c5f8 77e8 

  0x000001d1d21571f4: ; ImmutableOopMap {rbp=Oop [40]=Oop [48]=Oop [56]=Oop [72]=Oop [96]=Oop [104]=Oop [112]=Oop [120]=Oop [136]=NarrowOop [176]=Oop [184]=Oop }
                      ;*invokevirtual getValue {reexecute=0 rethrow=0 return_oop=1}
                      ; - java.net.URLClassLoader::isSealed@35
                      ; - java.net.URLClassLoader::getAndVerifyPackage@68
                      ; - java.net.URLClassLoader::defineClass@46
                      ; - java.net.URLClassLoader$1::run@43
                      ; - java.net.URLClassLoader$1::run@1
                      ; - java.security.AccessController::executePrivileged@29
                      ; - java.security.AccessController::doPrivileged@13
                      ; - java.net.URLClassLoader::findClass@13
  0x000001d1d21571f4: 8878 88ff 

  0x000001d1d21571f8: ;   {other}
  0x000001d1d21571f8: 0f1f 8400 | 682c 001b | 4885 c00f | 852b 5200 | 004c 8b5c | 2420 4c8b | 6c24 484c | 8b74 2460 
  0x000001d1d2157218: 4c8b 4c24 | 7045 8b56 | 0c41 8b6a | 0c44 8b55 

  0x000001d1d2157228: ;   {metadata('java/util/LinkedHashMap')}
  0x000001d1d2157228: 0841 81fa | e8a1 0f00 | 0f85 2e44 | 0000 488b | dd8b 4b24 | 0f1f 4000 | 85c9 0f84 | d1e3 ffff 
  0x000001d1d2157248: 8b69 0c85 | ed0f 8655 

  0x000001d1d2157250: ;   {oop(a 'java/util/jar/Attributes$Name'{0x0000000080074aa8})}
  0x000001d1d2157250: 4d00 0049 | baa8 4a07 | 8000 0000 | 0041 8b52 | 0cff cd44 | 8bd2 41c1 | ea10 458b | c244 33c2 
  0x000001d1d2157270: 4123 e844 | 8b54 a910 | 0f1f 8400 | 0000 0000 | 4585 d20f | 8490 e3ff | ff41 8b4a | 0c49 8bfa 
  0x000001d1d2157290: 413b c80f | 85ec 0300 | 0041 8b4a | 1066 6690 

  0x000001d1d21572a0: ;   {oop(a 'java/util/jar/Attributes$Name'{0x0000000080074aa8})}
  0x000001d1d21572a0: 81f9 a84a | 0780 0f84 | 8600 0000 | 4889 7c24 | 7044 8954 | 246c 4489 | 4424 6848 | 895c 2460 
  0x000001d1d21572c0: 4c89 4c24 | 484c 8974 | 2440 4c89 | 6c24 384c | 895c 2420 

  0x000001d1d21572d4: ;   {oop(a 'java/util/jar/Attributes$Name'{0x0000000080074aa8})}
  0x000001d1d21572d4: 4c8b c148 | baa8 4a07 | 8000 0000 | 004c 8b94 | 24b0 0000 | 004c 8994 | 2480 0000 | 0048 8bac 
  0x000001d1d21572f4: 24b8 0000 | 0066 6690 

  0x000001d1d21572fc: ;   {optimized virtual_call}
  0x000001d1d21572fc: c5f8 77e8 

  0x000001d1d2157300: ; ImmutableOopMap {rbp=Oop [40]=Oop [48]=Oop [56]=Oop [64]=Oop [72]=Oop [96]=Oop [108]=NarrowOop [112]=Oop [120]=Oop [128]=Oop [136]=NarrowOop [176]=Oop [184]=Oop }
                      ;*invokevirtual equals {reexecute=0 rethrow=0 return_oop=0}
                      ; - java.util.HashMap::getNode@63
                      ; - java.util.LinkedHashMap::get@2
                      ; - java.util.jar.Attributes::get@5
                      ; - java.util.jar.Attributes::getValue@2
                      ; - java.net.URLClassLoader::isSealed@58
                      ; - java.net.URLClassLoader::getAndVerifyPackage@68
                      ; - java.net.URLClassLoader::defineClass@46
                      ; - java.net.URLClassLoader$1::run@43
                      ; - java.net.URLClassLoader$1::run@1
                      ; - java.security.AccessController::executePrivileged@29
                      ; - java.security.AccessController::doPrivileged@13
                      ; - java.net.URLClassLoader::findClass@13
  0x000001d1d2157300: 7c77 88ff 

  0x000001d1d2157304: ;   {other}
  0x000001d1d2157304: 0f1f 8400 | 742d 001c | 85c0 0f84 | 4903 0000 | 4c8b 5c24 | 204c 8b6c | 2438 4c8b | 7424 404c 
  0x000001d1d2157324: 8b4c 2448 | 488b 5c24 | 6048 8b7c | 2470 0fb6 | 6b30 85ed | 0f85 5251 | 0000 8b6f | 1485 ed0f 
  0x000001d1d2157344: 84d0 e2ff | ff44 8b45 

  0x000001d1d215734c: ;   {metadata('java/lang/String')}
  0x000001d1d215734c: 0841 81f8 | 78e8 0000 | 0f85 b25e | 0000 488b 

  0x000001d1d215735c: ;   {oop("true"{0x000000008008db30})}
  0x000001d1d215735c: fd48 ba30 | db08 8000 | 0000 0048 | 3bfa 0f84 | a24e 0000 | 448b 4714 

  0x000001d1d2157374: ; implicit exception: dispatches to 0x000001d1d215d9bc
  0x000001d1d2157374: 458b 500c | 440f be47 | 10c4 423a | f7d2 4183 | fa04 0f85 | 8de2 ffff | 4c89 7424 | 484c 896c 
  0x000001d1d2157394: 2440 4c89 | 5c24 38b9 | 0400 0000 | 4c89 4c24 | 2041 b801 | 0000 0045 | 33c9 33f6 | 4c8b 9424 
  0x000001d1d21573b4: b000 0000 | 4c89 5424 | 6048 8bac | 24b8 0000 | 0066 6690 

  0x000001d1d21573c8: ;   {optimized virtual_call}
  0x000001d1d21573c8: c5f8 77e8 

  0x000001d1d21573cc: ; ImmutableOopMap {rbp=Oop [32]=Oop [40]=Oop [48]=Oop [64]=Oop [72]=Oop [96]=Oop [120]=Oop [136]=NarrowOop [176]=Oop [184]=Oop }
                      ;*invokevirtual regionMatches {reexecute=0 rethrow=0 return_oop=0}
                      ; - java.lang.String::equalsIgnoreCase@33
                      ; - java.net.URLClassLoader::isSealed@68
                      ; - java.net.URLClassLoader::getAndVerifyPackage@68
                      ; - java.net.URLClassLoader::defineClass@46
                      ; - java.net.URLClassLoader$1::run@43
                      ; - java.net.URLClassLoader$1::run@1
                      ; - java.security.AccessController::executePrivileged@29
                      ; - java.security.AccessController::doPrivileged@13
                      ; - java.net.URLClassLoader::findClass@13
  0x000001d1d21573cc: b076 88ff 

  0x000001d1d21573d0: ;   {other}
  0x000001d1d21573d0: 0f1f 8400 | 402e 001d | 0f1f 8400 | 0000 0000 | 85c0 0f85 | 204e 0000 | 4c8b 5c24 | 38e9 27e2 
  0x000001d1d21573f0: ffff 4c8b | 9424 b000 | 0000 4c89 | 9424 d800 | 0000 e952 | dfff ff41 | bb2f 0000 | 00e9 a5f0 
  0x000001d1d2157410: ffff 4585 | c90f 856f | 1f00 0048 | 8bd7 488b | e941 807d | 1000 0f85 | 3f26 0000 | 894c 2460 
  0x000001d1d2157430: 4489 4424 | 244c 8974 | 2448 4c89 | 6c24 404c | 895c 2438 | 448b 9c24 | 8800 0000 | 4489 5c24 
  0x000001d1d2157450: 204c 8b94 | 24b0 0000 | 004c 8954 | 2468 4c8b | 9424 b800 | 0000 4c89 | 9424 8000 | 0000 6690 
  0x000001d1d2157470: ;   {static_call}
  0x000001d1d2157470: c5f8 77e8 

  0x000001d1d2157474: ; ImmutableOopMap {rbp=Oop [32]=NarrowOop [36]=NarrowOop [40]=Oop [48]=Oop [64]=Oop [72]=Oop [96]=NarrowOop [104]=Oop [120]=Oop [128]=Oop [176]=Oop [184]=Oop }
                      ;*invokestatic hashCode {reexecute=0 rethrow=0 return_oop=0}
                      ; - java.lang.String::hashCode@27
                      ; - java.util.concurrent.ConcurrentHashMap::get@1
                      ; - java.lang.ClassLoader::definePackage@47
                      ; - java.lang.ClassLoader::getDefinedPackage@32
                      ; - java.net.URLClassLoader::getAndVerifyPackage@2
                      ; - java.net.URLClassLoader::defineClass@46
                      ; - java.net.URLClassLoader$1::run@43
                      ; - java.net.URLClassLoader$1::run@1
                      ; - java.security.AccessController::executePrivileged@29
                      ; - java.security.AccessController::doPrivileged@13
                      ; - java.net.URLClassLoader::findClass@13
  0x000001d1d2157474: 087c 88ff 

  0x000001d1d2157478: ;   {other}
  0x000001d1d2157478: 0f1f 8400 | e82e 001e | 85c0 0f84 | b225 0000 | 4c8b 6c24 | 4041 8945 | 0c44 8b54 | 2420 4489 
  0x000001d1d2157498: 9424 8800 | 0000 4c8b | 5c24 384c | 8b74 2448 | 448b 4424 | 248b 4c24 | 60e9 12e8 | ffff 440f 
  0x000001d1d21574b8: b640 110f | 1f44 0000 | 4585 c00f | 85c8 1e00 | 0044 8b50 | 1448 8bef | 498b d280 | 7810 000f 
  0x000001d1d21574d8: 8520 2600 | 0089 4c24 | 7089 7c24 | 2448 8944 | 2468 4c89 | 4c24 604c | 8974 2448 | 4c89 6c24 
  0x000001d1d21574f8: 404c 895c | 2438 448b | 9c24 8800 | 0000 4489 | 5c24 204c | 8b94 24b0 | 0000 004c | 8994 2480 
  0x000001d1d2157518: 0000 0090 

  0x000001d1d215751c: ;   {static_call}
  0x000001d1d215751c: c5f8 77e8 

  0x000001d1d2157520: ; ImmutableOopMap {rbp=Oop [32]=NarrowOop [36]=NarrowOop [40]=Oop [48]=Oop [64]=Oop [72]=Oop [96]=Oop [104]=Oop [120]=Oop [128]=Oop [176]=Oop [184]=Oop }
                      ;*invokestatic hashCode {reexecute=0 rethrow=0 return_oop=0}
                      ; - java.lang.String::hashCode@27
                      ; - java.util.HashMap::hash@9
                      ; - java.util.HashMap::getNode@23
                      ; - java.util.HashMap::get@2
                      ; - java.util.jar.Manifest::getAttributes@5
                      ; - java.util.jar.Manifest::getTrustedAttributes@2
                      ; - java.util.jar.JavaUtilJarAccessImpl::getTrustedAttributes@2
                      ; - java.net.URLClassLoader::isSealed@18
                      ; - java.net.URLClassLoader::getAndVerifyPackage@68
                      ; - java.net.URLClassLoader::defineClass@46
                      ; - java.net.URLClassLoader$1::run@43
                      ; - java.net.URLClassLoader$1::run@1
                      ; - java.security.AccessController::executePrivileged@29
                      ; - java.security.AccessController::doPrivileged@13
                      ; - java.net.URLClassLoader::findClass@13
  0x000001d1d2157520: 5c7b 88ff 

  0x000001d1d2157524: ;   {other}
  0x000001d1d2157524: 0f1f 8400 | 942f 001f | 85c0 0f84 | 9125 0000 | 488b 5c24 | 6889 430c | 448b d841 | c1eb 1044 
  0x000001d1d2157544: 33d8 8b4c | 2470 4123 | cb41 8bd3 | 448b 5424 | 2044 8994 | 2488 0000 | 004c 8b5c | 2438 4c8b 
  0x000001d1d2157564: 6c24 404c | 8b74 2448 | 4c8b 4c24 | 608b 7c24 | 2444 8bd2 | e90d fbff | ff4c 8b5c | 2420 4c8b 
  0x000001d1d2157584: 6c24 384c | 8b74 2440 | 4c8b 4c24 | 4848 8b5c | 2460 448b | 5424 688b | 4c24 6c44 | 8b41 1845 
  0x000001d1d21575a4: 85c0 0f84 | 71fc ffff 

  0x000001d1d21575ac: ;   {metadata('java/util/HashMap$TreeNode')}
  0x000001d1d21575ac: 8b49 0881 | f998 ff19 | 000f 8531 | 1400 0048 | 895c 2468 | 4c89 4c24 | 604c 8974 | 2448 4c89 
  0x000001d1d21575cc: 6c24 404c | 895c 2438 | 448b 9c24 | 8800 0000 | 4489 5c24 | 2048 8bd5 | 458b c24c | 8bcb 488b 
  0x000001d1d21575ec: ac24 b000 | 0000 6690 

  0x000001d1d21575f4: ;   {optimized virtual_call}
  0x000001d1d21575f4: c5f8 77e8 

  0x000001d1d21575f8: ; ImmutableOopMap {rbp=Oop [32]=NarrowOop [40]=Oop [48]=Oop [64]=Oop [72]=Oop [96]=Oop [104]=Oop [120]=Oop [176]=Oop [184]=Oop }
                      ;*invokevirtual getTreeNode {reexecute=0 rethrow=0 return_oop=1}
                      ; - java.util.HashMap::getNode@95
                      ; - java.util.HashMap::get@2
                      ; - java.util.jar.Manifest::getAttributes@5
                      ; - java.util.jar.Manifest::getTrustedAttributes@2
                      ; - java.util.jar.JavaUtilJarAccessImpl::getTrustedAttributes@2
                      ; - java.net.URLClassLoader::isSealed@18
                      ; - java.net.URLClassLoader::getAndVerifyPackage@68
                      ; - java.net.URLClassLoader::defineClass@46
                      ; - java.net.URLClassLoader$1::run@43
                      ; - java.net.URLClassLoader$1::run@1
                      ; - java.security.AccessController::executePrivileged@29
                      ; - java.security.AccessController::doPrivileged@13
                      ; - java.net.URLClassLoader::findClass@13
  0x000001d1d21575f8: 8474 88ff 

  0x000001d1d21575fc: ;   {other}
  0x000001d1d21575fc: 0f1f 8400 | 6c30 0020 | 4885 c075 | 2644 8b54 | 2420 4489 | 9424 8800 | 0000 4c8b | 5c24 384c 
  0x000001d1d215761c: 8b6c 2440 | 4c8b 7424 | 484c 8b4c | 2460 e9ee | fbff ff48 | 8be8 448b | 5424 2044 | 8994 2488 
  0x000001d1d215763c: 0000 004c | 8b5c 2438 | 4c8b 6c24 | 404c 8b74 | 2448 4c8b | 4c24 6048 | 8b5c 2468 | e9b8 faff 
  0x000001d1d215765c: ff4c 8b5c | 2420 4c8b | 6c24 384c | 8b74 2440 | 4c8b 4c24 | 4848 8b5c | 2460 448b | 4424 6844 
  0x000001d1d215767c: 8b54 246c | 488b 7c24 | 7041 8b4a | 1885 c90f | 8488 dfff | ff45 8b52 | 0866 6666 | 0f1f 8400 
  0x000001d1d215769c: 0000 0000 

  0x000001d1d21576a0: ;   {metadata('java/util/HashMap$TreeNode')}
  0x000001d1d21576a0: 4181 fa98 | ff19 000f | 85da 1300 | 0048 895c | 2468 4c89 | 4c24 604c | 8974 2448 | 4c89 6c24 
  0x000001d1d21576c0: 404c 895c | 2438 4c8b | 5c24 284c | 895c 2420 | 8bac 2488 | 0000 0048 

  0x000001d1d21576d8: ;   {oop(a 'java/util/jar/Attributes$Name'{0x0000000080074aa8})}
  0x000001d1d21576d8: 8bd7 49b9 | a84a 0780 | 0000 0000 | 4c8b 9424 | b000 0000 | 4c89 5424 | 284c 8b94 | 24b8 0000 
  0x000001d1d21576f8: 004c 8994 | 2480 0000 | 0066 6690 

  0x000001d1d2157704: ;   {optimized virtual_call}
  0x000001d1d2157704: c5f8 77e8 

  0x000001d1d2157708: ; ImmutableOopMap {rbp=NarrowOop [32]=Oop [40]=Oop [48]=Oop [64]=Oop [72]=Oop [96]=Oop [104]=Oop [120]=Oop [128]=Oop [176]=Oop [184]=Oop }
                      ;*invokevirtual getTreeNode {reexecute=0 rethrow=0 return_oop=1}
                      ; - java.util.HashMap::getNode@95
                      ; - java.util.LinkedHashMap::get@2
                      ; - java.util.jar.Attributes::get@5
                      ; - java.util.jar.Attributes::getValue@2
                      ; - java.net.URLClassLoader::isSealed@58
                      ; - java.net.URLClassLoader::getAndVerifyPackage@68
                      ; - java.net.URLClassLoader::defineClass@46
                      ; - java.net.URLClassLoader$1::run@43
                      ; - java.net.URLClassLoader$1::run@1
                      ; - java.security.AccessController::executePrivileged@29
                      ; - java.security.AccessController::doPrivileged@13
                      ; - java.net.URLClassLoader::findClass@13
  0x000001d1d2157708: 7473 88ff 

  0x000001d1d215770c: ;   {other}
  0x000001d1d215770c: 0f1f 8400 | 7c31 0021 | 4885 c075 | 1b89 ac24 | 8800 0000 | 4c8b 5424 | 204c 8954 | 2428 4c8b 
  0x000001d1d215772c: 5c24 38e9 | e5de ffff | 89ac 2488 | 0000 004c | 8b5c 2420 | 4c89 5c24 | 284c 8b5c | 2438 4c8b 
  0x000001d1d215774c: 6c24 404c | 8b74 2448 | 4c8b 4c24 | 6048 8b5c | 2468 488b | f8e9 ccfb | ffff 4c89 | 4c24 204c 
  0x000001d1d215776c: 8954 2470 | 498b d14c | 8b94 24b8 | 0000 004c | 8954 2438 | 4c8b 9424 | b000 0000 | 4c89 5424 
  0x000001d1d215778c: 4048 8b6c | 2438 6690 

  0x000001d1d2157794: ;   {optimized virtual_call}
  0x000001d1d2157794: c5f8 77e8 

  0x000001d1d2157798: ; ImmutableOopMap {rbp=Oop [32]=Oop [40]=Oop [48]=Oop [56]=Oop [64]=Oop [112]=Oop [120]=Oop [136]=NarrowOop [176]=Oop [184]=Oop [216]=Oop }
                      ;*invokevirtual getManEntry {reexecute=0 rethrow=0 return_oop=1}
                      ; - java.util.jar.JarFile::getManifestFromReference@27
                      ; - java.util.jar.JarFile::getManifest@1
                      ; - jdk.internal.loader.URLClassPath$JarLoader$2::getManifest@22
                      ; - java.net.URLClassLoader::defineClass@34
                      ; - java.net.URLClassLoader$1::run@43
                      ; - java.net.URLClassLoader$1::run@1
                      ; - java.security.AccessController::executePrivileged@29
                      ; - java.security.AccessController::doPrivileged@13
                      ; - java.net.URLClassLoader::findClass@13
  0x000001d1d2157798: e472 88ff 

  0x000001d1d215779c: ;   {other}
  0x000001d1d215779c: 0f1f 8400 | 0c32 0022 | 4885 c00f | 846b 1a00 | 004c 8b44 | 2420 450f | b650 1266 | 0f1f 8400 
  0x000001d1d21577bc: 0000 0000 | 4585 d20f | 85bc 0200 | 004c 8984 | 2490 0000 | 0049 8bd0 | 4c8b c048 | 8b6c 2440 
  0x000001d1d21577dc: 4c8b 9424 | b800 0000 | 4c89 5424 | 4066 6690 

  0x000001d1d21577ec: ;   {optimized virtual_call}
  0x000001d1d21577ec: c5f8 77e8 

  0x000001d1d21577f0: ; ImmutableOopMap {rbp=Oop [40]=Oop [48]=Oop [64]=Oop [112]=Oop [120]=Oop [136]=NarrowOop [144]=Oop [176]=Oop [184]=Oop [216]=Oop }
                      ;*invokespecial getInputStream {reexecute=0 rethrow=0 return_oop=1}
                      ; - java.util.jar.JarFile::getManifestFromReference@130
                      ; - java.util.jar.JarFile::getManifest@1
                      ; - jdk.internal.loader.URLClassPath$JarLoader$2::getManifest@22
                      ; - java.net.URLClassLoader::defineClass@34
                      ; - java.net.URLClassLoader$1::run@43
                      ; - java.net.URLClassLoader$1::run@1
                      ; - java.security.AccessController::executePrivileged@29
                      ; - java.security.AccessController::doPrivileged@13
                      ; - java.net.URLClassLoader::findClass@13
  0x000001d1d21577f0: 8c72 88ff 

  0x000001d1d21577f4: ;   {other}
  0x000001d1d21577f4: 0f1f 8400 | 6432 0023 | 4889 4424 | 2049 8b87 | b801 0000 | 4c8b d049 | 83c2 184d | 3b97 c801 
  0x000001d1d2157814: 0000 0f83 | 2034 0000 | 4d89 97b8 | 0100 0041 | 0f0d 8ac0 | 0000 0048 | c700 0100 

  0x000001d1d2157830: ;   {metadata('java/util/jar/Manifest')}
  0x000001d1d2157830: 0000 c740 | 08a0 e104 | 0044 8960 | 0c4c 8960 | 104c 8bd0 | 4c89 5424 | 384c 8b94 | 2490 0000 
  0x000001d1d2157850: 0045 8b5a | 1444 895c | 2440 498b | afb8 0100 | 004c 8bd5 | 4983 c210 | 4d3b 97c8 | 0100 000f 
  0x000001d1d2157870: 83e8 3300 | 004d 8997 | b801 0000 | 410f 0d8a | c000 0000 | 48c7 4500 | 0100 0000 

  0x000001d1d215788c: ;   {metadata('java/util/jar/Attributes')}
  0x000001d1d215788c: c745 0840 | 8816 0044 | 8965 0cba | 1000 0000 | 4c8b 9424 | b000 0000 | 4c89 5424 | 4866 6690 
  0x000001d1d21578ac: ;   {static_call}
  0x000001d1d21578ac: c5f8 77e8 

  0x000001d1d21578b0: ; ImmutableOopMap {rbp=Oop [32]=Oop [40]=Oop [48]=Oop [56]=Oop [64]=NarrowOop [72]=Oop [112]=Oop [120]=Oop [136]=NarrowOop [144]=Oop [176]=Oop [184]=Oop [216]=Oop }
                      ;*invokestatic newLinkedHashMap {reexecute=0 rethrow=0 return_oop=1}
                      ; - java.util.jar.Attributes::<init>@6
                      ; - java.util.jar.Attributes::<init>@3
                      ; - java.util.jar.Manifest::<init>@9
                      ; - java.util.jar.Manifest::<init>@4
                      ; - java.util.jar.JarFile::getManifestFromReference@143
                      ; - java.util.jar.JarFile::getManifest@1
                      ; - jdk.internal.loader.URLClassPath$JarLoader$2::getManifest@22
                      ; - java.net.URLClassLoader::defineClass@34
                      ; - java.net.URLClassLoader$1::run@43
                      ; - java.net.URLClassLoader$1::run@1
                      ; - java.security.AccessController::executePrivileged@29
                      ; - java.security.AccessController::doPrivileged@13
                      ; - java.net.URLClassLoader::findClass@13
  0x000001d1d21578b0: cc77 88ff 

  0x000001d1d21578b4: ;   {other}
  0x000001d1d21578b4: 0f1f 8400 | 2433 0024 | 488b f890 | 4180 7f40 | 000f 8584 | 2d00 004c | 8bdf 4489 | 5d0c 4c8b 
  0x000001d1d21578d4: d74c 8bdd | 4d33 d348 | 8bdd 49c1 | ea14 448b | 4c24 404d | 8bc1 4c89 | 4424 484d | 85d2 741f 
  0x000001d1d21578f4: 4885 ff74 | 1a49 c1eb | 0948 b900 | 0079 d9d1 | 0100 0049 | 03cb 8039 | 020f 8592 | 2e00 0041 
  0x000001d1d2157914: 807f 4000 | 0f85 f02c | 0000 4c8b | 5424 3841 | 895a 0c4c | 8bd5 4c8b | 5c24 384d | 33d3 49c1 
  0x000001d1d2157934: ea14 4d85 | d274 1a49 | c1eb 0948 | b900 0079 | d9d1 0100 | 0049 03cb | 8039 020f | 85fa 2d00 
  0x000001d1d2157954: 004d 8b97 | b801 0000 | 4d8b da49 | 83c3 304d | 3b9f c801 | 0000 0f83 | 2433 0000 | 4d89 9fb8 
  0x000001d1d2157974: 0100 0041 | 0f0d 8bc0 | 0000 004d | 8bc2 49c7 | 0001 0000 

  0x000001d1d2157988: ;   {metadata('java/util/HashMap')}
  0x000001d1d2157988: 0041 c740 | 0868 a908 | 0045 8960 | 0c4d 8960 | 104d 8960 | 184d 8960 | 2849 c740 | 2000 0040 
  0x000001d1d21579a8: 3f41 807f | 4000 0f85 | d12c 0000 | 4c8b 4c24 | 384d 8bd0 | 4589 5110 | 4d8b d14d | 8bd8 4d33 
  0x000001d1d21579c8: da49 c1eb | 144d 85db | 741a 49c1 | ea09 48b9 | 0000 79d9 | d101 0000 | 4903 ca80 | 3902 0f85 
  0x000001d1d21579e8: 132d 0000 | 498b e949 | 8bd1 4c8b | 4424 204c | 8b4c 2448 | 4c8b 9424 | b000 0000 | 4c89 5424 
  0x000001d1d2157a08: 384c 8b94 | 24b8 0000 | 004c 8954 | 2448 6690 

  0x000001d1d2157a18: ;   {optimized virtual_call}
  0x000001d1d2157a18: c5f8 77e8 

  0x000001d1d2157a1c: ; ImmutableOopMap {rbp=Oop [32]=Oop [40]=Oop [48]=Oop [56]=Oop [72]=Oop [112]=Oop [120]=Oop [136]=NarrowOop [144]=Oop [176]=Oop [184]=Oop [216]=Oop }
                      ;*invokevirtual read {reexecute=0 rethrow=0 return_oop=0}
                      ; - java.util.jar.Manifest::<init>@29
                      ; - java.util.jar.Manifest::<init>@4
                      ; - java.util.jar.JarFile::getManifestFromReference@143
                      ; - java.util.jar.JarFile::getManifest@1
                      ; - jdk.internal.loader.URLClassPath$JarLoader$2::getManifest@22
                      ; - java.net.URLClassLoader::defineClass@34
                      ; - java.net.URLClassLoader$1::run@43
                      ; - java.net.URLClassLoader$1::run@1
                      ; - java.security.AccessController::executePrivileged@29
                      ; - java.security.AccessController::doPrivileged@13
                      ; - java.net.URLClassLoader::findClass@13
  0x000001d1d2157a1c: 6070 88ff 

  0x000001d1d2157a20: ;   {other}
  0x000001d1d2157a20: 0f1f 8400 | 9034 0025 | 4180 7f40 | 000f 8596 | 2c00 004c | 8bd5 4589 | 6214 4c8b | 4424 2090 
  0x000001d1d2157a40: ; implicit exception: dispatches to 0x000001d1d215dba8
  0x000001d1d2157a40: 458b 5808 

  0x000001d1d2157a44: ;   {metadata('java/util/zip/ZipFile$ZipFileInflaterInputStream')}
  0x000001d1d2157a44: 4181 fbd0 | a231 000f | 85b6 4e00 | 0049 8bea | 498b d04c | 8b54 2438 | 4c89 5424 | 204c 8b54 
  0x000001d1d2157a64: 2448 4c89 | 5424 4090 

  0x000001d1d2157a6c: ;   {optimized virtual_call}
  0x000001d1d2157a6c: c5f8 77e8 

  0x000001d1d2157a70: ; ImmutableOopMap {rbp=Oop [32]=Oop [40]=Oop [48]=Oop [64]=Oop [112]=Oop [120]=Oop [136]=NarrowOop [144]=Oop [176]=Oop [184]=Oop [216]=Oop }
                      ;*invokevirtual close {reexecute=0 rethrow=0 return_oop=0}
                      ; - java.util.jar.JarFile::getManifestFromReference@152
                      ; - java.util.jar.JarFile::getManifest@1
                      ; - jdk.internal.loader.URLClassPath$JarLoader$2::getManifest@22
                      ; - java.net.URLClassLoader::defineClass@34
                      ; - java.net.URLClassLoader$1::run@43
                      ; - java.net.URLClassLoader$1::run@1
                      ; - java.security.AccessController::executePrivileged@29
                      ; - java.security.AccessController::doPrivileged@13
                      ; - java.net.URLClassLoader::findClass@13
  0x000001d1d2157a70: 0c70 88ff 

  0x000001d1d2157a74: ;   {other}
  0x000001d1d2157a74: 0f1f 8400 | e434 0026 | 0f1f 4000 | e9ee 0c00 | 0048 8944 | 2420 498b | e849 8bd0 | 4c8b c04c 
  0x000001d1d2157a94: 8b54 2440 | 4c89 5424 | 384c 8b94 | 24b8 0000 | 004c 8954 | 2448 6690 

  0x000001d1d2157aac: ;   {optimized virtual_call}
  0x000001d1d2157aac: c5f8 77e8 

  0x000001d1d2157ab0: ; ImmutableOopMap {rbp=Oop [32]=Oop [40]=Oop [48]=Oop [56]=Oop [72]=Oop [112]=Oop [120]=Oop [136]=NarrowOop [176]=Oop [184]=Oop [216]=Oop }
                      ;*invokevirtual getBytes {reexecute=0 rethrow=0 return_oop=1}
                      ; - java.util.jar.JarFile::getManifestFromReference@44
                      ; - java.util.jar.JarFile::getManifest@1
                      ; - jdk.internal.loader.URLClassPath$JarLoader$2::getManifest@22
                      ; - java.net.URLClassLoader::defineClass@34
                      ; - java.net.URLClassLoader$1::run@43
                      ; - java.net.URLClassLoader$1::run@1
                      ; - java.security.AccessController::executePrivileged@29
                      ; - java.security.AccessController::doPrivileged@13
                      ; - java.net.URLClassLoader::findClass@13
  0x000001d1d2157ab0: cc6f 88ff 

  0x000001d1d2157ab4: ;   {other}
  0x000001d1d2157ab4: 0f1f 8400 | 2435 0027 | 4889 8424 | 8000 0000 | 4c8b dd41 | 0fb6 6b11 | 85ed 0f85 | 0c4f 0000 
  0x000001d1d2157ad4: 4c89 9c24 | 9000 0000 | 498b d348 | 8b6c 2438 | 4c8b 5424 | 484c 8954 | 2440 6690 

  0x000001d1d2157af0: ;   {optimized virtual_call}
  0x000001d1d2157af0: c5f8 77e8 

  0x000001d1d2157af4: ; ImmutableOopMap {rbp=Oop [32]=Oop [40]=Oop [48]=Oop [64]=Oop [112]=Oop [120]=Oop [128]=Oop [136]=NarrowOop [144]=Oop [176]=Oop [184]=Oop [216]=Oop }
                      ;*invokevirtual getManifestNum {reexecute=0 rethrow=0 return_oop=0}
                      ; - java.util.zip.ZipFile$1::getManifestNum@1
                      ; - java.util.jar.JarFile::getManifestFromReference@59
                      ; - java.util.jar.JarFile::getManifest@1
                      ; - jdk.internal.loader.URLClassPath$JarLoader$2::getManifest@22
                      ; - java.net.URLClassLoader::defineClass@34
                      ; - java.net.URLClassLoader$1::run@43
                      ; - java.net.URLClassLoader$1::run@1
                      ; - java.security.AccessController::executePrivileged@29
                      ; - java.security.AccessController::doPrivileged@13
                      ; - java.net.URLClassLoader::findClass@13
  0x000001d1d2157af4: 886f 88ff 

  0x000001d1d2157af8: ;   {other}
  0x000001d1d2157af8: 0f1f 8400 | 6835 0028 | 83f8 010f | 8523 4f00 | 004d 8b87 | b801 0000 | 4d8b d049 | 83c2 4066 
  0x000001d1d2157b18: 0f1f 8400 | 0000 0000 | 4d3b 97c8 | 0100 000f | 8360 2e00 | 004d 8997 | b801 0000 | 410f 0d8a 
  0x000001d1d2157b38: c000 0000 | 49c7 0001 

  0x000001d1d2157b40: ;   {metadata('java/util/jar/JarVerifier')}
  0x000001d1d2157b40: 0000 0041 | c740 0878 | 9e16 0045 | 8960 0c4d | 8960 104d | 8960 184d | 8960 204d | 8960 284d 
  0x000001d1d2157b60: 8960 304d | 8960 384c | 8b54 2420 | 458b 5a08 

  0x000001d1d2157b70: ;   {metadata('java/util/jar/JarFile$JarFileEntry')}
  0x000001d1d2157b70: 4181 fb48 | 3131 000f | 8517 4b00 | 0041 c640 | 0e01 458b | 5260 4589 | 5030 41c6 | 400d 014c 
  0x000001d1d2157b90: 8984 2498 | 0000 004d | 8bda 4d33 | d84c 8b8c | 2480 0000 | 0044 894c | 2420 49c1 | eb14 4d85 
  0x000001d1d2157bb0: db74 1f45 | 85d2 741a | 49c1 e809 | 48b9 0000 | 79d9 d101 | 0000 4903 | c880 3902 | 0f85 3829 
  0x000001d1d2157bd0: 0000 4180 | 7f40 000f | 8588 2000 | 004c 8b94 | 2498 0000 | 0044 8b44 | 2420 4589 | 422c 4c8b 
  0x000001d1d2157bf0: 9424 8000 | 0000 4c8b | 9c24 9800 | 0000 4d33 | d349 c1ea | 144d 85d2 | 7427 4c8b | 9424 8000 
  0x000001d1d2157c10: 0000 4d85 | d274 1a49 | c1eb 0948 | b900 0079 | d9d1 0100 | 0049 03cb | 8039 020f | 8588 2800 
  0x000001d1d2157c30: 0049 8baf | b801 0000 | 4c8b d549 | 83c2 3090 | 4d3b 97c8 | 0100 000f | 8363 2d00 | 004d 8997 
  0x000001d1d2157c50: b801 0000 | 410f 0d8a | c000 0000 | 48c7 4500 | 0100 0000 

  0x000001d1d2157c64: ;   {metadata('java/util/Hashtable')}
  0x000001d1d2157c64: c745 08b8 | d300 0044 | 8965 0c4c | 8965 104c | 8965 184c | 8965 204c 

  0x000001d1d2157c7c: ;   {section_word}
  0x000001d1d2157c7c: 8965 28c5 | fa10 0559 | d2ff ff4c | 8b94 24b0 | 0000 004c | 8954 2438 

  0x000001d1d2157c94: ;   {static_call}
  0x000001d1d2157c94: c5f8 77e8 

  0x000001d1d2157c98: ; ImmutableOopMap {rbp=Oop [32]=NarrowOop [40]=Oop [48]=Oop [56]=Oop [112]=Oop [120]=Oop [128]=Oop [136]=NarrowOop [144]=Oop [152]=Oop [176]=Oop [184]=Oop [216]=Oop }
                      ;*invokestatic isNaN {reexecute=0 rethrow=0 return_oop=0}
                      ; - java.util.Hashtable::<init>@47
                      ; - java.util.Hashtable::<init>@5
                      ; - java.util.jar.JarVerifier::<init>@39
                      ; - java.util.jar.JarFile::getManifestFromReference@78
                      ; - java.util.jar.JarFile::getManifest@1
                      ; - jdk.internal.loader.URLClassPath$JarLoader$2::getManifest@22
                      ; - java.net.URLClassLoader::defineClass@34
                      ; - java.net.URLClassLoader$1::run@43
                      ; - java.net.URLClassLoader$1::run@1
                      ; - java.security.AccessController::executePrivileged@29
                      ; - java.security.AccessController::doPrivileged@13
                      ; - java.net.URLClassLoader::findClass@13
  0x000001d1d2157c98: e473 88ff 

  0x000001d1d2157c9c: ;   {other}
  0x000001d1d2157c9c: 0f1f 8400 | 0c37 0029 | 85c0 0f85 | 684a 0000 | c745 1400 | 0040 3f4d | 8b97 b801 | 0000 4d8b 
  0x000001d1d2157cbc: da49 83c3 | 404d 3b9f | c801 0000 | 0f83 0e2d | 0000 4d89 | 9fb8 0100 | 0041 0f0d | 8bc0 0000 
  0x000001d1d2157cdc: 0049 c702 | 0100 0000 | 410f 0d8b | 0001 0000 

  0x000001d1d2157cec: ;   {metadata('java/util/Hashtable$Entry'[])}
  0x000001d1d2157cec: 41c7 4208 | a87f 1300 | 410f 0d8b | 4001 0000 | 41c7 420c | 0b00 0000 | 410f 0d8b | 8001 0000 
  0x000001d1d2157d0c: 4d89 6210 | 4d89 6218 | 4d89 6220 | 4d89 6228 | 4d89 6230 | 4d89 6238 | 498b da41 | 807f 4000 
  0x000001d1d2157d2c: 0f85 b31f | 0000 4c8b | d344 8955 | 1c4c 8bd3 | 4c8b dd4d | 33d3 488b | fd49 c1ea | 144d 85d2 
  0x000001d1d2157d4c: 741b 49c1 | eb09 48b9 | 0000 79d9 | d101 0000 | 4903 cb90 | 8039 020f | 85cc 2200 | 0041 807f 
  0x000001d1d2157d6c: 4000 0f85 | 311f 0000 | 4c8b 9424 | 9800 0000 | 4189 7a14 | c745 1008 | 0000 004c | 8bd5 4c8b 
  0x000001d1d2157d8c: 9c24 9800 | 0000 4d33 | d349 c1ea | 144d 85d2 | 741a 49c1 | eb09 48b9 | 0000 79d9 | d101 0000 
  0x000001d1d2157dac: 4903 cb80 | 3902 0f85 | ce22 0000 | 498b afb8 | 0100 004c | 8bd5 4983 | c230 4d3b | 97c8 0100 
  0x000001d1d2157dcc: 000f 8332 | 2c00 004d | 8997 b801 | 0000 410f | 0d8a c000 | 0000 48c7 | 4500 0100 

  0x000001d1d2157de8: ;   {metadata('java/util/Hashtable')}
  0x000001d1d2157de8: 0000 c745 | 08b8 d300 | 0044 8965 | 0c4c 8965 | 104c 8965 | 184c 8965 | 204c 8965 

  0x000001d1d2157e04: ;   {section_word}
  0x000001d1d2157e04: 28c5 fa10 | 05d3 d0ff | ff4c 8b94 | 24b0 0000 | 004c 8954 | 2438 6690 

  0x000001d1d2157e1c: ;   {static_call}
  0x000001d1d2157e1c: c5f8 77e8 

  0x000001d1d2157e20: ; ImmutableOopMap {rbp=Oop [32]=NarrowOop [40]=Oop [48]=Oop [56]=Oop [112]=Oop [120]=Oop [128]=Oop [136]=NarrowOop [144]=Oop [152]=Oop [176]=Oop [184]=Oop [216]=Oop }
                      ;*invokestatic isNaN {reexecute=0 rethrow=0 return_oop=0}
                      ; - java.util.Hashtable::<init>@47
                      ; - java.util.Hashtable::<init>@5
                      ; - java.util.jar.JarVerifier::<init>@50
                      ; - java.util.jar.JarFile::getManifestFromReference@78
                      ; - java.util.jar.JarFile::getManifest@1
                      ; - jdk.internal.loader.URLClassPath$JarLoader$2::getManifest@22
                      ; - java.net.URLClassLoader::defineClass@34
                      ; - java.net.URLClassLoader$1::run@43
                      ; - java.net.URLClassLoader$1::run@1
                      ; - java.security.AccessController::executePrivileged@29
                      ; - java.security.AccessController::doPrivileged@13
                      ; - java.net.URLClassLoader::findClass@13
  0x000001d1d2157e20: 5c72 88ff 

  0x000001d1d2157e24: ;   {other}
  0x000001d1d2157e24: 0f1f 8400 | 9438 002a | 85c0 0f85 | 4849 0000 | c745 1400 | 0040 3f4d | 8b97 b801 | 0000 4d8b 
  0x000001d1d2157e44: da49 83c3 | 404d 3b9f | c801 0000 | 0f83 fe2b | 0000 4d89 | 9fb8 0100 | 0041 0f0d | 8bc0 0000 
  0x000001d1d2157e64: 0049 c702 | 0100 0000 | 410f 0d8b | 0001 0000 

  0x000001d1d2157e74: ;   {metadata('java/util/Hashtable$Entry'[])}
  0x000001d1d2157e74: 41c7 4208 | a87f 1300 | 410f 0d8b | 4001 0000 | 41c7 420c | 0b00 0000 | 410f 0d8b | 8001 0000 
  0x000001d1d2157e94: 4d89 6210 | 4d89 6218 | 4d89 6220 | 4d89 6228 | 4d89 6230 | 4d89 6238 | 498b da41 | 807f 4000 
  0x000001d1d2157eb4: 0f85 a51e | 0000 4c8b | d34d 8bda | 4489 5d1c | 4c8b dd4d | 33d3 488b | dd49 c1ea | 144d 85d2 
  0x000001d1d2157ed4: 741a 49c1 | eb09 48b9 | 0000 79d9 | d101 0000 | 4903 cb80 | 3902 0f85 | 3822 0000 | 4180 7f40 
  0x000001d1d2157ef4: 000f 8524 | 1e00 004c | 8b94 2498 | 0000 0041 | 895a 10c7 | 4510 0800 | 0000 4c8b | d54c 8b9c 
  0x000001d1d2157f14: 2498 0000 | 004d 33d3 | 49c1 ea14 | 4d85 d274 | 1a49 c1eb | 0948 b900 | 0079 d9d1 | 0100 0049 
  0x000001d1d2157f34: 03cb 8039 | 020f 8598 | 2100 0049 | 8baf b801 | 0000 4c8b | d549 83c2 | 304d 3b97 | c801 0000 
  0x000001d1d2157f54: 0f83 d22a | 0000 4d89 | 97b8 0100 | 0041 0f0d | 8ac0 0000 | 0048 c745 | 0001 0000 

  0x000001d1d2157f70: ;   {metadata('java/util/Hashtable')}
  0x000001d1d2157f70: 00c7 4508 | b8d3 0000 | 4489 650c | 4c89 6510 | 4c89 6518 | 4c89 6520 | 4c89 6528 

  0x000001d1d2157f8c: ;   {section_word}
  0x000001d1d2157f8c: c5fa 1005 | 4ccf ffff | 4c8b 9424 | b000 0000 | 4c89 5424 | 3866 6690 

  0x000001d1d2157fa4: ;   {static_call}
  0x000001d1d2157fa4: c5f8 77e8 

  0x000001d1d2157fa8: ; ImmutableOopMap {rbp=Oop [32]=NarrowOop [40]=Oop [48]=Oop [56]=Oop [112]=Oop [120]=Oop [128]=Oop [136]=NarrowOop [144]=Oop [152]=Oop [176]=Oop [184]=Oop [216]=Oop }
                      ;*invokestatic isNaN {reexecute=0 rethrow=0 return_oop=0}
                      ; - java.util.Hashtable::<init>@47
                      ; - java.util.Hashtable::<init>@4
                      ; - java.util.jar.JarVerifier::<init>@63
                      ; - java.util.jar.JarFile::getManifestFromReference@78
                      ; - java.util.jar.JarFile::getManifest@1
                      ; - jdk.internal.loader.URLClassPath$JarLoader$2::getManifest@22
                      ; - java.net.URLClassLoader::defineClass@34
                      ; - java.net.URLClassLoader$1::run@43
                      ; - java.net.URLClassLoader$1::run@1
                      ; - java.security.AccessController::executePrivileged@29
                      ; - java.security.AccessController::doPrivileged@13
                      ; - java.net.URLClassLoader::findClass@13
  0x000001d1d2157fa8: d470 88ff 

  0x000001d1d2157fac: ;   {other}
  0x000001d1d2157fac: 0f1f 8400 | 1c3a 002b | 85c0 0f85 | 2848 0000 | c745 1400 | 0040 3f4d | 8b97 b801 | 0000 4d8b 
  0x000001d1d2157fcc: da49 83c3 | 404d 3b9f | c801 0000 | 0f83 7e2b | 0000 4d89 | 9fb8 0100 | 0041 0f0d | 8bc0 0000 
  0x000001d1d2157fec: 0049 c702 | 0100 0000 | 410f 0d8b | 0001 0000 

  0x000001d1d2157ffc: ;   {metadata('java/util/Hashtable$Entry'[])}
  0x000001d1d2157ffc: 41c7 4208 | a87f 1300 | 410f 0d8b | 4001 0000 | 41c7 420c | 0b00 0000 | 410f 0d8b | 8001 0000 
  0x000001d1d215801c: 4d89 6210 | 4d89 6218 | 4d89 6220 | 4d89 6228 | 4d89 6230 | 4d89 6238 | 498b da66 | 0f1f 8400 
  0x000001d1d215803c: 0000 0000 | 4180 7f40 | 000f 8544 | 1e00 004c | 8bd3 4489 | 551c 4c8b | 9424 9800 | 0000 4d8b 
  0x000001d1d215805c: da44 899c | 248c 0000 | 0048 8bfd | 4c8b d54c | 8bdb 4d33 | da49 c1eb | 144d 85db | 741a 49c1 
  0x000001d1d215807c: ea09 48b9 | 0000 79d9 | d101 0000 | 4903 ca80 | 3902 0f85 | 3123 0000 | 4180 7f40 | 000f 8526 
  0x000001d1d215809c: 1e00 004c | 8b94 2498 | 0000 0041 | 897a 18c7 | 4510 0800 | 0000 4c8b | d54c 8b9c | 2498 0000 
  0x000001d1d21580bc: 004d 33d3 | 49c1 ea14 | 4d85 d274 | 2049 c1eb | 0948 b900 | 0079 d9d1 | 0100 0049 | 03cb 660f 
  0x000001d1d21580dc: 1f44 0000 | 8039 020f | 8581 2200 | 004d 8b97 | b801 0000 | 4d8b da49 | 83c3 1866 

  0x000001d1d21580f8: ;   {no_reloc}
  0x000001d1d21580f8: 0f1f 8400 | 0000 0000 | 4d3b 9fc8 | 0100 000f | 83ac 2a00 | 004d 899f | b801 0000 | 410f 0d8b 
  0x000001d1d2158118: c000 0000 | 49c7 0201 

  0x000001d1d2158120: ;   {metadata('java/util/ArrayList')}
  0x000001d1d2158120: 0000 0041 | c742 08d0 | 890b 0045 | 8962 0c45 

  0x000001d1d2158130: ;   {oop(a 'java/lang/Object'[0] {0x000000008004c500})}
  0x000001d1d2158130: 8962 1041 | c742 1400 | c504 8049 | 8bda 6690 | 4180 7f40 | 000f 85ba | 1d00 004c | 8bd3 4d8b 
  0x000001d1d2158150: da4c 8b94 | 2498 0000 | 0045 895a | 1c4c 8bdb | 4d33 da49 | c1eb 144d | 85db 741d | 49c1 ea09 
  0x000001d1d2158170: 48b9 0000 | 79d9 d101 | 0000 4903 | ca66 6690 | 8039 020f | 853f 2100 | 004d 8b97 | b801 0000 
  0x000001d1d2158190: 4d8b da49 | 83c3 1866 | 0f1f 8400 | 0000 0000 | 4d3b 9fc8 | 0100 000f | 8383 2900 | 004d 899f 
  0x000001d1d21581b0: b801 0000 | 410f 0d8b | c000 0000 | 49c7 0201 

  0x000001d1d21581c0: ;   {metadata('java/io/ByteArrayOutputStream')}
  0x000001d1d21581c0: 0000 0041 | c742 0818 | ff21 0045 | 8962 0c4d | 8962 1049 | 8bea 498b | 87b8 0100 | 004c 8bd0 
  0x000001d1d21581e0: 4983 c230 | 4d3b 97c8 | 0100 000f | 8394 2900 | 004d 8997 | b801 0000 | 410f 0d8a | c000 0000 
  0x000001d1d2158200: 48c7 0001 | 0000 0041 | 0f0d 8a00 

  0x000001d1d215820c: ;   {metadata({type array byte})}
  0x000001d1d215820c: 0100 00c7 | 4008 1823 | 0000 410f | 0d8a 4001 | 0000 c740 | 0c20 0000 | 0041 0f0d | 8a80 0100 
  0x000001d1d215822c: 004c 8960 | 104c 8960 | 184c 8960 | 204c 8960 | 284c 8bd5 | 498b da4c | 8bd8 4589 | 5a10 4c8b 
  0x000001d1d215824c: d04c 8bdd | 4d33 d349 | c1ea 144d | 85d2 741a | 49c1 eb09 | 48b9 0000 | 79d9 d101 | 0000 4903 
  0x000001d1d215826c: cb80 3902 | 0f85 0120 | 0000 6666 | 0f1f 8400 | 0000 0000 | 4180 7f40 | 000f 8544 | 1b00 004c 
  0x000001d1d215828c: 8b94 2498 | 0000 0041 | 895a 244c | 8bd5 4c8b | 9c24 9800 | 0000 4d33 | d349 c1ea | 144d 85d2 
  0x000001d1d21582ac: 741b 49c1 | eb09 48b9 | 0000 79d9 | d101 0000 | 4903 cb90 | 8039 020f | 85b0 1e00 | 004d 8b97 
  0x000001d1d21582cc: b801 0000 | 4d8b da49 | 83c3 1866 | 0f1f 8400 | 0000 0000 | 4d3b 9fc8 | 0100 000f | 838f 2700 
  0x000001d1d21582ec: 004d 899f | b801 0000 | 410f 0d8b | c000 0000 | 49c7 0201 

  0x000001d1d2158300: ;   {metadata('java/util/ArrayList')}
  0x000001d1d2158300: 0000 0041 | c742 08d0 | 890b 0045 | 8962 0c45 

  0x000001d1d2158310: ;   {oop(a 'java/lang/Object'[0] {0x000000008004c500})}
  0x000001d1d2158310: 8962 1041 | c742 1400 | c504 8049 | 8bda 6690 | 4180 7f40 | 000f 8524 | 1b00 004c | 8bd3 4d8b 
  0x000001d1d2158330: da4c 8b94 | 2498 0000 | 0045 895a | 344c 8bdb | 4d33 da49 | c1eb 144d | 85db 741d | 49c1 ea09 
  0x000001d1d2158350: 48b9 0000 | 79d9 d101 | 0000 4903 | ca66 6690 | 8039 020f | 85bc 1e00 | 004d 8b97 | b801 0000 
  0x000001d1d2158370: 4d8b da49 | 83c3 3066 | 0f1f 8400 | 0000 0000 | 4d3b 9fc8 | 0100 000f | 8378 2700 | 004d 899f 
  0x000001d1d2158390: b801 0000 | 410f 0d8b | c000 0000 | 49c7 0201 

  0x000001d1d21583a0: ;   {metadata('java/util/HashMap')}
  0x000001d1d21583a0: 0000 0041 | c742 0868 | a908 0045 | 8962 0c4d | 8962 104d | 8962 184d | 8962 2849 | c742 2000 
  0x000001d1d21583c0: 0040 3f49 | 8bda 4180 | 7f40 000f | 85c1 1900 | 004c 8bd3 | 4d8b da4c | 8b94 2498 | 0000 0045 
  0x000001d1d21583e0: 895a 384c | 8bdb 4d33 | da49 c1eb | 144d 85db | 741a 49c1 | ea09 48b9 | 0000 79d9 | d101 0000 
  0x000001d1d2158400: 4903 ca80 | 3902 0f85 | be1d 0000 | 4180 7f40 | 000f 85f8 | 1900 004c | 8b94 2490 | 0000 0044 
  0x000001d1d2158420: 8b9c 248c | 0000 0045 | 895a 304c | 8b94 2498 | 0000 004c | 8b9c 2490 | 0000 004d | 33d3 49c1 
  0x000001d1d2158440: ea14 4d85 | d274 2249 | c1eb 0948 | b900 0079 | d9d1 0100 | 0049 03cb | 0f1f 8400 | 0000 0000 
  0x000001d1d2158460: 8039 020f | 85b0 1e00 | 0049 8b87 | b801 0000 | 4c8b d049 | 83c2 1866 | 0f1f 8400 | 0000 0000 
  0x000001d1d2158480: 4d3b 97c8 | 0100 000f | 8344 2600 | 004d 8997 | b801 0000 | 410f 0d8a | c000 0000 | 48c7 0001 
  0x000001d1d21584a0: ;   {no_reloc}
  0x000001d1d21584a0: 0000 00c7 | 4008 a0e1 | 0400 4489 | 600c 4c89 | 6010 4c8b | d04c 8954 | 2468 4c8b | 9424 9000 
  0x000001d1d21584c0: 0000 458b | 5a30 4489 | 5c24 4c49 | 8b87 b801 | 0000 4c8b | d049 83c2 | 204c 895c | 2438 6690 
  0x000001d1d21584e0: 4d3b 97c8 | 0100 000f | 83bb 2500 | 004d 8997 | b801 0000 | 410f 0d8a | c000 0000 | 48c7 0001 
  0x000001d1d2158500: ;   {metadata('java/io/ByteArrayInputStream')}
  0x000001d1d2158500: 0000 00c7 | 4008 a023 | 0500 4489 | 600c 4c89 | 6010 4c89 | 6018 4c8b | d04c 8994 | 2498 0000 
  0x000001d1d2158520: 0044 8b5c | 2420 4589 | 5a18 4c8b | 9424 8000 | 0000 458b | 520c 4c8b | 9c24 9800 | 0000 4589 
  0x000001d1d2158540: 5314 4c8b | 9424 9000 | 0000 458b | 5214 4489 | 5424 2049 | 8baf b801 | 0000 4c8b | d549 83c2 
  0x000001d1d2158560: 104d 3b97 | c801 0000 | 0f83 7726 | 0000 4d89 | 97b8 0100 | 0041 0f0d | 8ac0 0000 | 0048 c745 
  0x000001d1d2158580: 0001 0000 

  0x000001d1d2158584: ;   {metadata('java/util/jar/Attributes')}
  0x000001d1d2158584: 00c7 4508 | 4088 1600 | 4489 650c | ba10 0000 | 004c 8b94 | 24b0 0000 | 004c 8954 | 2440 6690 
  0x000001d1d21585a4: ;   {static_call}
  0x000001d1d21585a4: c5f8 77e8 

  0x000001d1d21585a8: ; ImmutableOopMap {rbp=Oop [32]=NarrowOop [40]=Oop [48]=Oop [56]=Oop [64]=Oop [76]=NarrowOop [104]=Oop [112]=Oop [120]=Oop [136]=NarrowOop [144]=Oop [152]=Oop [176]=Oop [184]=Oop [216]=Oop }
                      ;*invokestatic newLinkedHashMap {reexecute=0 rethrow=0 return_oop=1}
                      ; - java.util.jar.Attributes::<init>@6
                      ; - java.util.jar.Attributes::<init>@3
                      ; - java.util.jar.Manifest::<init>@9
                      ; - java.util.jar.JarFile::getManifestFromReference@121
                      ; - java.util.jar.JarFile::getManifest@1
                      ; - jdk.internal.loader.URLClassPath$JarLoader$2::getManifest@22
                      ; - java.net.URLClassLoader::defineClass@34
                      ; - java.net.URLClassLoader$1::run@43
                      ; - java.net.URLClassLoader$1::run@1
                      ; - java.security.AccessController::executePrivileged@29
                      ; - java.security.AccessController::doPrivileged@13
                      ; - java.net.URLClassLoader::findClass@13
  0x000001d1d21585a8: d46a 88ff 

  0x000001d1d21585ac: ;   {other}
  0x000001d1d21585ac: 0f1f 8400 | 1c40 002c | 488b d866 | 0f1f 8400 | 0000 0000 | 4180 7f40 | 000f 85f4 | 1900 004c 
  0x000001d1d21585cc: 8bdb 4489 | 5d0c 4c8b | d34c 8bdd | 4d33 d344 | 8b4c 2420 | 4d8b c14c | 8944 2440 | 49c1 ea14 
  0x000001d1d21585ec: 488b fd4d | 85d2 741f | 4885 db74 | 1a49 c1eb | 0948 b900 | 0079 d9d1 | 0100 0049 | 03cb 8039 
  0x000001d1d215860c: 020f 8552 | 1f00 0041 | 807f 4000 | 0f85 2719 | 0000 4c8b | 5424 6841 | 897a 0c4c | 8bd5 4c8b 
  0x000001d1d215862c: 5c24 684d | 33d3 49c1 | ea14 4d85 | d274 1a49 | c1eb 0948 | b900 0079 | d9d1 0100 | 0049 03cb 
  0x000001d1d215864c: 8039 020f | 85c2 1d00 | 004d 8b97 | b801 0000 | 4d8b da49 | 83c3 304d | 3b9f c801 | 0000 0f83 
  0x000001d1d215866c: a025 0000 | 4d89 9fb8 | 0100 0041 | 0f0d 8bc0 | 0000 0049 | c702 0100 

  0x000001d1d2158684: ;   {metadata('java/util/HashMap')}
  0x000001d1d2158684: 0000 41c7 | 4208 68a9 | 0800 4589 | 620c 4d89 | 6210 4d89 | 6218 4d89 | 6228 49c7 | 4220 0000 
  0x000001d1d21586a4: 403f 498b | da41 807f | 4000 0f85 | cb18 0000 | 4c8b d34c | 8b5c 2468 | 4589 5310 | 4d8b d34c 
  0x000001d1d21586c4: 8bdb 4d33 | da49 c1eb | 144d 85db | 741a 49c1 | ea09 48b9 | 0000 79d9 | d101 0000 | 4903 ca80 
  0x000001d1d21586e4: 3902 0f85 | 7c1d 0000 | 488b 5424 | 684c 8b84 | 2498 0000 | 004c 8b4c | 2440 488b | ac24 b000 
  0x000001d1d2158704: 0000 4c8b | 9424 b800 | 0000 4c89 | 5424 6090 

  0x000001d1d2158714: ;   {optimized virtual_call}
  0x000001d1d2158714: c5f8 77e8 

  0x000001d1d2158718: ; ImmutableOopMap {rbp=Oop [40]=Oop [48]=Oop [56]=Oop [76]=NarrowOop [96]=Oop [104]=Oop [112]=Oop [120]=Oop [136]=NarrowOop [144]=Oop [176]=Oop [184]=Oop [216]=Oop }
                      ;*invokevirtual read {reexecute=0 rethrow=0 return_oop=0}
                      ; - java.util.jar.Manifest::<init>@29
                      ; - java.util.jar.JarFile::getManifestFromReference@121
                      ; - java.util.jar.JarFile::getManifest@1
                      ; - jdk.internal.loader.URLClassPath$JarLoader$2::getManifest@22
                      ; - java.net.URLClassLoader::defineClass@34
                      ; - java.net.URLClassLoader$1::run@43
                      ; - java.net.URLClassLoader$1::run@1
                      ; - java.security.AccessController::executePrivileged@29
                      ; - java.security.AccessController::doPrivileged@13
                      ; - java.net.URLClassLoader::findClass@13
  0x000001d1d2158718: 6463 88ff 

  0x000001d1d215871c: ;   {other}
  0x000001d1d215871c: 0f1f 8400 | 8c41 002d | 4180 7f40 | 000f 85c3 | 1800 004c | 8b44 2468 | 448b 4c24 | 4c45 8948 
  0x000001d1d215873c: 144c 8b54 | 2438 4d8b | d84d 33d3 | 49c1 ea14 | 4d85 d274 | 1f45 85c9 | 741a 49c1 | eb09 48b9 
  0x000001d1d215875c: 0000 79d9 | d101 0000 | 4903 cb80 | 3902 0f85 | 471e 0000 | 498b e84d | 8b87 b801 | 0000 4d8b 
  0x000001d1d215877c: d049 83c2 | 284d 3b97 | c801 0000 | 0f83 aa21 | 0000 4d89 | 97b8 0100 | 0041 0f0d | 8ac0 0000 
  0x000001d1d215879c: 0049 c700 | 0100 0000 

  0x000001d1d21587a4: ;   {metadata('java/lang/ref/SoftReference')}
  0x000001d1d21587a4: 41c7 4008 | 90df 0300 | 4589 600c | 4d89 6010 | 4d89 6018 | 4d89 6020 | 4c8b d545 | 8950 0c41 
  0x000001d1d21587c4: 807f 4000 | 0f85 0910 

  0x000001d1d21587cc: ;   {oop(a 'java/lang/ref/ReferenceQueue$Null'{0x0000000080065948})}
  0x000001d1d21587cc: 0000 41c7 | 4010 4859 | 0680 498b | f84d 8bd0 

  0x000001d1d21587dc: ;   {oop(a 'java/lang/ref/ReferenceQueue$Null'{0x0000000080065948})}
  0x000001d1d21587dc: 498b d849 | bb48 5906 | 8000 0000 | 004d 33da | 49c1 eb14 | 4d85 db74 | 1a49 c1ea | 0948 b900 
  0x000001d1d21587fc: 0079 d9d1 | 0100 0049 | 03ca 8039 | 020f 8506 | 1000 00f0 | 8344 24c0 | 0066 6666 | 0f1f 8400 
  0x000001d1d215881c: 0000 0000 | 4180 7f40 | 000f 8561 | 0f00 004c | 8b84 2490 | 0000 0041 

  0x000001d1d2158834: ;   {oop(a 'java/lang/Class'{0x000000008008ee18} = 'java/lang/ref/SoftReference')}
  0x000001d1d2158834: 8978 2849 | ba18 ee08 | 8000 0000 | 004d 8b52 | 704c 8bdb | 4d89 5320 | 4d8b d34d | 8bd8 4d33 
  0x000001d1d2158854: d349 c1ea | 140f 1f80 | 0000 0000 | 4d85 d20f | 84d2 ccff | ff49 c1eb | 0948 b900 | 0079 d9d1 
  0x000001d1d2158874: 0100 0049 | 03cb 660f | 1f44 0000 | 8039 020f | 84b2 ccff | ff4d 8b57 | 584d 8b5f | 48f0 8344 
  0x000001d1d2158894: 24c0 0066 | 0f1f 8400 | 0000 0000 | 8039 000f | 8492 ccff | ff44 8821 | 4d85 db75 | 2049 8bd7 
  0x000001d1d21588b4: c5f8 7749 | ba40 a3e3 | a1f8 7f00 | 0041 ffd2 

  0x000001d1d21588c4: ;   {other}
  0x000001d1d21588c4: 0f1f 8400 | 0000 0000 | e96a ccff | ff4b 894c | 1af8 4983 | c3f8 4d89 | 5f48 6690 | e956 ccff 
  0x000001d1d21588e4: ff41 b92f | 0000 00e9 | 01e3 ffff | 458b d1e9 | a2c7 ffff | 4c89 4f20 | 0f1f 4000 | e92a ccff 
  0x000001d1d2158904: ff33 dbe9 | 6fc6 ffff | 41bb 2f00 | 0000 e913 | e4ff ff49 | bb00 0079 | d9d1 0100 | 00e9 95cc 
  0x000001d1d2158924: ffff 33ed | 4533 d24c | 8954 2458 | e9fa d8ff | ff4c 895c | 2438 4489 | 4c24 4c4c | 8954 2470 
  0x000001d1d2158944: 48ff 7424 | 2848 8f44 | 2420 448b | 9424 8800 | 0000 4489 | 5424 6049 | 8bd3 41b8 | 0100 0000 
  0x000001d1d2158964: 488b ac24 | b000 0000 | 4c8b 9424 | b800 0000 | 4c89 5424 | 6866 6690 

  0x000001d1d215897c: ;   {optimized virtual_call}
  0x000001d1d215897c: c5f8 77e8 

  0x000001d1d2158980: ; ImmutableOopMap {rbp=Oop [32]=Oop [48]=Oop [56]=Oop [76]=NarrowOop [96]=NarrowOop [104]=Oop [112]=Oop [120]=Oop [176]=Oop [184]=Oop [216]=Oop }
                      ;*invokevirtual getManifestName {reexecute=0 rethrow=0 return_oop=1}
                      ; - java.util.zip.ZipFile$1::getManifestName@2
                      ; - java.util.jar.JarFile::maybeInstantiateVerifier@20
                      ; - java.util.jar.JarFile::ensureInitialization@1
                      ; - java.util.jar.JavaUtilJarAccessImpl::ensureInitialization@1
                      ; - jdk.internal.loader.URLClassPath$JarLoader$2::getManifest@10
                      ; - java.net.URLClassLoader::defineClass@34
                      ; - java.net.URLClassLoader$1::run@43
                      ; - java.net.URLClassLoader$1::run@1
                      ; - java.security.AccessController::executePrivileged@29
                      ; - java.security.AccessController::doPrivileged@13
                      ; - java.net.URLClassLoader::findClass@13
  0x000001d1d2158980: fc60 88ff 

  0x000001d1d2158984: ;   {other}
  0x000001d1d2158984: 0f1f 8400 | f443 002e | 4885 c00f | 85e9 4300 | 0044 8b54 | 244c 4588 | 6212 418b | 6a30 85ed 
  0x000001d1d21589a4: 0f85 2644 | 0000 448b | 5c24 6044 | 899c 2488 | 0000 004c | 8b54 2470 | 4c8b 5c24 | 3848 ff74 
  0x000001d1d21589c4: 2420 488f | 4424 28e9 | 65ca ffff | 4c89 5c24 | 20e9 e2e7 | ffff c4c1 | 797e c990 | e974 d4ff 
  0x000001d1d21589e4: ff33 ede9 | 4be0 ffff | 498b e844 | 8b45 0c45 | 3bc2 0f85 | 8601 0000 | 448b 4510 | 4c3b c30f 
  0x000001d1d2158a04: 840c e7ff | ff44 8954 | 2424 4889 | 5c24 684c | 894c 2460 | 4c89 7424 | 484c 896c | 2440 4c89 
  0x000001d1d2158a24: 5c24 3844 | 8b94 2488 | 0000 0044 | 8954 2420 | 488b d34c | 8b94 24b0 | 0000 004c | 8954 2470 
  0x000001d1d2158a44: ;   {optimized virtual_call}
  0x000001d1d2158a44: c5f8 77e8 

  0x000001d1d2158a48: ; ImmutableOopMap {rbp=Oop [32]=NarrowOop [40]=Oop [48]=Oop [64]=Oop [72]=Oop [96]=Oop [104]=Oop [112]=Oop [120]=Oop [176]=Oop [184]=Oop }
                      ;*invokevirtual equals {reexecute=0 rethrow=0 return_oop=0}
                      ; - java.util.HashMap::getNode@128
                      ; - java.util.HashMap::get@2
                      ; - java.util.jar.Manifest::getAttributes@5
                      ; - java.util.jar.Manifest::getTrustedAttributes@2
                      ; - java.util.jar.JavaUtilJarAccessImpl::getTrustedAttributes@2
                      ; - java.net.URLClassLoader::isSealed@18
                      ; - java.net.URLClassLoader::getAndVerifyPackage@68
                      ; - java.net.URLClassLoader::defineClass@46
                      ; - java.net.URLClassLoader$1::run@43
                      ; - java.net.URLClassLoader$1::run@1
                      ; - java.security.AccessController::executePrivileged@29
                      ; - java.security.AccessController::doPrivileged@13
                      ; - java.net.URLClassLoader::findClass@13
  0x000001d1d2158a48: 3460 88ff 

  0x000001d1d2158a4c: ;   {other}
  0x000001d1d2158a4c: 0f1f 8400 | bc44 002f | 85c0 0f84 | fb00 0000 | 448b 5c24 | 2044 899c | 2488 0000 | 004c 8b5c 
  0x000001d1d2158a6c: 2438 4c8b | 6c24 404c | 8b74 2448 | 4c8b 4c24 | 6048 8b5c | 2468 e98e | e6ff ff48 | 8bf9 448b 
  0x000001d1d2158a8c: 570c 453b | d00f 8551 | 0100 0044 | 8b57 100f | 1f44 0000 

  0x000001d1d2158aa0: ;   {oop(a 'java/util/jar/Attributes$Name'{0x0000000080074aa8})}
  0x000001d1d2158aa0: 4181 faa8 | 4a07 800f | 8485 e8ff | ff48 89bc | 2480 0000 | 0044 8944 | 2470 4889 | 5c24 684c 
  0x000001d1d2158ac0: 894c 2460 | 4c89 7424 | 484c 896c | 2440 4c89 | 5c24 384c | 8b5c 2428 | 4c89 5c24 | 208b ac24 
  0x000001d1d2158ae0: 8800 0000 

  0x000001d1d2158ae4: ;   {oop(a 'java/util/jar/Attributes$Name'{0x0000000080074aa8})}
  0x000001d1d2158ae4: 4d8b c248 | baa8 4a07 | 8000 0000 | 004c 8b94 | 24b0 0000 | 004c 8954 | 2428 6690 

  0x000001d1d2158b00: ;   {optimized virtual_call}
  0x000001d1d2158b00: c5f8 77e8 

  0x000001d1d2158b04: ; ImmutableOopMap {rbp=NarrowOop [32]=Oop [40]=Oop [48]=Oop [64]=Oop [72]=Oop [96]=Oop [104]=Oop [120]=Oop [128]=Oop [176]=Oop [184]=Oop }
                      ;*invokevirtual equals {reexecute=0 rethrow=0 return_oop=0}
                      ; - java.util.HashMap::getNode@128
                      ; - java.util.LinkedHashMap::get@2
                      ; - java.util.jar.Attributes::get@5
                      ; - java.util.jar.Attributes::getValue@2
                      ; - java.net.URLClassLoader::isSealed@58
                      ; - java.net.URLClassLoader::getAndVerifyPackage@68
                      ; - java.net.URLClassLoader::defineClass@46
                      ; - java.net.URLClassLoader$1::run@43
                      ; - java.net.URLClassLoader$1::run@1
                      ; - java.security.AccessController::executePrivileged@29
                      ; - java.security.AccessController::doPrivileged@13
                      ; - java.net.URLClassLoader::findClass@13
  0x000001d1d2158b04: 785f 88ff 

  0x000001d1d2158b08: ;   {other}
  0x000001d1d2158b08: 0f1f 8400 | 7845 0030 | 85c0 0f84 | 9900 0000 | 89ac 2488 | 0000 004c | 8b54 2420 | 4c89 5424 
  0x000001d1d2158b28: 284c 8b5c | 2438 4c8b | 6c24 404c | 8b74 2448 | 4c8b 4c24 | 6048 8b5c | 2468 488b | bc24 8000 
  0x000001d1d2158b48: 0000 e9e3 | e7ff ff49 | 8bc0 e9f7 | e1ff ff44 | 8b54 2420 | 4489 9424 | 8800 0000 | 4c8b 5c24 
  0x000001d1d2158b68: 384c 8b6c | 2440 4c8b | 7424 484c | 8b4c 2460 | 488b 5c24 | 6844 8b54 | 2424 498b | 8758 0400 
  0x000001d1d2158b88: 0044 8b45 | 1848 8b8c | 24b0 0000 | 0048 8b94 | 24b8 0000 

  0x000001d1d2158b9c: ; ImmutableOopMap {r8=NarrowOop r9=Oop rcx=Oop rbx=Oop rdx=Oop r13=Oop r14=Oop [40]=Oop [48]=Oop [120]=Oop [136]=NarrowOop [176]=Oop [184]=Oop }
                      ;*ifnonnull {reexecute=1 rethrow=0 return_oop=0}
                      ; - (reexecute) java.util.HashMap::getNode@145
                      ; - java.util.HashMap::get@2
                      ; - java.util.jar.Manifest::getAttributes@5
                      ; - java.util.jar.Manifest::getTrustedAttributes@2
                      ; - java.util.jar.JavaUtilJarAccessImpl::getTrustedAttributes@2
                      ; - java.net.URLClassLoader::isSealed@18
                      ; - java.net.URLClassLoader::getAndVerifyPackage@68
                      ; - java.net.URLClassLoader::defineClass@46
                      ; - java.net.URLClassLoader$1::run@43
                      ; - java.net.URLClassLoader$1::run@1
                      ; - java.security.AccessController::executePrivileged@29
                      ; - java.security.AccessController::doPrivileged@13
                      ; - java.net.URLClassLoader::findClass@13
                      ;   {poll}
  0x000001d1d2158b9c: 0085 0090 | 4585 c00f | 8474 e6ff | ff49 8be8 | e93e feff | ff89 ac24 | 8800 0000 | 4c8b 5424 
  0x000001d1d2158bbc: 204c 8954 | 2428 4c8b | 5c24 384c | 8b6c 2440 | 4c8b 7424 | 484c 8b4c | 2460 488b | 5c24 6844 
  0x000001d1d2158bdc: 8b44 2470 | 488b bc24 | 8000 0000 | 498b 8758 | 0400 008b | 4f18 4c8b | 9424 b000 | 0000 488b 
  0x000001d1d2158bfc: 9424 b800 

  0x000001d1d2158c00: ; ImmutableOopMap {r10=Oop r9=Oop rcx=NarrowOop rbx=Oop rdx=Oop r13=Oop r14=Oop [40]=Oop [48]=Oop [120]=Oop [136]=NarrowOop [176]=Oop [184]=Oop }
                      ;*ifnonnull {reexecute=1 rethrow=0 return_oop=0}
                      ; - (reexecute) java.util.HashMap::getNode@145
                      ; - java.util.LinkedHashMap::get@2
                      ; - java.util.jar.Attributes::get@5
                      ; - java.util.jar.Attributes::getValue@2
                      ; - java.net.URLClassLoader::isSealed@58
                      ; - java.net.URLClassLoader::getAndVerifyPackage@68
                      ; - java.net.URLClassLoader::defineClass@46
                      ; - java.net.URLClassLoader$1::run@43
                      ; - java.net.URLClassLoader$1::run@1
                      ; - java.security.AccessController::executePrivileged@29
                      ; - java.security.AccessController::doPrivileged@13
                      ; - java.net.URLClassLoader::findClass@13
                      ;   {poll}
  0x000001d1d2158c00: 0000 8500 | 85c9 0f84 | 0dca ffff | 488b f9e9 | 76fe ffff | 488b 5424 | 784c 8b94 | 24b0 0000 
  0x000001d1d2158c20: 0049 8bea | 4c8b 9424 | b800 0000 | 4c89 5424 | 4090 c5f8 | 7748 b8ff | ffff ffff 

  0x000001d1d2158c3c: ;   {virtual_call}
  0x000001d1d2158c3c: ffff ffe8 

  0x000001d1d2158c40: ; ImmutableOopMap {rbp=Oop [40]=Oop [48]=Oop [64]=Oop [120]=Oop [136]=NarrowOop [176]=Oop [184]=Oop }
                      ;*invokevirtual getBytes {reexecute=0 rethrow=0 return_oop=1}
                      ; - java.net.URLClassLoader::defineClass@179
                      ; - java.net.URLClassLoader$1::run@43
                      ; - java.net.URLClassLoader$1::run@1
                      ; - java.security.AccessController::executePrivileged@29
                      ; - java.security.AccessController::doPrivileged@13
                      ; - java.net.URLClassLoader::findClass@13
  0x000001d1d2158c40: 3c61 88ff 

  0x000001d1d2158c44: ;   {other}
  0x000001d1d2158c44: 0f1f 8400 | b446 0033 | 4889 4424 | 68e9 5fcc | ffff 6666 | 0f1f 8400 | 0000 0000 

  0x000001d1d2158c60: ;   {metadata('jdk/internal/loader/URLClassPath$FileLoader$1')}
  0x000001d1d2158c60: 4181 fa70 | 0c44 010f | 8499 ccff | ffba c6ff | ffff 488b | ac24 b000 | 0000 4c8b | 5424 304c 
  0x000001d1d2158c80: 8954 2420 | 4c8b 9424 | b800 0000 | 4c89 5424 | 304c 8b54 | 2450 4c89 | 5424 4090 

  0x000001d1d2158c9c: ;   {runtime_call UncommonTrapBlob}
  0x000001d1d2158c9c: c5f8 77e8 

  0x000001d1d2158ca0: ; ImmutableOopMap {rbp=Oop [32]=Oop [48]=Oop [104]=Oop [120]=Oop [136]=NarrowOop }
                      ;*invokevirtual getCodeSigners {reexecute=0 rethrow=0 return_oop=0}
                      ; - java.net.URLClassLoader::defineClass@185
                      ; - java.net.URLClassLoader$1::run@43
                      ; - java.net.URLClassLoader$1::run@1
                      ; - java.security.AccessController::executePrivileged@29
                      ; - java.security.AccessController::doPrivileged@13
                      ; - java.net.URLClassLoader::findClass@13
  0x000001d1d2158ca0: dcb6 88ff 

  0x000001d1d2158ca4: ;   {other}
  0x000001d1d2158ca4: 0f1f 8400 | 1447 0034 

  0x000001d1d2158cac: ;   {metadata('jdk/internal/loader/URLClassPath$FileLoader$1')}
  0x000001d1d2158cac: 4181 fa70 | 0c44 010f | 856b 4100 | 0045 33f6 | 0f1f 4000 | e979 c8ff 

  0x000001d1d2158cc4: ;   {metadata('jdk/internal/loader/URLClassPath$FileLoader$1')}
  0x000001d1d2158cc4: ff41 81f9 | 700c 4401 | 0f85 9241 | 0000 458b | 481c 418b | 510c 8994 | 2488 0000 | 00e9 dac3 
  0x000001d1d2158ce4: ffff 4c89 | 6c24 384c | 895c 2420 | 488b 9424 | b800 0000 | 4d8b c54c | 8b4c 2458 | 488b 7c24 
  0x000001d1d2158d04: 5848 8b74 | 2458 488b | 4c24 584c | 8b54 2458 | 4c89 1424 | 4c8b 5424 | 584c 8954 | 2408 4c8b 
  0x000001d1d2158d24: 5424 584c | 8954 2410 | 4c8b 9424 | b000 0000 | 4c89 5424 | 4048 8994 | 2498 0000 | 0066 6690 
  0x000001d1d2158d44: ;   {optimized virtual_call}
  0x000001d1d2158d44: c5f8 77e8 

  0x000001d1d2158d48: ; ImmutableOopMap {[40]=Oop [48]=Oop [56]=Oop [64]=Oop [120]=Oop [136]=NarrowOop [152]=Oop [176]=Oop [184]=Oop }
                      ;*invokevirtual definePackage {reexecute=0 rethrow=0 return_oop=1}
                      ; - java.net.URLClassLoader::defineClass@81
                      ; - java.net.URLClassLoader$1::run@43
                      ; - java.net.URLClassLoader$1::run@1
                      ; - java.security.AccessController::executePrivileged@29
                      ; - java.security.AccessController::doPrivileged@13
                      ; - java.net.URLClassLoader::findClass@13
  0x000001d1d2158d48: 345d 88ff 

  0x000001d1d2158d4c: ;   {other}
  0x000001d1d2158d4c: 0f1f 8400 | bc47 0035 | e9bb c8ff | ffb9 0100 | 0000 4533 | d24c 8954 | 2458 3bc8 | 0f8d a8d7 
  0x000001d1d2158d6c: ffff 6690 | 450f be5c | 0810 6666 | 0f1f 8400 | 0000 0000 | 4183 fb2e | 0f84 a71b | 0000 ffc1 
  0x000001d1d2158d8c: 3bc8 7ce0 | e981 d7ff | ff66 6666 | 0f1f 8400 | 0000 0000 

  0x000001d1d2158da0: ;   {metadata('jdk/internal/loader/URLClassPath$FileLoader$1')}
  0x000001d1d2158da0: 4181 fe70 | 0c44 010f | 858b 4100 | 004c 8b4c | 2478 498b | 87b8 0100 | 004c 8bd0 | 4983 c220 
  0x000001d1d2158dc0: 4d3b 97c8 | 0100 000f | 8333 3700 | 004d 8997 | b801 0000 | 410f 0d8a | c000 0000 | 48c7 0001 
  0x000001d1d2158de0: ;   {metadata('java/io/FileInputStream')}
  0x000001d1d2158de0: 0000 00c7 | 4008 401a | 0100 4489 | 600c 4c89 | 6010 4c89 | 6018 488b | d841 8b69 | 1849 8b87 
  0x000001d1d2158e00: b801 0000 | 4c8b d049 | 83c2 104d | 3b97 c801 | 0000 0f83 | 6137 0000 | 4d89 97b8 | 0100 0041 
  0x000001d1d2158e20: 0f0d 8ac0 | 0000 0048 | c700 0100 

  0x000001d1d2158e2c: ;   {metadata('java/lang/Object')}
  0x000001d1d2158e2c: 0000 c740 | 0890 0e00 | 0044 8960 | 0c4c 8bd3 | 4c8b c044 | 8943 1c4c | 8bc0 4d33 | c249 c1e8 
  0x000001d1d2158e4c: 144d 85c0 | 741a 49c1 | ea09 48b9 | 0000 79d9 | d101 0000 | 4903 ca80 | 3902 0f85 | b323 0000 
  0x000001d1d2158e6c: 85ed 0f84 | 4508 0000 | 448b 4510 | 488b cd4d | 8bd0 4c8b | c14c 8954 | 2440 498b | e848 895c 
  0x000001d1d2158e8c: 2470 4c89 | 4c24 6844 | 8974 2438 | 4c89 5c24 | 204c 8b94 | 24b0 0000 | 004c 8954 | 2448 6690 
  0x000001d1d2158eac: ;   {static_call}
  0x000001d1d2158eac: c5f8 77e8 

  0x000001d1d2158eb0: ; ImmutableOopMap {rbp=Oop [40]=Oop [48]=Oop [64]=Oop [72]=Oop [104]=Oop [112]=Oop [120]=Oop [136]=NarrowOop [176]=Oop [184]=Oop }
                      ;*invokestatic getSecurityManager {reexecute=0 rethrow=0 return_oop=1}
                      ; - java.io.FileInputStream::<init>@28
                      ; - jdk.internal.loader.URLClassPath$FileLoader$1::getInputStream@8
                      ; - jdk.internal.loader.Resource::cachedInputStream@9
                      ; - jdk.internal.loader.Resource::getByteBuffer@1
                      ; - java.net.URLClassLoader::defineClass@132
                      ; - java.net.URLClassLoader$1::run@43
                      ; - java.net.URLClassLoader$1::run@1
                      ; - java.security.AccessController::executePrivileged@29
                      ; - java.security.AccessController::doPrivileged@13
                      ; - java.net.URLClassLoader::findClass@13
  0x000001d1d2158eb0: cc61 88ff 

  0x000001d1d2158eb4: ;   {other}
  0x000001d1d2158eb4: 0f1f 8400 | 2449 0036 | 0f1f 4000 | 4885 c074 | 1b48 8bd0 | 4c8b 4424 | 4066 6690 

  0x000001d1d2158ed0: ;   {optimized virtual_call}
  0x000001d1d2158ed0: c5f8 77e8 

  0x000001d1d2158ed4: ; ImmutableOopMap {rbp=Oop [40]=Oop [48]=Oop [64]=Oop [72]=Oop [104]=Oop [112]=Oop [120]=Oop [136]=NarrowOop [176]=Oop [184]=Oop }
                      ;*invokevirtual checkRead {reexecute=0 rethrow=0 return_oop=0}
                      ; - java.io.FileInputStream::<init>@38
                      ; - jdk.internal.loader.URLClassPath$FileLoader$1::getInputStream@8
                      ; - jdk.internal.loader.Resource::cachedInputStream@9
                      ; - jdk.internal.loader.Resource::getByteBuffer@1
                      ; - java.net.URLClassLoader::defineClass@132
                      ; - java.net.URLClassLoader$1::run@43
                      ; - java.net.URLClassLoader$1::run@1
                      ; - java.security.AccessController::executePrivileged@29
                      ; - java.security.AccessController::doPrivileged@13
                      ; - java.net.URLClassLoader::findClass@13
  0x000001d1d2158ed4: a85b 88ff 

  0x000001d1d2158ed8: ;   {other}
  0x000001d1d2158ed8: 0f1f 8400 | 4849 0037 | 4c8b 5424 | 404d 85d2 | 0f84 c63f | 0000 4c8b | dd4d 85db | 0f84 0240 
  0x000001d1d2158ef8: 0000 498b | ea49 8bd3 | 4c8b 5424 | 484c 8954 | 2440 6690 

  0x000001d1d2158f0c: ;   {optimized virtual_call}
  0x000001d1d2158f0c: c5f8 77e8 

  0x000001d1d2158f10: ; ImmutableOopMap {rbp=Oop [40]=Oop [48]=Oop [64]=Oop [104]=Oop [112]=Oop [120]=Oop [136]=NarrowOop [176]=Oop [184]=Oop }
                      ;*invokevirtual isInvalid {reexecute=0 rethrow=0 return_oop=0}
                      ; - java.io.FileInputStream::<init>@54
                      ; - jdk.internal.loader.URLClassPath$FileLoader$1::getInputStream@8
                      ; - jdk.internal.loader.Resource::cachedInputStream@9
                      ; - jdk.internal.loader.Resource::getByteBuffer@1
                      ; - java.net.URLClassLoader::defineClass@132
                      ; - java.net.URLClassLoader$1::run@43
                      ; - java.net.URLClassLoader$1::run@1
                      ; - java.security.AccessController::executePrivileged@29
                      ; - java.security.AccessController::doPrivileged@13
                      ; - java.net.URLClassLoader::findClass@13
  0x000001d1d2158f10: 6c5b 88ff 

  0x000001d1d2158f14: ;   {other}
  0x000001d1d2158f14: 0f1f 8400 | 8449 0038 | 0f1f 4000 | 85c0 0f85 | 6440 0000 | 4d8b 8fb8 | 0100 004d | 8bd1 4983 
  0x000001d1d2158f34: c228 6666 | 0f1f 8400 | 0000 0000 | 4d3b 97c8 | 0100 000f | 839d 3600 | 004d 8997 | b801 0000 
  0x000001d1d2158f54: 410f 0d8a | c000 0000 | 49c7 0101 

  0x000001d1d2158f60: ;   {metadata('java/io/FileDescriptor')}
  0x000001d1d2158f60: 0000 0041 | c741 08e8 | 2401 004d | 8961 184d | 8961 2041 | c741 0cff | ffff ff49 | c741 10ff 
  0x000001d1d2158f80: ffff ff41 | 807f 4000 | 0f85 1022 | 0000 488b | 5c24 704c | 8bd3 4d8b | d94d 33da | 4d8b c144 
  0x000001d1d2158fa0: 8943 1049 | c1eb 144d | 85db 0f84 | e621 0000 | 49c1 ea09 | 48b9 0000 | 79d9 d101 | 0000 4903 
  0x000001d1d2158fc0: ca80 3902 | 0f85 ce22 | 0000 498b | d148 895c | 2440 4c8b | c34c 8b94 | 24b0 0000 | 004c 8954 
  0x000001d1d2158fe0: 2448 6690 

  0x000001d1d2158fe4: ;   {optimized virtual_call}
  0x000001d1d2158fe4: c5f8 77e8 

  0x000001d1d2158fe8: ; ImmutableOopMap {rbp=Oop [40]=Oop [48]=Oop [64]=Oop [72]=Oop [104]=Oop [120]=Oop [136]=NarrowOop [176]=Oop [184]=Oop }
                      ;*invokevirtual attach {reexecute=0 rethrow=0 return_oop=0}
                      ; - java.io.FileInputStream::<init>@86
                      ; - jdk.internal.loader.URLClassPath$FileLoader$1::getInputStream@8
                      ; - jdk.internal.loader.Resource::cachedInputStream@9
                      ; - jdk.internal.loader.Resource::getByteBuffer@1
                      ; - java.net.URLClassLoader::defineClass@132
                      ; - java.net.URLClassLoader$1::run@43
                      ; - java.net.URLClassLoader$1::run@1
                      ; - java.security.AccessController::executePrivileged@29
                      ; - java.security.AccessController::doPrivileged@13
                      ; - java.net.URLClassLoader::findClass@13
  0x000001d1d2158fe8: 945a 88ff 

  0x000001d1d2158fec: ;   {other}
  0x000001d1d2158fec: 0f1f 8400 | 5c4a 0039 | 4180 7f40 | 000f 85e0 | 2100 0048 | 8b5c 2440 | 4c8b d348 | 8bfd 4c8b 
  0x000001d1d215900c: df4d 33da | 4c8b cf44 | 894b 1449 | c1eb 140f | 1f44 0000 | 4d85 db74 | 1a49 c1ea | 0948 b900 
  0x000001d1d215902c: 0079 d9d1 | 0100 0049 | 03ca 8039 | 020f 85b6 | 2200 004c | 8bd7 488b | eb48 8bd3 | 4d8b c24c 
  0x000001d1d215904c: 8b54 2448 | 4c89 5424 | 404c 8b94 | 24b8 0000 | 004c 8954 | 2460 6690 

  0x000001d1d2159064: ;   {optimized virtual_call}
  0x000001d1d2159064: c5f8 77e8 

  0x000001d1d2159068: ; ImmutableOopMap {rbp=Oop [40]=Oop [48]=Oop [64]=Oop [96]=Oop [104]=Oop [120]=Oop [136]=NarrowOop [176]=Oop [184]=Oop }
                      ;*invokevirtual open {reexecute=0 rethrow=0 return_oop=0}
                      ; - java.io.FileInputStream::<init>@96
                      ; - jdk.internal.loader.URLClassPath$FileLoader$1::getInputStream@8
                      ; - jdk.internal.loader.Resource::cachedInputStream@9
                      ; - jdk.internal.loader.Resource::getByteBuffer@1
                      ; - java.net.URLClassLoader::defineClass@132
                      ; - java.net.URLClassLoader$1::run@43
                      ; - java.net.URLClassLoader$1::run@1
                      ; - java.security.AccessController::executePrivileged@29
                      ; - java.security.AccessController::doPrivileged@13
                      ; - java.net.URLClassLoader::findClass@13
  0x000001d1d2159068: 145a 88ff 

  0x000001d1d215906c: ;   {other}
  0x000001d1d215906c: 0f1f 8400 | dc4a 003a | 448b 5510 | 498b d290 

  0x000001d1d215907c: ;   {static_call}
  0x000001d1d215907c: c5f8 77e8 

  0x000001d1d2159080: ; ImmutableOopMap {rbp=Oop [40]=Oop [48]=Oop [64]=Oop [96]=Oop [104]=Oop [120]=Oop [136]=NarrowOop [176]=Oop [184]=Oop }
                      ;*invokestatic register {reexecute=0 rethrow=0 return_oop=0}
                      ; - java.io.FileInputStream::<init>@103
                      ; - jdk.internal.loader.URLClassPath$FileLoader$1::getInputStream@8
                      ; - jdk.internal.loader.Resource::cachedInputStream@9
                      ; - jdk.internal.loader.Resource::getByteBuffer@1
                      ; - java.net.URLClassLoader::defineClass@132
                      ; - java.net.URLClassLoader$1::run@43
                      ; - java.net.URLClassLoader$1::run@1
                      ; - java.security.AccessController::executePrivileged@29
                      ; - java.security.AccessController::doPrivileged@13
                      ; - java.net.URLClassLoader::findClass@13
  0x000001d1d2159080: fc5f 88ff 

  0x000001d1d2159084: ;   {other}
  0x000001d1d2159084: 0f1f 8400 | f44a 003b | 488b dde9 | 77c6 ffff | 85ed 0f84 | 6fc4 ffff | 4c89 4c24 | 384c 8954 
  0x000001d1d21590a4: 2420 4d8b | 5728 488b | cd4d 85d2 | 0f84 fa29 | 0000 4d8b | 5f38 4b89 | 4c13 f849 | 83c2 f84d 
  0x000001d1d21590c4: 8957 284c | 8b54 2420 | 4c8b 4c24 | 38e9 35c4 | ffff 448b | 5b14 660f | 1f44 0000 | 4585 db0f 
  0x000001d1d21590e4: 8431 c2ff | ff4d 8b57 | 2849 8bcb | 4d85 d20f | 843f 2a00 | 004d 8b5f | 384b 894c | 13f8 4983 
  0x000001d1d2159104: c2f8 4d89 | 5728 e90b | c2ff ff4d | 8b57 484d | 8b5f 58f0 | 8344 24c0 | 0066 6690 | 8039 000f 
  0x000001d1d2159124: 8424 c2ff | ff44 8821 | 4d85 d275 | 264c 8beb | 498b d7c5 | f877 49ba | 40a3 e3a1 | f87f 0000 
  0x000001d1d2159144: ;   {other}
  0x000001d1d2159144: 41ff d20f | 1f84 0000 | 0000 0049 | 8bdd e9f6 | c1ff ff4b | 894c 13f8 | 4983 c2f8 | 4d89 5748 
  0x000001d1d2159164: e9e4 c1ff | ffc4 c1f9 | 6ec3 4889 | 5c24 384c | 63c5 4d8d | 5010 4d8b | da49 83e3 | f848 8bfe 
  0x000001d1d2159184: 4903 fb49 | c1ea 034d | 2bca 498b | c948 33c0 | 4883 f908 | 7f10 48ff | c978 4f48 | 8904 cf48 
  0x000001d1d21591a4: ffc9 7df7 | eb44 c5f5 | efc9 e90d | 0000 00c5 | fe7f 0fc5 | fe7f 4f20 | 4883 c740 | 4883 e908 
  0x000001d1d21591c4: 7ded 4883 | c104 7c0c | c5fe 7f0f | 4883 c720 | 4883 e904 | 4883 c104 | 7e10 48ff | c9c5 f9d6 
  0x000001d1d21591e4: 0f48 83c7 | 0848 ffc9 | 7df3 488b | cac4 e1f9 | 7ec2 c5f8 | 7749 bac0 | 449c d1d1 | 0100 0041 
  0x000001d1d2159204: ;   {other}
  0x000001d1d2159204: ffd2 0f1f | 8400 0000 | 0000 488b | 5c24 38e9 | f7c0 ffff | 33ed e91c | c3ff ff49 | bb00 0079 
  0x000001d1d2159224: d9d1 0100 | 00e9 8dc3 | ffff 4c8b | 5424 7845 | 8b5a 0c66 | 0f1f 8400 | 0000 0000 | 4585 db0f 
  0x000001d1d2159244: 84cd c4ff | ff4d 8b57 | 2849 8bcb | 4d85 d20f | 84bb 3000 | 004d 8b5f | 384b 894c | 13f8 4983 
  0x000001d1d2159264: c2f8 4d89 | 5728 e9a7 | c4ff ff4d | 8b57 484d | 8b5f 58f0 | 8344 24c0 | 0066 6690 | 4180 3800 
  0x000001d1d2159284: 0f84 c7c4 | ffff 4588 | 204d 85d2 | 7523 498b | c849 8bd7 | c5f8 7749 | ba40 a3e3 | a1f8 7f00 
  0x000001d1d21592a4: 0041 ffd2 

  0x000001d1d21592a8: ;   {other}
  0x000001d1d21592a8: 0f1f 8400 | 0000 0000 | e99c c4ff | ff4f 8944 | 13f8 4983 | c2f8 4d89 | 5748 e98a | c4ff ff41 
  0x000001d1d21592c8: b801 0000 | 0044 3b84 | 24a8 0000 | 000f 8d64 | 0000 0044 | 8b94 2498 | 0000 0047 | 0fbe 5402 
  0x000001d1d21592e8: 1041 83fa | 2e0f 8492 | 1600 0041 | ffc0 6666 | 0f1f 8400 | 0000 0000 | 443b 8424 | a800 0000 
  0x000001d1d2159308: 7cd1 4c8b | 5c24 204c | 8b6c 2460 | 4c8b 7424 | 684c 8b8c | 2480 0000 | 0044 8b94 | 24c0 0000 
  0x000001d1d2159328: 008b 5424 | 3844 8b84 | 2498 0000 | 0048 8b6c | 2440 e9b4 | daff ff4c | 8b5c 2420 | 4c8b 6c24 
  0x000001d1d2159348: 604c 8b74 | 2468 4c8b | 8c24 8000 | 0000 448b | 9424 c000 | 0000 8b54 | 2438 448b | 8424 9800 
  0x000001d1d2159368: 0000 488b | 6c24 40e9 | 7fda ffff | 33c0 e9ed | c1ff ff49 | bb00 0079 | d9d1 0100 | 00e9 8fc2 
  0x000001d1d2159388: ffff 33c0 | e937 c9ff | ff33 c945 | 33d2 e9ef | dcff ff89 | 6c24 4c48 | 8974 2450 

  0x000001d1d21593a4: ;   {no_reloc}
  0x000001d1d21593a4: 4489 4424 | 4844 894c | 2444 894c | 2440 4c89 | 5c24 384c | 8954 2430 | 4889 5c24 | 284c 8b54 
  0x000001d1d21593c4: 2458 4c89 | 5424 204c | 89ac 24b0 | 0000 0048 | 8bac 24b8 

  0x000001d1d21593d8: ;   {metadata({type array byte})}
  0x000001d1d21593d8: 0000 0048 | ba18 2300 | dfd1 0100 | 0044 8b44 | 244c 4889 | 4424 604c | 896c 2468 

  0x000001d1d21593f4: ;   {runtime_call _new_array_Java}
  0x000001d1d21593f4: c5f8 77e8 

  0x000001d1d21593f8: ; ImmutableOopMap {rbp=Oop [40]=Oop [48]=Oop [56]=Oop [104]=Oop [176]=Oop [184]=Oop }
                      ;*invokevirtual allocateUninitializedArray0 {reexecute=0 rethrow=0 return_oop=1}
                      ; - jdk.internal.misc.Unsafe::allocateUninitializedArray@51
                      ; - java.lang.StringConcatHelper::newArray@33
                      ; - java.lang.StringConcatHelper::simpleConcat@61
                      ; - java.lang.String::concat@11
                      ; - java.net.URLClassLoader$1::run@13
                      ; - java.net.URLClassLoader$1::run@1
                      ; - java.security.AccessController::executePrivileged@29
                      ; - java.security.AccessController::doPrivileged@13
                      ; - java.net.URLClassLoader::findClass@13
  0x000001d1d21593f8: 0472 8bff 

  0x000001d1d21593fc: ;   {other}
  0x000001d1d21593fc: 0f1f 8400 | 6c4e 003c | 4c8b 6c24 | 684c 8b54 | 2420 4c89 | 5424 5848 | 8b5c 2428 | 4c8b 5424 
  0x000001d1d215941c: 304c 8b5c | 2438 8b4c | 2440 448b | 4c24 4444 | 8b44 2448 | 488b 7424 | 508b 6c24 | 4c48 8bf8 
  0x000001d1d215943c: 0f1f 4000 | e9a1 d1ff | ff48 897c | 2430 4889 | 5c24 284c | 8b54 2458 | 4c89 5424 | 204c 89ac 
  0x000001d1d215945c: 24b0 0000 | 0048 8bac | 24b8 0000 

  0x000001d1d2159468: ;   {metadata('java/lang/String')}
  0x000001d1d2159468: 0048 ba78 | e800 dfd1 | 0100 004c | 896c 2440 

  0x000001d1d2159478: ;   {runtime_call _new_instance_Java}
  0x000001d1d2159478: c5f8 77e8 

  0x000001d1d215947c: ; ImmutableOopMap {rbp=Oop [40]=Oop [48]=Oop [64]=Oop [176]=Oop [184]=Oop }
                      ;*new {reexecute=0 rethrow=0 return_oop=1}
                      ; - java.lang.StringConcatHelper::newString@6
                      ; - java.lang.StringConcatHelper::simpleConcat@90
                      ; - java.lang.String::concat@11
                      ; - java.net.URLClassLoader$1::run@13
                      ; - java.net.URLClassLoader$1::run@1
                      ; - java.security.AccessController::executePrivileged@29
                      ; - java.security.AccessController::doPrivileged@13
                      ; - java.net.URLClassLoader::findClass@13
  0x000001d1d215947c: 8074 8bff 

  0x000001d1d2159480: ;   {other}
  0x000001d1d2159480: 0f1f 8400 | f04e 003d | 4c8b 6c24 | 404c 8b5c | 2420 4c89 | 5c24 5848 | 8b5c 2428 | 488b 7c24 
  0x000001d1d21594a0: 30e9 f8d1 | ffff 498b | 87b8 0100 | 004c 8bc0 | 4983 c018 | 0f1f 8400 | 0000 0000 | 6666 6690 
  0x000001d1d21594c0: 4d3b 87c8 | 0100 000f | 83ab 3700 | 004d 8987 | b801 0000 | 410f 0d88 | c000 0000 | 48c7 0001 
  0x000001d1d21594e0: ;   {metadata('java/lang/String')}
  0x000001d1d21594e0: 0000 00c7 | 4008 78e8 | 0000 4489 | 600c 4489 

  0x000001d1d21594f0: ;   {oop([B{0x000000008008d870})}
  0x000001d1d21594f0: 6010 c740 | 1470 d808 

  0x000001d1d21594f8: ;   {oop("/"{0x00000000800678a0})}
  0x000001d1d21594f8: 8048 b9a0 | 7806 8000 | 0000 0044 | 8b41 0c44 | 8940 0c0f | b649 1188 | 4811 e90f 

  0x000001d1d2159514: ;   {oop(""{0x0000000080065a20})}
  0x000001d1d2159514: dbff ff48 | bb20 5a06 | 8000 0000 | 00e9 2bbe 

  0x000001d1d2159524: ;   {metadata('java/lang/ClassNotFoundException')}
  0x000001d1d2159524: ffff 48ba | 8893 06df | d101 0000 | 488b ac24 | b000 0000 

  0x000001d1d2159538: ;   {runtime_call _new_instance_Java}
  0x000001d1d2159538: c5f8 77e8 

  0x000001d1d215953c: ; ImmutableOopMap {rbp=Oop [176]=Oop }
                      ;*new {reexecute=0 rethrow=0 return_oop=1}
                      ; - java.net.URLClassLoader::findClass@36
  0x000001d1d215953c: c073 8bff 

  0x000001d1d2159540: ;   {other}
  0x000001d1d2159540: 0f1f 8400 | b04f 003e | e9ed d1ff | ff44 8b5c | 2420 4489 | 9c24 8800 | 0000 4c8b | 5c24 384c 
  0x000001d1d2159560: 8b6c 2440 | 4c8b 7424 | 4844 8b54 | 2424 4c8b | 4c24 60e9 | aec4 ffff | 4c89 7424 | 4889 7424 
  0x000001d1d2159580: 4489 7c24 | 4089 4424 | 3c44 8944 | 2438 4889 | 5c24 304c | 8b54 2458 | 4c89 5424 | 284c 89ac 
  0x000001d1d21595a0: 24b0 0000 | 004c 8b94 | 24b8 0000 | 004c 8954 

  0x000001d1d21595b0: ;   {metadata({type array byte})}
  0x000001d1d21595b0: 2420 48ba | 1823 00df | d101 0000 | 448b c04c | 896c 2458 | 4c89 6c24 | 6066 6690 

  0x000001d1d21595cc: ;   {runtime_call _new_array_Java}
  0x000001d1d21595cc: c5f8 77e8 

  0x000001d1d21595d0: ; ImmutableOopMap {[32]=Oop [48]=Oop [56]=NarrowOop [72]=Oop [88]=Oop [96]=Oop [176]=Oop [184]=Oop }
                      ;*invokevirtual allocateUninitializedArray0 {reexecute=0 rethrow=0 return_oop=1}
                      ; - jdk.internal.misc.Unsafe::allocateUninitializedArray@51
                      ; - java.lang.StringConcatHelper::newArray@33
                      ; - java.lang.StringLatin1::replace@49
                      ; - java.lang.String::replace@18
                      ; - java.net.URLClassLoader$1::run@8
                      ; - java.net.URLClassLoader$1::run@1
                      ; - java.security.AccessController::executePrivileged@29
                      ; - java.security.AccessController::doPrivileged@13
                      ; - java.net.URLClassLoader::findClass@13
  0x000001d1d21595d0: 2c70 8bff 

  0x000001d1d21595d4: ;   {other}
  0x000001d1d21595d4: 0f1f 8400 | 4450 003f | 4c8b d04c | 8b6c 2458 | 4c8b 5c24 | 284c 895c | 2458 488b | 5c24 3044 
  0x000001d1d21595f4: 8b44 2438 | 8b44 243c | 8b7c 2440 | 8b74 2444 | 4c8b 7424 | 48e9 9ccc | ffff 4c89 | 5424 3048 
  0x000001d1d2159614: 895c 2428 | 4c8b 5424 | 584c 8954 | 2420 4c89 | ac24 b000 | 0000 488b | ac24 b800 

  0x000001d1d2159630: ;   {metadata('java/lang/String')}
  0x000001d1d2159630: 0000 48ba | 78e8 00df | d101 0000 | 4c89 6c24 | 404c 896c | 2448 6690 

  0x000001d1d2159648: ;   {runtime_call _new_instance_Java}
  0x000001d1d2159648: c5f8 77e8 

  0x000001d1d215964c: ; ImmutableOopMap {rbp=Oop [40]=Oop [48]=Oop [64]=Oop [72]=Oop [176]=Oop [184]=Oop }
                      ;*new {reexecute=0 rethrow=0 return_oop=1}
                      ; - java.lang.StringLatin1::replace@116
                      ; - java.lang.String::replace@18
                      ; - java.net.URLClassLoader$1::run@8
                      ; - java.net.URLClassLoader$1::run@1
                      ; - java.security.AccessController::executePrivileged@29
                      ; - java.security.AccessController::doPrivileged@13
                      ; - java.net.URLClassLoader::findClass@13
  0x000001d1d215964c: b072 8bff 

  0x000001d1d2159650: ;   {other}
  0x000001d1d2159650: 0f1f 8400 | c050 0040 | 4c8b 6c24 | 404c 8b54 | 2420 4c89 | 5424 5848 | 8b5c 2428 | 4c8b 5424 
  0x000001d1d2159670: 304c 8bd8 | e98c ceff | ff4c 895c 

  0x000001d1d215967c: ;   {metadata('java/security/CodeSource')}
  0x000001d1d215967c: 2438 48ba | 285c 00df | d101 0000 | 4c8b 9424 | b000 0000 | 4c89 5424 | 204c 8b94 | 24b8 0000 
  0x000001d1d215969c: 004c 8954 | 2440 6690 

  0x000001d1d21596a4: ;   {runtime_call _new_instance_Java}
  0x000001d1d21596a4: c5f8 77e8 

  0x000001d1d21596a8: ; ImmutableOopMap {[32]=Oop [40]=Oop [48]=Oop [56]=Oop [64]=Oop [88]=Oop [104]=Oop [136]=NarrowOop [176]=Oop [184]=Oop }
                      ;*new {reexecute=0 rethrow=0 return_oop=1}
                      ; - java.net.URLClassLoader::defineClass@190
                      ; - java.net.URLClassLoader$1::run@43
                      ; - java.net.URLClassLoader$1::run@1
                      ; - java.security.AccessController::executePrivileged@29
                      ; - java.security.AccessController::doPrivileged@13
                      ; - java.net.URLClassLoader::findClass@13
  0x000001d1d21596a8: 5472 8bff 

  0x000001d1d21596ac: ;   {other}
  0x000001d1d21596ac: 0f1f 8400 | 1c51 0041 | e9a6 c2ff | ff45 33c0 | 4533 d290 | e9bc f7ff | ff44 8b5c | 2420 4489 
  0x000001d1d21596cc: 9c24 8800 | 0000 4c8b | 5c24 384c | 8b6c 2440 | 4c8b 7424 | 4844 8b44 | 2424 448b | 5424 6048 
  0x000001d1d21596ec: 8b4c 2468 | e99b c7ff | ff48 ff74 | 2428 488f | 4424 4844 | 8b84 2488 | 0000 0044 | 8944 2440 
  0x000001d1d215970c: 4489 5424 | 2c48 897c | 2438 4489 | 5c24 288b | e94c 8b54 | 2478 4c89 

  0x000001d1d2159724: ;   {metadata('java/lang/String')}
  0x000001d1d2159724: 5424 2048 | ba78 e800 | dfd1 0100 | 004c 8b94 | 24b0 0000 | 004c 8954 | 2460 4c8b | 9424 b800 
  0x000001d1d2159744: 0000 4c89 | 5424 6890 

  0x000001d1d215974c: ;   {runtime_call _new_instance_Java}
  0x000001d1d215974c: c5f8 77e8 

  0x000001d1d2159750: ; ImmutableOopMap {rbp=NarrowOop [32]=Oop [48]=Oop [56]=Oop [64]=NarrowOop [72]=Oop [96]=Oop [104]=Oop [120]=Oop [176]=Oop [184]=Oop }
                      ;*new {reexecute=0 rethrow=0 return_oop=1}
                      ; - java.lang.StringLatin1::newString@7
                      ; - java.lang.String::substring@41
                      ; - java.net.URLClassLoader::defineClass@28
                      ; - java.net.URLClassLoader$1::run@43
                      ; - java.net.URLClassLoader$1::run@1
                      ; - java.security.AccessController::executePrivileged@29
                      ; - java.security.AccessController::doPrivileged@13
                      ; - java.net.URLClassLoader::findClass@13
  0x000001d1d2159750: ac71 8bff 

  0x000001d1d2159754: ;   {other}
  0x000001d1d2159754: 0f1f 8400 | c451 0042 | 8bcd 448b | 5c24 2848 | 8b7c 2438 | 448b 5424 | 2c44 8b4c | 2440 4489 
  0x000001d1d2159774: 8c24 8800 | 0000 488b | d848 ff74 | 2448 488f | 4424 28e9 | c6b9 ffff | 4c8b 8424 | 9000 0000 
  0x000001d1d2159794: 458b 5828 | 0f1f 8400 | 0000 0000 | 4585 db0f | 848a f0ff | ff4d 8b57 | 2849 8bcb | 4d85 d20f 
  0x000001d1d21597b4: 842e 3100 | 004d 8b5f | 384b 894c | 13f8 4983 | c2f8 4d89 | 5728 4c8b | 8424 9000 | 0000 e95c 
  0x000001d1d21597d4: f0ff ff45 | 8b58 100f | 1f44 0000 | 4585 db0f | 84e5 efff | ff4d 8b57 | 2849 8bcb | 4d85 d20f 
  0x000001d1d21597f4: 84cb 3000 | 0049 8bd8 | 4d8b 5f38 | 4b89 4c13 | f849 83c2 | f84d 8957 | 284c 8bc3 | e9b9 efff 
  0x000001d1d2159814: ff4d 8b57 | 584d 8b5f | 48f0 8344 | 24c0 0080 | 3900 0f84 | e3ef ffff | 4488 214d | 85db 7520 
  0x000001d1d2159834: 498b d7c5 | f877 49ba | 40a3 e3a1 | f87f 0000 

  0x000001d1d2159844: ;   {other}
  0x000001d1d2159844: 41ff d20f | 1f84 0000 | 0000 00e9 | bbef ffff | 4b89 4c1a | f849 83c3 | f84d 895f | 48e9 a9ef 
  0x000001d1d2159864: ffff 4c8b | 6c24 3841 | c645 1101 | 33c0 448b | 5424 2044 | 8994 2488 | 0000 004c | 8b74 2440 
  0x000001d1d2159884: 448b 4c24 | 24e9 dabc | ffff 4489 | 4c24 244c | 8974 2440 | 48ff b424 | d800 0000 | 488f 4424 
  0x000001d1d21598a4: 3844 8b94 | 2488 0000 | 0044 8954 | 2420 4c8b | 9424 b000 | 0000 4c89 | 5424 484c | 8b94 24b8 
  0x000001d1d21598c4: 0000 004c | 8954 2468 

  0x000001d1d21598cc: ;   {static_call}
  0x000001d1d21598cc: c5f8 77e8 

  0x000001d1d21598d0: ; ImmutableOopMap {rbp=Oop [32]=NarrowOop [36]=NarrowOop [40]=Oop [48]=Oop [56]=Oop [64]=Oop [72]=Oop [104]=Oop [120]=Oop [176]=Oop [184]=Oop [216]=Oop }
                      ;*invokestatic hashCode {reexecute=0 rethrow=0 return_oop=0}
                      ; - java.lang.String::hashCode@37
                      ; - java.util.concurrent.ConcurrentHashMap::get@1
                      ; - java.lang.ClassLoader::getDefinedPackage@13
                      ; - java.net.URLClassLoader::getAndVerifyPackage@2
                      ; - java.net.URLClassLoader::defineClass@46
                      ; - java.net.URLClassLoader$1::run@43
                      ; - java.net.URLClassLoader$1::run@1
                      ; - java.security.AccessController::executePrivileged@29
                      ; - java.security.AccessController::doPrivileged@13
                      ; - java.net.URLClassLoader::findClass@13
  0x000001d1d21598d0: ac57 88ff 

  0x000001d1d21598d4: ;   {other}
  0x000001d1d21598d4: 0f1f 8400 | 4453 0043 | 0f1f 4000 | e917 d1ff | ff45 8b59 

  0x000001d1d21598e8: ;   {metadata('java/util/concurrent/ConcurrentHashMap$ReservationNode')}
  0x000001d1d21598e8: 0841 81fb | 4869 1700 | 0f85 2437 | 0000 49bb | 0000 79d9 | d101 0000 | e9b6 bcff 

  0x000001d1d2159904: ;   {metadata({type array byte})}
  0x000001d1d2159904: ff48 ba18 | 2300 dfd1 | 0100 0044 | 8bc5 488b | ac24 b000 | 0000 4c89 | 8c24 f000 | 0000 6690 
  0x000001d1d2159924: ;   {runtime_call _new_array_Java}
  0x000001d1d2159924: c5f8 77e8 

  0x000001d1d2159928: ; ImmutableOopMap {rbp=Oop [40]=Oop [48]=Oop [64]=Oop [112]=Oop [120]=Oop [128]=Oop [136]=NarrowOop [144]=Oop [152]=Oop [160]=NarrowOop [168]=Oop [176]=Oop [184]=Oop }
                      ;*invokevirtual allocateUninitializedArray0 {reexecute=0 rethrow=0 return_oop=1}
                      ; - jdk.internal.misc.Unsafe::allocateUninitializedArray@51
                      ; - java.lang.StringConcatHelper::newArray@33
                      ; - java.lang.StringConcatHelper::simpleConcat@61
                      ; - java.lang.String::concat@11
                      ; - java.net.URLClassLoader::isSealed@15
                      ; - java.net.URLClassLoader::getAndVerifyPackage@68
                      ; - java.net.URLClassLoader::defineClass@46
                      ; - java.net.URLClassLoader$1::run@43
                      ; - java.net.URLClassLoader$1::run@1
                      ; - java.security.AccessController::executePrivileged@29
                      ; - java.security.AccessController::doPrivileged@13
                      ; - java.net.URLClassLoader::findClass@13
  0x000001d1d2159928: d46c 8bff 

  0x000001d1d215992c: ;   {other}
  0x000001d1d215992c: 0f1f 8400 | 9c53 0044 | 4c8b c0e9 | ecd5 ffff | 4c89 4424 

  0x000001d1d2159940: ;   {metadata('java/lang/String')}
  0x000001d1d2159940: 4848 ba78 | e800 dfd1 | 0100 0048 | 8b6c 2440 | 4c8b 9424 | b000 0000 | 4c89 5424 | 4066 6690 
  0x000001d1d2159960: ;   {runtime_call _new_instance_Java}
  0x000001d1d2159960: c5f8 77e8 

  0x000001d1d2159964: ; ImmutableOopMap {rbp=Oop [40]=Oop [48]=Oop [64]=Oop [72]=Oop [112]=Oop [120]=Oop [128]=Oop [136]=NarrowOop [144]=Oop [160]=NarrowOop [176]=Oop [184]=Oop }
                      ;*new {reexecute=0 rethrow=0 return_oop=1}
                      ; - java.lang.StringConcatHelper::newString@6
                      ; - java.lang.StringConcatHelper::simpleConcat@90
                      ; - java.lang.String::concat@11
                      ; - java.net.URLClassLoader::isSealed@15
                      ; - java.net.URLClassLoader::getAndVerifyPackage@68
                      ; - java.net.URLClassLoader::defineClass@46
                      ; - java.net.URLClassLoader$1::run@43
                      ; - java.net.URLClassLoader$1::run@1
                      ; - java.security.AccessController::executePrivileged@29
                      ; - java.security.AccessController::doPrivileged@13
                      ; - java.net.URLClassLoader::findClass@13
  0x000001d1d2159964: 986f 8bff 

  0x000001d1d2159968: ;   {other}
  0x000001d1d2159968: 0f1f 8400 | d853 0045 | 4c8b 4424 | 48e9 7fd6 | ffff 4c89 | 4424 704c | 894c 2468 | 4889 5424 
  0x000001d1d2159988: 6048 895c | 2448 48ff | 7424 2848 | 8f44 2440 | 448b 9c24 | 8800 0000 | 4489 5c24 | 3c44 8954 
  0x000001d1d21599a8: 2438 4889 | 7c24 284c | 8b54 2478 | 4c89 5424 

  0x000001d1d21599b8: ;   {metadata({type array byte})}
  0x000001d1d21599b8: 2048 ba18 | 2300 dfd1 | 0100 0044 | 8b44 2438 | 4c8b 9424 | b000 0000 | 4c89 5424 | 784c 8b94 
  0x000001d1d21599d8: 24b8 0000 | 004c 8994 | 2480 0000 | 0066 6690 

  0x000001d1d21599e8: ;   {runtime_call _new_array_nozero_Java}
  0x000001d1d21599e8: c5f8 77e8 

  0x000001d1d21599ec: ; ImmutableOopMap {[32]=Oop [40]=Oop [96]=Derived_oop_[40] [48]=Oop [60]=NarrowOop [64]=Oop [72]=Oop [120]=Oop [128]=Oop [176]=Oop [184]=Oop }
                      ;*newarray {reexecute=0 rethrow=0 return_oop=1}
                      ; - java.util.Arrays::copyOfRangeByte@10
                      ; - java.util.Arrays::copyOfRange@13
                      ; - java.lang.StringLatin1::newString@16
                      ; - java.lang.String::substring@41
                      ; - java.net.URLClassLoader::defineClass@28
                      ; - java.net.URLClassLoader$1::run@43
                      ; - java.net.URLClassLoader$1::run@1
                      ; - java.security.AccessController::executePrivileged@29
                      ; - java.security.AccessController::doPrivileged@13
                      ; - java.net.URLClassLoader::findClass@13
  0x000001d1d21599ec: 9068 8bff 

  0x000001d1d21599f0: ;   {other}
  0x000001d1d21599f0: 0f1f 8400 | 6054 0046 | 4c8b 5424 | 204c 8954 | 2478 448b | 5424 3844 | 8b5c 243c | 4489 9c24 
  0x000001d1d2159a10: 8800 0000 | 488b 5c24 | 4848 8b54 | 2460 4c8b | 4c24 684c | 8b44 2470 | 488b f048 | ff74 2440 
  0x000001d1d2159a30: 488f 4424 | 28e9 8cb8 | ffff 4c8b | 6c24 4041 | c645 1101 | 33c0 448b | 5c24 2044 | 899c 2488 
  0x000001d1d2159a50: 0000 004c | 8b5c 2438 | 4c8b 7424 | 4844 8b44 | 2424 8b4c | 2460 e95d | c2ff ff89 | 4c24 6044 
  0x000001d1d2159a70: 8944 2424 | 4c89 7424 | 484c 896c | 2440 4c89 | 5c24 3844 | 8b94 2488 | 0000 0044 | 8954 2420 
  0x000001d1d2159a90: 4c8b 9424 | b000 0000 | 4c89 5424 | 684c 8b94 | 24b8 0000 | 004c 8994 | 2480 0000 | 0066 6690 
  0x000001d1d2159ab0: ;   {static_call}
  0x000001d1d2159ab0: c5f8 77e8 

  0x000001d1d2159ab4: ; ImmutableOopMap {rbp=Oop [32]=NarrowOop [36]=NarrowOop [40]=Oop [48]=Oop [64]=Oop [72]=Oop [96]=NarrowOop [104]=Oop [120]=Oop [128]=Oop [176]=Oop [184]=Oop }
                      ;*invokestatic hashCode {reexecute=0 rethrow=0 return_oop=0}
                      ; - java.lang.String::hashCode@37
                      ; - java.util.concurrent.ConcurrentHashMap::get@1
                      ; - java.lang.ClassLoader::definePackage@47
                      ; - java.lang.ClassLoader::getDefinedPackage@32
                      ; - java.net.URLClassLoader::getAndVerifyPackage@2
                      ; - java.net.URLClassLoader::defineClass@46
                      ; - java.net.URLClassLoader$1::run@43
                      ; - java.net.URLClassLoader$1::run@1
                      ; - java.security.AccessController::executePrivileged@29
                      ; - java.security.AccessController::doPrivileged@13
                      ; - java.net.URLClassLoader::findClass@13
  0x000001d1d2159ab4: c855 88ff 

  0x000001d1d2159ab8: ;   {other}
  0x000001d1d2159ab8: 0f1f 8400 | 2855 0047 | e9bb d9ff | ff48 8b5c | 2468 c643 | 1101 33c9 | 4533 d244 | 8b44 2420 
  0x000001d1d2159ad8: 4489 8424 | 8800 0000 | 4c8b 5c24 | 384c 8b6c | 2440 4c8b | 7424 484c | 8b4c 2460 | 8b7c 2424 
  0x000001d1d2159af8: e98d d5ff | ff89 4c24 | 7089 7c24 | 2448 8944 | 2468 4c89 | 4c24 604c | 8974 2448 | 4c89 6c24 
  0x000001d1d2159b18: 404c 895c | 2438 448b | 9424 8800 | 0000 4489 | 5424 204c | 8b94 24b0 | 0000 004c | 8994 2480 
  0x000001d1d2159b38: 0000 0090 

  0x000001d1d2159b3c: ;   {static_call}
  0x000001d1d2159b3c: c5f8 77e8 

  0x000001d1d2159b40: ; ImmutableOopMap {rbp=Oop [32]=NarrowOop [36]=NarrowOop [40]=Oop [48]=Oop [64]=Oop [72]=Oop [96]=Oop [104]=Oop [120]=Oop [128]=Oop [176]=Oop [184]=Oop }
                      ;*invokestatic hashCode {reexecute=0 rethrow=0 return_oop=0}
                      ; - java.lang.String::hashCode@37
                      ; - java.util.HashMap::hash@9
                      ; - java.util.HashMap::getNode@23
                      ; - java.util.HashMap::get@2
                      ; - java.util.jar.Manifest::getAttributes@5
                      ; - java.util.jar.Manifest::getTrustedAttributes@2
                      ; - java.util.jar.JavaUtilJarAccessImpl::getTrustedAttributes@2
                      ; - java.net.URLClassLoader::isSealed@18
                      ; - java.net.URLClassLoader::getAndVerifyPackage@68
                      ; - java.net.URLClassLoader::defineClass@46
                      ; - java.net.URLClassLoader$1::run@43
                      ; - java.net.URLClassLoader$1::run@1
                      ; - java.security.AccessController::executePrivileged@29
                      ; - java.security.AccessController::doPrivileged@13
                      ; - java.net.URLClassLoader::findClass@13
  0x000001d1d2159b40: 3c55 88ff 

  0x000001d1d2159b44: ;   {other}
  0x000001d1d2159b44: 0f1f 8400 | b455 0048 | e9db d9ff | ff41 8b59 | 0866 6666 | 0f1f 8400 | 0000 0000 

  0x000001d1d2159b60: ;   {metadata('java/util/concurrent/ConcurrentHashMap$ReservationNode')}
  0x000001d1d2159b60: 81fb 4869 | 1700 0f84 | 23c4 ffff | bade ffff | ff48 8bac | 24b0 0000 | 004c 8b5c | 2430 4c89 
  0x000001d1d2159b80: 5c24 204c | 8b9c 24b8 | 0000 004c | 895c 2430 | 4c8b 5c24 | 784c 895c | 2440 4c8b | 5c24 504c 
  0x000001d1d2159ba0: 895c 2448 | 4c89 6c24 | 704c 8974 | 2478 8b8c | 2488 0000 | 0089 4c24 | 544c 89ac | 2488 0000 
  0x000001d1d2159bc0: 0044 8984 | 24a8 0000 | 0044 898c | 24ac 0000 | 0044 8994 | 24b0 0000 | 0066 6690 

  0x000001d1d2159bdc: ;   {runtime_call UncommonTrapBlob}
  0x000001d1d2159bdc: c5f8 77e8 

  0x000001d1d2159be0: ; ImmutableOopMap {rbp=Oop [32]=Oop [48]=Oop [64]=Oop [84]=NarrowOop [112]=Oop [120]=Oop [136]=Oop [168]=NarrowOop [172]=NarrowOop }
                      ;*invokevirtual find {reexecute=0 rethrow=0 return_oop=0}
                      ; - java.util.concurrent.ConcurrentHashMap::get@93
                      ; - java.lang.ClassLoader::definePackage@47
                      ; - java.lang.ClassLoader::getDefinedPackage@32
                      ; - java.net.URLClassLoader::getAndVerifyPackage@2
                      ; - java.net.URLClassLoader::defineClass@46
                      ; - java.net.URLClassLoader$1::run@43
                      ; - java.net.URLClassLoader$1::run@1
                      ; - java.security.AccessController::executePrivileged@29
                      ; - java.security.AccessController::doPrivileged@13
                      ; - java.net.URLClassLoader::findClass@13
  0x000001d1d2159be0: 9ca7 88ff 

  0x000001d1d2159be4: ;   {other}
  0x000001d1d2159be4: 0f1f 8400 | 5456 0049 

  0x000001d1d2159bec: ;   {metadata({type array byte})}
  0x000001d1d2159bec: 48ba 1823 | 00df d101 | 0000 448b | 8424 a800 | 0000 4c8b | 9424 b000 | 0000 4c89 | 9424 9000 
  0x000001d1d2159c0c: 0000 6690 

  0x000001d1d2159c10: ;   {runtime_call _new_array_Java}
  0x000001d1d2159c10: c5f8 77e8 

  0x000001d1d2159c14: ; ImmutableOopMap {[40]=Oop [48]=Oop [64]=Oop [96]=Oop [104]=Oop [112]=Oop [120]=Oop [128]=Oop [136]=NarrowOop [144]=Oop [152]=NarrowOop [176]=Oop [184]=Oop [192]=NarrowOop }
                      ;*invokevirtual allocateUninitializedArray0 {reexecute=0 rethrow=0 return_oop=1}
                      ; - jdk.internal.misc.Unsafe::allocateUninitializedArray@51
                      ; - java.lang.StringConcatHelper::newArray@33
                      ; - java.lang.StringLatin1::replace@49
                      ; - java.lang.String::replace@18
                      ; - java.net.URLClassLoader::isSealed@9
                      ; - java.net.URLClassLoader::getAndVerifyPackage@68
                      ; - java.net.URLClassLoader::defineClass@46
                      ; - java.net.URLClassLoader$1::run@43
                      ; - java.net.URLClassLoader$1::run@1
                      ; - java.security.AccessController::executePrivileged@29
                      ; - java.security.AccessController::doPrivileged@13
                      ; - java.net.URLClassLoader::findClass@13
  0x000001d1d2159c14: e869 8bff 

  0x000001d1d2159c18: ;   {other}
  0x000001d1d2159c18: 0f1f 8400 | 8856 004a | 4c8b c0e9 | acce ffff 

  0x000001d1d2159c28: ;   {metadata('java/lang/String')}
  0x000001d1d2159c28: 488b e848 | ba78 e800 | dfd1 0100 | 004c 8b94 | 24b0 0000 | 004c 8954 | 2448 6690 

  0x000001d1d2159c44: ;   {runtime_call _new_instance_Java}
  0x000001d1d2159c44: c5f8 77e8 

  0x000001d1d2159c48: ; ImmutableOopMap {rbp=Oop [40]=Oop [48]=Oop [64]=Oop [72]=Oop [96]=Oop [104]=Oop [120]=Oop [128]=Oop [136]=NarrowOop [176]=Oop [184]=Oop [192]=NarrowOop }
                      ;*new {reexecute=0 rethrow=0 return_oop=1}
                      ; - java.lang.StringLatin1::replace@116
                      ; - java.lang.String::replace@18
                      ; - java.net.URLClassLoader::isSealed@9
                      ; - java.net.URLClassLoader::getAndVerifyPackage@68
                      ; - java.net.URLClassLoader::defineClass@46
                      ; - java.net.URLClassLoader$1::run@43
                      ; - java.net.URLClassLoader$1::run@1
                      ; - java.security.AccessController::executePrivileged@29
                      ; - java.security.AccessController::doPrivileged@13
                      ; - java.net.URLClassLoader::findClass@13
  0x000001d1d2159c48: b46c 8bff 

  0x000001d1d2159c4c: ;   {other}
  0x000001d1d2159c4c: 0f1f 8400 | bc56 004b | 4c8b d048 | 8bc5 498b | da66 6690 | e92d d1ff | ff4c 8b94 | 2498 0000 
  0x000001d1d2159c6c: 0045 8b52 | 2c45 85d2 | 0f84 63df | ffff 4d8b | 5f28 498b | ca4d 85db | 0f84 ee2d | 0000 4d8b 
  0x000001d1d2159c8c: 5738 4b89 | 4c1a f849 | 83c3 f84d | 895f 280f | 1f44 0000 | e938 dfff | ff4c 8b94 | 2498 0000 
  0x000001d1d2159cac: 0045 8b52 | 1445 85d2 | 0f84 bae0 | ffff 4d8b | 5f28 498b | ca4d 85db | 0f84 ce2d | 0000 4d8b 
  0x000001d1d2159ccc: 5738 4b89 | 4c1a f849 | 83c3 f84d | 895f 280f | 1f44 0000 | e98f e0ff | ff44 8b5d | 1c45 85db 
  0x000001d1d2159cec: 0f84 40e0 | ffff 4d8b | 5728 498b | cb0f 1f80 | 0000 0000 | 4d85 d20f | 84af 2d00 | 004d 8b5f 
  0x000001d1d2159d0c: 384b 894c | 13f8 4983 | c2f8 4d89 | 5728 e913 | e0ff ff4c | 8b94 2498 | 0000 0045 | 8b5a 1045 
  0x000001d1d2159d2c: 85db 0f84 | c7e1 ffff | 4d8b 5728 | 498b cb0f | 1f44 0000 | 4d85 d20f | 848f 2d00 

  0x000001d1d2159d48: ;   {no_reloc}
  0x000001d1d2159d48: 004d 8b5f | 384b 894c | 13f8 4983 | c2f8 4d89 | 5728 e99c | e1ff ff44 | 8b55 1c45 | 85d2 0f84 
  0x000001d1d2159d68: 4ee1 ffff | 4d8b 5f28 | 498b ca4d | 85db 0f84 | 7c2d 0000 | 4d8b 5738 | 4b89 4c1a | f849 83c3 
  0x000001d1d2159d88: f84d 895f | 28e9 28e1 | ffff 4c8b | 9424 9800 | 0000 458b | 5238 6690 | 4585 d20f | 8428 e6ff 
  0x000001d1d2159da8: ff4d 8b5f | 2849 8bca | 4d85 db0f | 845f 2d00 | 004d 8b57 | 384b 894c | 1af8 4983 | c3f8 4d89 
  0x000001d1d2159dc8: 5f28 e902 | e6ff ff4c | 8b94 2498 | 0000 0045 | 8b52 240f | 1f44 0000 | 4585 d20f | 84a2 e4ff 
  0x000001d1d2159de8: ff4d 8b5f | 2849 8bca | 4d85 db0f | 845f 2d00 | 004d 8b57 | 384b 894c | 1af8 4983 | c3f8 4d89 
  0x000001d1d2159e08: 5f28 e97c | e4ff ff4c | 8b94 2490 | 0000 0045 | 8b52 300f | 1f44 0000 | 4585 d20f | 84ee e5ff 
  0x000001d1d2159e28: ff4d 8b5f | 2849 8bca | 4d85 db0f | 84ff 2c00 | 004d 8b57 | 384b 894c | 1af8 4983 | c3f8 4d89 
  0x000001d1d2159e48: ;   {no_reloc}
  0x000001d1d2159e48: 5f28 e9c8 | e5ff ff4c | 8b94 2498 | 0000 0045 | 8b52 340f | 1f44 0000 | 4585 d20f | 84c2 e4ff 
  0x000001d1d2159e68: ff4d 8b5f | 2849 8bca | 4d85 db0f | 841f 2d00 | 004d 8b57 | 384b 894c | 1af8 4983 | c3f8 4d89 
  0x000001d1d2159e88: 5f28 e99c | e4ff ff44 | 8b5d 1c45 | 85db 0f84 | afe1 ffff | 4d8b 5728 | 498b cb4d | 85d2 0f84 
  0x000001d1d2159ea8: 2c2d 0000 | 4d8b 5f38 | 4b89 4c13 | f849 83c2 | f84d 8957 | 2866 6690 | e986 e1ff | ff4c 8b94 
  0x000001d1d2159ec8: 2498 0000 | 0045 8b52 | 1845 85d2 | 0f84 c5e1 | ffff 4d8b | 5f28 498b | ca4d 85db | 0f84 8e2c 
  0x000001d1d2159ee8: 0000 4d8b | 5738 4b89 | 4c1a f849 | 83c3 f84d | 895f 280f | 1f44 0000 | e99a e1ff | ff4c 8b94 
  0x000001d1d2159f08: 2498 0000 | 0045 8b52 | 1c45 85d2 | 0f84 31e2 | ffff 4d8b | 5f28 498b | ca4d 85db | 0f84 8e2c 
  0x000001d1d2159f28: 0000 4d8b | 5738 4b89 | 4c1a f849 | 83c3 f84d | 895f 280f | 1f44 0000 | e906 e2ff | ff4c 8b54 
  0x000001d1d2159f48: ;   {no_reloc}
  0x000001d1d2159f48: 2468 458b | 5a0c 4585 | db0f 84c7 | e6ff ff4d | 8b57 2849 | 8bcb 6690 | 4d85 d20f | 848f 2c00 
  0x000001d1d2159f68: 004d 8b5f | 384b 894c | 13f8 4983 | c2f8 4d89 | 5728 e99f | e6ff ff4c | 8b54 2468 | 458b 5a10 
  0x000001d1d2159f88: 4585 db0f | 8423 e7ff | ff4d 8b57 | 2849 8bcb | 0f1f 8400 | 0000 0000 | 4d85 d20f | 848f 2c00 
  0x000001d1d2159fa8: 004d 8b5f | 384b 894c | 13f8 4983 | c2f8 4d89 | 5728 e9f5 | e6ff ff44 | 8b55 0c45 | 85d2 0f84 
  0x000001d1d2159fc8: ffe5 ffff | 4d8b 5f28 | 498b ca4d | 85db 0f84 | 3c2c 0000 | 4d8b 5738 | 4b89 4c1a | f849 83c3 
  0x000001d1d2159fe8: f84d 895f | 28e9 d9e5 | ffff 4c8b | 4424 6845 | 8b58 140f | 1f44 0000 | 4585 db0f | 842b e7ff 
  0x000001d1d215a008: ff49 8bd8 | 4d8b 5728 | 498b cb4d | 85d2 0f84 | 3c2c 0000 | 4d8b 5f38 | 4b89 4c13 | f849 83c2 
  0x000001d1d215a028: f84d 8957 | 284c 8bc3 | e9ff e6ff | ff4d 8b57 | 584d 8b5f | 48f0 8344 | 24c0 0080 | 3900 0f84 
  0x000001d1d215a048: ;   {no_reloc}
  0x000001d1d215a048: 1ddd ffff | 4488 214d | 85db 7520 | 498b d7c5 | f877 49ba | 40a3 e3a1 | f87f 0000 

  0x000001d1d215a064: ;   {other}
  0x000001d1d215a064: 41ff d20f | 1f84 0000 | 0000 00e9 | f5dc ffff | 4b89 4c1a | f849 83c3 | f84d 895f | 48e9 e3dc 
  0x000001d1d215a084: ffff 4d8b | 5748 4d8b | 5f58 f083 | 4424 c000 | 8039 000f | 841b ddff | ff44 8821 | 4d85 d275 
  0x000001d1d215a0a4: 2049 8bd7 | c5f8 7749 | ba40 a3e3 | a1f8 7f00 | 0041 ffd2 

  0x000001d1d215a0b8: ;   {other}
  0x000001d1d215a0b8: 0f1f 8400 | 0000 0000 | e9f3 dcff | ff4b 894c | 13f8 4983 | c2f8 4d89 | 5748 e9e1 | dcff ff4d 
  0x000001d1d215a0d8: 8b57 484d | 8b5f 58f0 | 8344 24c0 | 0080 3900 | 0f84 51de | ffff 4488 | 214d 85d2 | 7520 498b 
  0x000001d1d215a0f8: d7c5 f877 | 49ba 40a3 | e3a1 f87f | 0000 41ff 

  0x000001d1d215a108: ;   {other}
  0x000001d1d215a108: d20f 1f84 | 0000 0000 | 00e9 29de | ffff 4b89 | 4c13 f849 | 83c2 f84d | 8957 48e9 | 17de ffff 
  0x000001d1d215a128: 4d8b 5758 | 4d8b 5f48 | f083 4424 | c000 8039 | 000f 84b1 | ddff ff44 | 8821 4d85 | db75 2049 
  0x000001d1d215a148: 8bd7 c5f8 | 7749 ba40 | a3e3 a1f8 | 7f00 0041 

  0x000001d1d215a158: ;   {other}
  0x000001d1d215a158: ffd2 0f1f | 8400 0000 | 0000 e989 | ddff ff4b | 894c 1af8 | 4983 c3f8 | 4d89 5f48 | e977 ddff 
  0x000001d1d215a178: ff4d 8b57 | 484d 8b5f | 58f0 8344 | 24c0 0080 | 3900 0f84 | 39e1 ffff | 4488 214d | 85d2 7520 
  0x000001d1d215a198: 498b d7c5 | f877 49ba | 40a3 e3a1 | f87f 0000 

  0x000001d1d215a1a8: ;   {other}
  0x000001d1d215a1a8: 41ff d20f | 1f84 0000 | 0000 00e9 | 11e1 ffff | 4b89 4c13 | f849 83c2 | f84d 8957 | 48e9 ffe0 
  0x000001d1d215a1c8: ffff 4d8b | 5758 4d8b | 5f48 f083 | 4424 c000 | 0f1f 8400 | 0000 0000 | 8039 000f | 8423 e2ff 
  0x000001d1d215a1e8: ff44 8821 | 4d85 db75 | 2049 8bd7 | c5f8 7749 | ba40 a3e3 | a1f8 7f00 | 0041 ffd2 

  0x000001d1d215a204: ;   {other}
  0x000001d1d215a204: 0f1f 8400 | 0000 0000 | e9fb e1ff | ff4b 894c | 1af8 4983 | c3f8 4d89 | 5f48 6690 | e9e7 e1ff 
  0x000001d1d215a224: ff4d 8b57 | 584d 8b5f | 48f0 8344 | 24c0 0080 | 3900 0f84 | 2de1 ffff | 4488 2190 | 4d85 db75 
  0x000001d1d215a244: 2049 8bd7 | c5f8 7749 | ba40 a3e3 | a1f8 7f00 | 0041 ffd2 

  0x000001d1d215a258: ;   {other}
  0x000001d1d215a258: 0f1f 8400 | 0000 0000 | e904 e1ff | ff4b 894c | 1af8 4983 | c3f8 4d89 | 5f48 e9f2 | e0ff ff4d 
  0x000001d1d215a278: 8b57 584d | 8b5f 48f0 | 8344 24c0 | 0080 3900 | 0f84 e8df | ffff 4488 | 214d 85db | 7520 498b 
  0x000001d1d215a298: d7c5 f877 | 49ba 40a3 | e3a1 f87f | 0000 41ff 

  0x000001d1d215a2a8: ;   {other}
  0x000001d1d215a2a8: d20f 1f84 | 0000 0000 | 00e9 c0df | ffff 4b89 | 4c1a f849 | 83c3 f84d | 895f 48e9 | aedf ffff 
  0x000001d1d215a2c8: 4d8b 5758 | 4d8b 5f48 | f083 4424 | c000 8039 | 000f 84aa | deff ff44 | 8821 4d85 | db75 2049 
  0x000001d1d215a2e8: 8bd7 c5f8 | 7749 ba40 | a3e3 a1f8 | 7f00 0041 

  0x000001d1d215a2f8: ;   {other}
  0x000001d1d215a2f8: ffd2 0f1f | 8400 0000 | 0000 e982 | deff ff4b | 894c 1af8 | 4983 c3f8 | 4d89 5f48 | e970 deff 
  0x000001d1d215a318: ff4d 8b57 | 584d 8b5f | 48f0 8344 | 24c0 0080 | 3900 0f84 | 39e1 ffff | 4488 214d | 85db 7520 
  0x000001d1d215a338: 498b d7c5 | f877 49ba | 40a3 e3a1 | f87f 0000 

  0x000001d1d215a348: ;   {other}
  0x000001d1d215a348: 41ff d20f | 1f84 0000 | 0000 00e9 | 11e1 ffff | 4b89 4c1a | f849 83c3 | f84d 895f | 48e9 ffe0 
  0x000001d1d215a368: ffff 4d8b | 5748 4d8b | 5f58 f083 | 4424 c000 | 0f1f 8400 | 0000 0000 | 8039 000f | 8460 ddff 
  0x000001d1d215a388: ff44 8821 | 4d85 d275 | 2049 8bd7 | c5f8 7749 | ba40 a3e3 | a1f8 7f00 | 0041 ffd2 

  0x000001d1d215a3a4: ;   {other}
  0x000001d1d215a3a4: 0f1f 8400 | 0000 0000 | e938 ddff | ff4b 894c | 13f8 4983 | c2f8 4d89 | 5748 6690 | e924 ddff 
  0x000001d1d215a3c4: ff4d 8b57 | 584d 8b5f | 48f0 8344 | 24c0 0080 | 3900 0f84 | b8dc ffff | 4488 2190 | 4d85 db75 
  0x000001d1d215a3e4: 2049 8bd7 | c5f8 7749 | ba40 a3e3 | a1f8 7f00 | 0041 ffd2 

  0x000001d1d215a3f8: ;   {other}
  0x000001d1d215a3f8: 0f1f 8400 | 0000 0000 | e98f dcff | ff4b 894c | 1af8 4983 | c3f8 4d89 | 5f48 e97d | dcff ff4d 
  0x000001d1d215a418: 8b57 484d | 8b5f 58f0 | 8344 24c0 | 0080 3900 | 0f84 27e2 | ffff 4488 | 214d 85d2 | 7520 498b 
  0x000001d1d215a438: d7c5 f877 | 49ba 40a3 | e3a1 f87f | 0000 41ff 

  0x000001d1d215a448: ;   {other}
  0x000001d1d215a448: d20f 1f84 | 0000 0000 | 00e9 ffe1 | ffff 4b89 | 4c13 f849 | 83c2 f84d | 8957 48e9 | ede1 ffff 
  0x000001d1d215a468: 4d8b 5758 | 4d8b 5f48 | f083 4424 | c000 8039 | 000f 846d | e2ff ff44 | 8821 4d85 | db75 2049 
  0x000001d1d215a488: 8bd7 c5f8 | 7749 ba40 | a3e3 a1f8 | 7f00 0041 

  0x000001d1d215a498: ;   {other}
  0x000001d1d215a498: ffd2 0f1f | 8400 0000 | 0000 e945 | e2ff ff4b | 894c 1af8 | 4983 c3f8 | 4d89 5f48 | e933 e2ff 
  0x000001d1d215a4b8: ff4d 8b57 | 584d 8b5f | 48f0 8344 | 24c0 0080 | 3900 0f84 | 61d7 ffff | 4488 214d | 85db 7520 
  0x000001d1d215a4d8: 498b d7c5 | f877 49ba | 40a3 e3a1 | f87f 0000 

  0x000001d1d215a4e8: ;   {other}
  0x000001d1d215a4e8: 41ff d20f | 1f84 0000 | 0000 00e9 | 39d7 ffff | 4b89 4c1a | f849 83c3 | f84d 895f | 48e9 27d7 
  0x000001d1d215a508: ffff 4d8b | 5758 4d8b | 5f48 f083 | 4424 c000 | 0f1f 8400 | 0000 0000 | 8039 000f | 84a9 d6ff 
  0x000001d1d215a528: ff44 8821 | 4d85 db75 | 2049 8bd7 | c5f8 7749 | ba40 a3e3 | a1f8 7f00 | 0041 ffd2 

  0x000001d1d215a544: ;   {other}
  0x000001d1d215a544: 0f1f 8400 | 0000 0000 | e981 d6ff | ff4b 894c | 1af8 4983 | c3f8 4d89 | 5f48 6690 | e96d d6ff 
  0x000001d1d215a564: ff4d 8b57 | 584d 8b5f | 48f0 8344 | 24c0 0080 | 3900 0f84 | 97e0 ffff | 4488 2190 | 4d85 db75 
  0x000001d1d215a584: 2049 8bd7 | c5f8 7749 | ba40 a3e3 | a1f8 7f00 | 0041 ffd2 

  0x000001d1d215a598: ;   {other}
  0x000001d1d215a598: 0f1f 8400 | 0000 0000 | e96e e0ff | ff4b 894c | 1af8 4983 | c3f8 4d89 | 5f48 e95c | e0ff ff4d 
  0x000001d1d215a5b8: 8b57 484d | 8b5f 58f0 | 8344 24c0 | 0080 3900 | 0f84 a2e1 | ffff 4488 | 214d 85d2 | 7526 498b 
  0x000001d1d215a5d8: d849 8bd7 | c5f8 7749 | ba40 a3e3 | a1f8 7f00 | 0041 ffd2 

  0x000001d1d215a5ec: ;   {other}
  0x000001d1d215a5ec: 0f1f 8400 | 0000 0000 | 4c8b c3e9 | 74e1 ffff | 4b89 4c13 | f849 83c2 | f84d 8957 | 48e9 62e1 
  0x000001d1d215a60c: ffff 4c8b | 5424 3845 | 8b5a 0c66 | 0f1f 8400 | 0000 0000 | 4585 db0f | 84f5 d2ff | ff4d 8b57 
  0x000001d1d215a62c: 2849 8bcb | 4d85 d20f | 8402 2700 | 004d 8b5f | 384b 894c | 13f8 4983 | c2f8 4d89 | 5728 e9cf 
  0x000001d1d215a64c: d2ff ff44 | 8b55 0c45 | 85d2 0f84 | 6fd2 ffff | 4d8b 5f28 | 498b ca4d | 85db 0f84 | 8f26 0000 
  0x000001d1d215a66c: 4d8b 5738 | 4b89 4c1a | f849 83c3 | f84d 895f | 2866 6690 | e946 d2ff | ff4c 8b4c | 2438 458b 
  0x000001d1d215a68c: 5910 4585 | db0f 8422 | d3ff ff49 | 8bf8 498b | d94d 8b57 | 2849 8bcb | 4d85 d20f | 846e 2600 
  0x000001d1d215a6ac: 004d 8b5f | 384b 894c | 13f8 4983 | c2f8 4d89 | 5728 4c8b | cb4c 8bc7 | e9f0 d2ff | ff4c 8bd5 
  0x000001d1d215a6cc: 458b 4214 | 4585 c00f | 845d d3ff | ff4d 8b5f | 2849 8bc8 | 4d85 db0f | 8472 2600 

  0x000001d1d215a6e8: ;   {no_reloc}
  0x000001d1d215a6e8: 004d 8b47 | 384b 894c | 18f8 4983 | c3f8 4d89 | 5f28 e937 | d3ff ff49 | 8bd9 4d8b | 5758 4d8b 
  0x000001d1d215a708: 5f48 f083 | 4424 c000 | 8039 0074 | 3244 8821 | 4d85 db74 | 0f4b 894c | 1af8 4983 | c3f8 4d89 
  0x000001d1d215a728: 5f48 eb1b | 498b d7c5 | f877 49ba | 40a3 e3a1 | f87f 0000 

  0x000001d1d215a73c: ;   {other}
  0x000001d1d215a73c: 41ff d20f | 1f84 0000 | 0000 004c | 8bcb e99d | d2ff ff4d | 8b57 484d | 8b5f 58f0 | 8344 24c0 
  0x000001d1d215a75c: 0066 6690 | 8039 000f | 84ec d1ff | ff44 8821 | 4d85 d275 | 2049 8bd7 | c5f8 7749 | ba40 a3e3 
  0x000001d1d215a77c: a1f8 7f00 | 0041 ffd2 

  0x000001d1d215a784: ;   {other}
  0x000001d1d215a784: 0f1f 8400 | 0000 0000 | e9c4 d1ff | ff4b 894c | 13f8 4983 | c2f8 4d89 | 5748 6690 | e9b0 d1ff 
  0x000001d1d215a7a4: ff4d 8b57 | 584d 8b5f | 48f0 8344 | 24c0 0080 | 3900 0f84 | 57d1 ffff | 4488 2190 | 4d85 db75 
  0x000001d1d215a7c4: 2049 8bd7 | c5f8 7749 | ba40 a3e3 | a1f8 7f00 | 0041 ffd2 

  0x000001d1d215a7d8: ;   {other}
  0x000001d1d215a7d8: 0f1f 8400 | 0000 0000 | e92e d1ff | ff4b 894c | 1af8 4983 | c3f8 4d89 | 5f48 e91c | d1ff ff48 
  0x000001d1d215a7f8: 895c 2428 | 4c8b 5424 | 584c 8954 | 2420 4c89 | ac24 b000 | 0000 488b | ac24 b800 

  0x000001d1d215a814: ;   {metadata('java/lang/String')}
  0x000001d1d215a814: 0000 48ba | 78e8 00df | d101 0000 | 4c89 6c24 | 3866 6690 

  0x000001d1d215a828: ;   {runtime_call _new_instance_Java}
  0x000001d1d215a828: c5f8 77e8 

  0x000001d1d215a82c: ; ImmutableOopMap {rbp=Oop [40]=Oop [56]=Oop [176]=Oop [184]=Oop }
                      ;*new {reexecute=0 rethrow=0 return_oop=1}
                      ; - java.lang.StringConcatHelper::simpleConcat@17
                      ; - java.lang.String::concat@11
                      ; - java.net.URLClassLoader$1::run@13
                      ; - java.net.URLClassLoader$1::run@1
                      ; - java.security.AccessController::executePrivileged@29
                      ; - java.security.AccessController::doPrivileged@13
                      ; - java.net.URLClassLoader::findClass@13
  0x000001d1d215a82c: d060 8bff 

  0x000001d1d215a830: ;   {other}
  0x000001d1d215a830: 0f1f 8400 | a062 004c | 4c8b 6c24 | 384c 8b54 | 2420 4c89 | 5424 5848 | 8b5c 2428 | e901 c1ff 
  0x000001d1d215a850: ff89 4c24 | 6048 8bef | 4889 5c24 | 6848 8954 | 2420 4c89 

  0x000001d1d215a864: ;   {metadata({type array byte})}
  0x000001d1d215a864: 5424 3848 | ba18 2300 | dfd1 0100 | 0045 8bc3 | 4c8b 9424 | b000 0000 | 4c89 5424 | 404c 8b54 
  0x000001d1d215a884: 2478 4c89 | 5424 484c | 8b94 24b8 | 0000 004c | 8954 2470 

  0x000001d1d215a898: ;   {runtime_call _new_array_nozero_Java}
  0x000001d1d215a898: c5f8 77e8 

  0x000001d1d215a89c: ; ImmutableOopMap {rbp=Oop [32]=Derived_oop_rbp [40]=Oop [48]=Oop [64]=Oop [72]=Oop [96]=NarrowOop [104]=Oop [112]=Oop [120]=Oop [136]=NarrowOop [176]=Oop [184]=Oop }
                      ;*invokevirtual clone {reexecute=1 rethrow=0 return_oop=1}
                      ; - (reexecute) java.util.Arrays::copyOfRange@18
                      ; - java.lang.StringLatin1::newString@16
                      ; - java.lang.String::substring@41
                      ; - java.net.URLClassLoader::defineClass@28
                      ; - java.net.URLClassLoader$1::run@43
                      ; - java.net.URLClassLoader$1::run@1
                      ; - java.security.AccessController::executePrivileged@29
                      ; - java.security.AccessController::doPrivileged@13
                      ; - java.net.URLClassLoader::findClass@13
  0x000001d1d215a89c: e059 8bff 

  0x000001d1d215a8a0: ;   {other}
  0x000001d1d215a8a0: 0f1f 8400 | 1063 004d | 488b f0e9 | 36a9 ffff | 4489 4424 | 244c 8974 | 2448 4c89 | 6c24 404c 
  0x000001d1d215a8c0: 895c 2438 | 448b 9424 | 8800 0000 | 4489 5424 

  0x000001d1d215a8d0: ;   {metadata('java/lang/ClassLoader$$Lambda+0x000001d1e0065de0')}
  0x000001d1d215a8d0: 2048 bae0 | 5d06 e0d1 | 0100 004c | 8b94 24b0 | 0000 004c | 8954 2460 | 4c8b 9424 | b800 0000 
  0x000001d1d215a8f0: 4c89 5424 | 7066 6690 

  0x000001d1d215a8f8: ;   {runtime_call _new_instance_Java}
  0x000001d1d215a8f8: c5f8 77e8 

  0x000001d1d215a8fc: ; ImmutableOopMap {rbp=NarrowOop [32]=NarrowOop [36]=NarrowOop [40]=Oop [48]=Oop [64]=Oop [72]=Oop [96]=Oop [112]=Oop [120]=Oop [176]=Oop [184]=Oop }
                      ;*invokevirtual allocateInstance {reexecute=0 rethrow=0 return_oop=1}
                      ; - java.lang.invoke.DirectMethodHandle::allocateInstance@12
                      ; - java.lang.invoke.DirectMethodHandle$Holder::newInvokeSpecial@1
                      ; - java.lang.invoke.Invokers$Holder::linkToTargetMethod@6
                      ; - java.lang.ClassLoader::definePackage@73
                      ; - java.lang.ClassLoader::getDefinedPackage@32
                      ; - java.net.URLClassLoader::getAndVerifyPackage@2
                      ; - java.net.URLClassLoader::defineClass@46
                      ; - java.net.URLClassLoader$1::run@43
                      ; - java.net.URLClassLoader$1::run@1
                      ; - java.security.AccessController::executePrivileged@29
                      ; - java.security.AccessController::doPrivileged@13
                      ; - java.net.URLClassLoader::findClass@13
  0x000001d1d215a8fc: 0060 8bff 

  0x000001d1d215a900: ;   {other}
  0x000001d1d215a900: 0f1f 8400 | 7063 004e | 448b 4424 | 2044 8984 | 2488 0000 | 004c 8b5c | 2438 4c8b | 6c24 404c 
  0x000001d1d215a920: 8b74 2448 | 448b 4424 | 244c 8bc8 | e9a7 b6ff | ff8b e9e9 | f7b8 ffff 

  0x000001d1d215a938: ;   {metadata('java/lang/ref/SoftReference')}
  0x000001d1d215a938: 48ba 90df | 03df d101 | 0000 4c8b | 9424 b000 | 0000 4c89 | 5424 204c | 8b94 24b8 | 0000 004c 
  0x000001d1d215a958: 8954 2440 | 4c8b 5424 | 704c 8954 | 2460 6690 

  0x000001d1d215a968: ;   {runtime_call _new_instance_Java}
  0x000001d1d215a968: c5f8 77e8 

  0x000001d1d215a96c: ; ImmutableOopMap {rbp=Oop [32]=Oop [40]=Oop [48]=Oop [64]=Oop [96]=Oop [120]=Oop [136]=NarrowOop [144]=Oop [176]=Oop [184]=Oop [216]=Oop }
                      ;*new {reexecute=0 rethrow=0 return_oop=1}
                      ; - java.util.jar.JarFile::getManifestFromReference@184
                      ; - java.util.jar.JarFile::getManifest@1
                      ; - jdk.internal.loader.URLClassPath$JarLoader$2::getManifest@22
                      ; - java.net.URLClassLoader::defineClass@34
                      ; - java.net.URLClassLoader$1::run@43
                      ; - java.net.URLClassLoader$1::run@1
                      ; - java.security.AccessController::executePrivileged@29
                      ; - java.security.AccessController::doPrivileged@13
                      ; - java.net.URLClassLoader::findClass@13
  0x000001d1d215a96c: 905f 8bff 

  0x000001d1d215a970: ;   {other}
  0x000001d1d215a970: 0f1f 8400 | e063 004f | 4c8b c00f | 1f44 0000 | e937 deff | ff41 8be8 | e9aa c0ff 

  0x000001d1d215a98c: ;   {metadata('java/util/jar/JarVerifier')}
  0x000001d1d215a98c: ff48 ba78 | 9e16 dfd1 | 0100 0090 

  0x000001d1d215a998: ;   {runtime_call _new_instance_Java}
  0x000001d1d215a998: c5f8 77e8 

  0x000001d1d215a99c: ; ImmutableOopMap {rbp=Oop [32]=Oop [40]=Oop [48]=Oop [64]=Oop [112]=Oop [120]=Oop [128]=Oop [136]=NarrowOop [144]=Oop [176]=Oop [184]=Oop [216]=Oop }
                      ;*new {reexecute=0 rethrow=0 return_oop=1}
                      ; - java.util.jar.JarFile::getManifestFromReference@69
                      ; - java.util.jar.JarFile::getManifest@1
                      ; - jdk.internal.loader.URLClassPath$JarLoader$2::getManifest@22
                      ; - java.net.URLClassLoader::defineClass@34
                      ; - java.net.URLClassLoader$1::run@43
                      ; - java.net.URLClassLoader$1::run@1
                      ; - java.security.AccessController::executePrivileged@29
                      ; - java.security.AccessController::doPrivileged@13
                      ; - java.net.URLClassLoader::findClass@13
  0x000001d1d215a99c: 605f 8bff 

  0x000001d1d215a9a0: ;   {other}
  0x000001d1d215a9a0: 0f1f 8400 | 1064 0050 | 4c8b c0e9 | b7d1 ffff 

  0x000001d1d215a9b0: ;   {metadata('java/util/Hashtable')}
  0x000001d1d215a9b0: 48ba b8d3 | 00df d101 | 0000 488b | ac24 b000 | 0000 6690 

  0x000001d1d215a9c4: ;   {runtime_call _new_instance_Java}
  0x000001d1d215a9c4: c5f8 77e8 

  0x000001d1d215a9c8: ; ImmutableOopMap {rbp=Oop [32]=NarrowOop [40]=Oop [48]=Oop [64]=Oop [112]=Oop [120]=Oop [128]=Oop [136]=NarrowOop [144]=Oop [152]=Oop [176]=Oop [184]=Oop [216]=Oop }
                      ;*new {reexecute=0 rethrow=0 return_oop=1}
                      ; - java.util.jar.JarVerifier::<init>@35
                      ; - java.util.jar.JarFile::getManifestFromReference@78
                      ; - java.util.jar.JarFile::getManifest@1
                      ; - jdk.internal.loader.URLClassPath$JarLoader$2::getManifest@22
                      ; - java.net.URLClassLoader::defineClass@34
                      ; - java.net.URLClassLoader$1::run@43
                      ; - java.net.URLClassLoader$1::run@1
                      ; - java.security.AccessController::executePrivileged@29
                      ; - java.security.AccessController::doPrivileged@13
                      ; - java.net.URLClassLoader::findClass@13
  0x000001d1d215a9c8: 345f 8bff 

  0x000001d1d215a9cc: ;   {other}
  0x000001d1d215a9cc: 0f1f 8400 | 3c64 0051 | 488b e8e9 | a3d2 ffff 

  0x000001d1d215a9dc: ;   {metadata('java/util/Hashtable$Entry'[])}
  0x000001d1d215a9dc: 48ba a87f | 13df d101 | 0000 41b8 | 0b00 0000 

  0x000001d1d215a9ec: ;   {runtime_call _new_array_Java}
  0x000001d1d215a9ec: c5f8 77e8 

  0x000001d1d215a9f0: ; ImmutableOopMap {rbp=Oop [32]=NarrowOop [40]=Oop [48]=Oop [56]=Oop [112]=Oop [120]=Oop [128]=Oop [136]=NarrowOop [144]=Oop [152]=Oop [176]=Oop [184]=Oop [216]=Oop }
                      ;*anewarray {reexecute=0 rethrow=0 return_oop=1}
                      ; - java.util.Hashtable::<init>@93
                      ; - java.util.Hashtable::<init>@5
                      ; - java.util.jar.JarVerifier::<init>@39
                      ; - java.util.jar.JarFile::getManifestFromReference@78
                      ; - java.util.jar.JarFile::getManifest@1
                      ; - jdk.internal.loader.URLClassPath$JarLoader$2::getManifest@22
                      ; - java.net.URLClassLoader::defineClass@34
                      ; - java.net.URLClassLoader$1::run@43
                      ; - java.net.URLClassLoader$1::run@1
                      ; - java.security.AccessController::executePrivileged@29
                      ; - java.security.AccessController::doPrivileged@13
                      ; - java.net.URLClassLoader::findClass@13
  0x000001d1d215a9f0: 0c5c 8bff 

  0x000001d1d215a9f4: ;   {other}
  0x000001d1d215a9f4: 0f1f 8400 | 6464 0052 | 4c8b d090 | e91f d3ff 

  0x000001d1d215aa04: ;   {metadata('java/util/Hashtable')}
  0x000001d1d215aa04: ff48 bab8 | d300 dfd1 | 0100 0048 | 8b6c 2438 

  0x000001d1d215aa14: ;   {runtime_call _new_instance_Java}
  0x000001d1d215aa14: c5f8 77e8 

  0x000001d1d215aa18: ; ImmutableOopMap {rbp=Oop [32]=NarrowOop [40]=Oop [48]=Oop [112]=Oop [120]=Oop [128]=Oop [136]=NarrowOop [144]=Oop [152]=Oop [176]=Oop [184]=Oop [216]=Oop }
                      ;*new {reexecute=0 rethrow=0 return_oop=1}
                      ; - java.util.jar.JarVerifier::<init>@46
                      ; - java.util.jar.JarFile::getManifestFromReference@78
                      ; - java.util.jar.JarFile::getManifest@1
                      ; - jdk.internal.loader.URLClassPath$JarLoader$2::getManifest@22
                      ; - java.net.URLClassLoader::defineClass@34
                      ; - java.net.URLClassLoader$1::run@43
                      ; - java.net.URLClassLoader$1::run@1
                      ; - java.security.AccessController::executePrivileged@29
                      ; - java.security.AccessController::doPrivileged@13
                      ; - java.net.URLClassLoader::findClass@13
  0x000001d1d215aa18: e45e 8bff 

  0x000001d1d215aa1c: ;   {other}
  0x000001d1d215aa1c: 0f1f 8400 | 8c64 0053 | 488b e8e9 | d9d3 ffff 

  0x000001d1d215aa2c: ;   {metadata('java/util/Hashtable')}
  0x000001d1d215aa2c: 48ba b8d3 | 00df d101 | 0000 488b | 6c24 3890 

  0x000001d1d215aa3c: ;   {runtime_call _new_instance_Java}
  0x000001d1d215aa3c: c5f8 77e8 

  0x000001d1d215aa40: ; ImmutableOopMap {rbp=Oop [32]=NarrowOop [40]=Oop [48]=Oop [112]=Oop [120]=Oop [128]=Oop [136]=NarrowOop [144]=Oop [152]=Oop [176]=Oop [184]=Oop [216]=Oop }
                      ;*new {reexecute=0 rethrow=0 return_oop=1}
                      ; - java.util.jar.JarVerifier::<init>@57
                      ; - java.util.jar.JarFile::getManifestFromReference@78
                      ; - java.util.jar.JarFile::getManifest@1
                      ; - jdk.internal.loader.URLClassPath$JarLoader$2::getManifest@22
                      ; - java.net.URLClassLoader::defineClass@34
                      ; - java.net.URLClassLoader$1::run@43
                      ; - java.net.URLClassLoader$1::run@1
                      ; - java.security.AccessController::executePrivileged@29
                      ; - java.security.AccessController::doPrivileged@13
                      ; - java.net.URLClassLoader::findClass@13
  0x000001d1d215aa40: bc5e 8bff 

  0x000001d1d215aa44: ;   {other}
  0x000001d1d215aa44: 0f1f 8400 | b464 0054 | 488b e8e9 | 38d5 ffff 

  0x000001d1d215aa54: ;   {metadata('java/util/Hashtable$Entry'[])}
  0x000001d1d215aa54: 48ba a87f | 13df d101 | 0000 41b8 | 0b00 0000 

  0x000001d1d215aa64: ;   {runtime_call _new_array_Java}
  0x000001d1d215aa64: c5f8 77e8 

  0x000001d1d215aa68: ; ImmutableOopMap {rbp=Oop [32]=NarrowOop [40]=Oop [48]=Oop [56]=Oop [112]=Oop [120]=Oop [128]=Oop [136]=NarrowOop [144]=Oop [152]=Oop [176]=Oop [184]=Oop [216]=Oop }
                      ;*anewarray {reexecute=0 rethrow=0 return_oop=1}
                      ; - java.util.Hashtable::<init>@93
                      ; - java.util.Hashtable::<init>@5
                      ; - java.util.jar.JarVerifier::<init>@50
                      ; - java.util.jar.JarFile::getManifestFromReference@78
                      ; - java.util.jar.JarFile::getManifest@1
                      ; - jdk.internal.loader.URLClassPath$JarLoader$2::getManifest@22
                      ; - java.net.URLClassLoader::defineClass@34
                      ; - java.net.URLClassLoader$1::run@43
                      ; - java.net.URLClassLoader$1::run@1
                      ; - java.security.AccessController::executePrivileged@29
                      ; - java.security.AccessController::doPrivileged@13
                      ; - java.net.URLClassLoader::findClass@13
  0x000001d1d215aa68: 945b 8bff 

  0x000001d1d215aa6c: ;   {other}
  0x000001d1d215aa6c: 0f1f 8400 | dc64 0055 | 4c8b d0e9 | 30d4 ffff 

  0x000001d1d215aa7c: ;   {metadata('java/util/ArrayList')}
  0x000001d1d215aa7c: 48ba d089 | 0bdf d101 | 0000 488b | ac24 b000 | 0000 6690 

  0x000001d1d215aa90: ;   {runtime_call _new_instance_Java}
  0x000001d1d215aa90: c5f8 77e8 

  0x000001d1d215aa94: ; ImmutableOopMap {rbp=Oop [32]=NarrowOop [40]=Oop [48]=Oop [112]=Oop [120]=Oop [128]=Oop [136]=NarrowOop [140]=NarrowOop [144]=Oop [152]=Oop [176]=Oop [184]=Oop [216]=Oop }
                      ;*new {reexecute=0 rethrow=0 return_oop=1}
                      ; - java.util.jar.JarVerifier::<init>@92
                      ; - java.util.jar.JarFile::getManifestFromReference@78
                      ; - java.util.jar.JarFile::getManifest@1
                      ; - jdk.internal.loader.URLClassPath$JarLoader$2::getManifest@22
                      ; - java.net.URLClassLoader::defineClass@34
                      ; - java.net.URLClassLoader$1::run@43
                      ; - java.net.URLClassLoader$1::run@1
                      ; - java.security.AccessController::executePrivileged@29
                      ; - java.security.AccessController::doPrivileged@13
                      ; - java.net.URLClassLoader::findClass@13
  0x000001d1d215aa94: 685e 8bff 

  0x000001d1d215aa98: ;   {other}
  0x000001d1d215aa98: 0f1f 8400 | 0865 0056 | 4c8b d0e9 | 6bd8 ffff 

  0x000001d1d215aaa8: ;   {metadata('java/io/ByteArrayInputStream')}
  0x000001d1d215aaa8: 48ba a023 | 05df d101 | 0000 488b | ac24 b000 | 0000 6690 

  0x000001d1d215aabc: ;   {runtime_call _new_instance_Java}
  0x000001d1d215aabc: c5f8 77e8 

  0x000001d1d215aac0: ; ImmutableOopMap {rbp=Oop [32]=NarrowOop [40]=Oop [48]=Oop [56]=Oop [76]=NarrowOop [104]=Oop [112]=Oop [120]=Oop [128]=Oop [136]=NarrowOop [144]=Oop [176]=Oop [184]=Oop [216]=Oop }
                      ;*new {reexecute=0 rethrow=0 return_oop=1}
                      ; - java.util.jar.JarFile::getManifestFromReference@109
                      ; - java.util.jar.JarFile::getManifest@1
                      ; - jdk.internal.loader.URLClassPath$JarLoader$2::getManifest@22
                      ; - java.net.URLClassLoader::defineClass@34
                      ; - java.net.URLClassLoader$1::run@43
                      ; - java.net.URLClassLoader$1::run@1
                      ; - java.security.AccessController::executePrivileged@29
                      ; - java.security.AccessController::doPrivileged@13
                      ; - java.net.URLClassLoader::findClass@13
  0x000001d1d215aac0: 3c5e 8bff 

  0x000001d1d215aac4: ;   {other}
  0x000001d1d215aac4: 0f1f 8400 | 3465 0057 | e945 daff 

  0x000001d1d215aad0: ;   {metadata('java/util/jar/Manifest')}
  0x000001d1d215aad0: ff48 baa0 | e104 dfd1 | 0100 0048 | 8bac 24b0 | 0000 004c | 8b94 24b8 | 0000 004c | 8954 2440 
  0x000001d1d215aaf0: ;   {runtime_call _new_instance_Java}
  0x000001d1d215aaf0: c5f8 77e8 

  0x000001d1d215aaf4: ; ImmutableOopMap {rbp=Oop [32]=NarrowOop [40]=Oop [48]=Oop [64]=Oop [112]=Oop [120]=Oop [128]=Oop [136]=NarrowOop [144]=Oop [176]=Oop [184]=Oop [216]=Oop }
                      ;*new {reexecute=0 rethrow=0 return_oop=1}
                      ; - java.util.jar.JarFile::getManifestFromReference@101
                      ; - java.util.jar.JarFile::getManifest@1
                      ; - jdk.internal.loader.URLClassPath$JarLoader$2::getManifest@22
                      ; - java.net.URLClassLoader::defineClass@34
                      ; - java.net.URLClassLoader$1::run@43
                      ; - java.net.URLClassLoader$1::run@1
                      ; - java.security.AccessController::executePrivileged@29
                      ; - java.security.AccessController::doPrivileged@13
                      ; - java.net.URLClassLoader::findClass@13
  0x000001d1d215aaf4: 085e 8bff 

  0x000001d1d215aaf8: ;   {other}
  0x000001d1d215aaf8: 0f1f 8400 | 6865 0058 | e9ad d9ff 

  0x000001d1d215ab04: ;   {metadata('java/util/HashMap')}
  0x000001d1d215ab04: ff48 ba68 | a908 dfd1 | 0100 0048 | 8bac 24b0 | 0000 0090 

  0x000001d1d215ab18: ;   {runtime_call _new_instance_Java}
  0x000001d1d215ab18: c5f8 77e8 

  0x000001d1d215ab1c: ; ImmutableOopMap {rbp=Oop [32]=NarrowOop [40]=Oop [48]=Oop [112]=Oop [120]=Oop [128]=Oop [136]=NarrowOop [140]=NarrowOop [144]=Oop [152]=Oop [176]=Oop [184]=Oop [216]=Oop }
                      ;*new {reexecute=0 rethrow=0 return_oop=1}
                      ; - java.util.jar.JarVerifier::<init>@103
                      ; - java.util.jar.JarFile::getManifestFromReference@78
                      ; - java.util.jar.JarFile::getManifest@1
                      ; - jdk.internal.loader.URLClassPath$JarLoader$2::getManifest@22
                      ; - java.net.URLClassLoader::defineClass@34
                      ; - java.net.URLClassLoader$1::run@43
                      ; - java.net.URLClassLoader$1::run@1
                      ; - java.security.AccessController::executePrivileged@29
                      ; - java.security.AccessController::doPrivileged@13
                      ; - java.net.URLClassLoader::findClass@13
  0x000001d1d215ab1c: e05d 8bff 

  0x000001d1d215ab20: ;   {other}
  0x000001d1d215ab20: 0f1f 8400 | 9065 0059 | 4c8b d0e9 | 8bd8 ffff 

  0x000001d1d215ab30: ;   {metadata('java/io/ByteArrayOutputStream')}
  0x000001d1d215ab30: 48ba 18ff | 21df d101 | 0000 488b | ac24 b000 | 0000 6690 

  0x000001d1d215ab44: ;   {runtime_call _new_instance_Java}
  0x000001d1d215ab44: c5f8 77e8 

  0x000001d1d215ab48: ; ImmutableOopMap {rbp=Oop [32]=NarrowOop [40]=Oop [48]=Oop [112]=Oop [120]=Oop [128]=Oop [136]=NarrowOop [140]=NarrowOop [144]=Oop [152]=Oop [176]=Oop [184]=Oop [216]=Oop }
                      ;*new {reexecute=0 rethrow=0 return_oop=1}
                      ; - java.util.jar.JarVerifier::<init>@81
                      ; - java.util.jar.JarFile::getManifestFromReference@78
                      ; - java.util.jar.JarFile::getManifest@1
                      ; - jdk.internal.loader.URLClassPath$JarLoader$2::getManifest@22
                      ; - java.net.URLClassLoader::defineClass@34
                      ; - java.net.URLClassLoader$1::run@43
                      ; - java.net.URLClassLoader$1::run@1
                      ; - java.security.AccessController::executePrivileged@29
                      ; - java.security.AccessController::doPrivileged@13
                      ; - java.net.URLClassLoader::findClass@13
  0x000001d1d215ab48: b45d 8bff 

  0x000001d1d215ab4c: ;   {other}
  0x000001d1d215ab4c: 0f1f 8400 | bc65 005a | 4c8b d0e9 | 77d6 ffff 

  0x000001d1d215ab5c: ;   {metadata('java/util/Hashtable$Entry'[])}
  0x000001d1d215ab5c: 48ba a87f | 13df d101 | 0000 41b8 | 0b00 0000 

  0x000001d1d215ab6c: ;   {runtime_call _new_array_Java}
  0x000001d1d215ab6c: c5f8 77e8 

  0x000001d1d215ab70: ; ImmutableOopMap {rbp=Oop [32]=NarrowOop [40]=Oop [48]=Oop [56]=Oop [112]=Oop [120]=Oop [128]=Oop [136]=NarrowOop [144]=Oop [152]=Oop [176]=Oop [184]=Oop [216]=Oop }
                      ;*anewarray {reexecute=0 rethrow=0 return_oop=1}
                      ; - java.util.Hashtable::<init>@93
                      ; - java.util.Hashtable::<init>@4
                      ; - java.util.jar.JarVerifier::<init>@63
                      ; - java.util.jar.JarFile::getManifestFromReference@78
                      ; - java.util.jar.JarFile::getManifest@1
                      ; - jdk.internal.loader.URLClassPath$JarLoader$2::getManifest@22
                      ; - java.net.URLClassLoader::defineClass@34
                      ; - java.net.URLClassLoader$1::run@43
                      ; - java.net.URLClassLoader$1::run@1
                      ; - java.security.AccessController::executePrivileged@29
                      ; - java.security.AccessController::doPrivileged@13
                      ; - java.net.URLClassLoader::findClass@13
  0x000001d1d215ab70: 8c5a 8bff 

  0x000001d1d215ab74: ;   {other}
  0x000001d1d215ab74: 0f1f 8400 | e465 005b | 4c8b d090 | e9af d4ff | ff41 b820 

  0x000001d1d215ab88: ;   {metadata({type array byte})}
  0x000001d1d215ab88: 0000 0048 | ba18 2300 | dfd1 0100 | 004c 8b94 | 24b0 0000 | 004c 8954 | 2438 6690 

  0x000001d1d215aba4: ;   {runtime_call _new_array_Java}
  0x000001d1d215aba4: c5f8 77e8 

  0x000001d1d215aba8: ; ImmutableOopMap {rbp=Oop [32]=NarrowOop [40]=Oop [48]=Oop [56]=Oop [112]=Oop [120]=Oop [128]=Oop [136]=NarrowOop [140]=NarrowOop [144]=Oop [152]=Oop [176]=Oop [184]=Oop [216]=Oop }
                      ;*newarray {reexecute=0 rethrow=0 return_oop=1}
                      ; - java.io.ByteArrayOutputStream::<init>@37
                      ; - java.io.ByteArrayOutputStream::<init>@3
                      ; - java.util.jar.JarVerifier::<init>@85
                      ; - java.util.jar.JarFile::getManifestFromReference@78
                      ; - java.util.jar.JarFile::getManifest@1
                      ; - jdk.internal.loader.URLClassPath$JarLoader$2::getManifest@22
                      ; - java.net.URLClassLoader::defineClass@34
                      ; - java.net.URLClassLoader$1::run@43
                      ; - java.net.URLClassLoader$1::run@1
                      ; - java.security.AccessController::executePrivileged@29
                      ; - java.security.AccessController::doPrivileged@13
                      ; - java.net.URLClassLoader::findClass@13
  0x000001d1d215aba8: 545a 8bff 

  0x000001d1d215abac: ;   {other}
  0x000001d1d215abac: 0f1f 8400 | 1c66 005c | e984 d6ff 

  0x000001d1d215abb8: ;   {metadata('java/util/ArrayList')}
  0x000001d1d215abb8: ff48 bad0 | 890b dfd1 | 0100 0048 | 8b6c 2438 

  0x000001d1d215abc8: ;   {runtime_call _new_instance_Java}
  0x000001d1d215abc8: c5f8 77e8 

  0x000001d1d215abcc: ; ImmutableOopMap {rbp=Oop [32]=NarrowOop [40]=Oop [48]=Oop [112]=Oop [120]=Oop [128]=Oop [136]=NarrowOop [140]=NarrowOop [144]=Oop [152]=Oop [176]=Oop [184]=Oop [216]=Oop }
                      ;*new {reexecute=0 rethrow=0 return_oop=1}
                      ; - java.util.jar.JarVerifier::<init>@70
                      ; - java.util.jar.JarFile::getManifestFromReference@78
                      ; - java.util.jar.JarFile::getManifest@1
                      ; - jdk.internal.loader.URLClassPath$JarLoader$2::getManifest@22
                      ; - java.net.URLClassLoader::defineClass@34
                      ; - java.net.URLClassLoader$1::run@43
                      ; - java.net.URLClassLoader$1::run@1
                      ; - java.security.AccessController::executePrivileged@29
                      ; - java.security.AccessController::doPrivileged@13
                      ; - java.net.URLClassLoader::findClass@13
  0x000001d1d215abcc: 305d 8bff 

  0x000001d1d215abd0: ;   {other}
  0x000001d1d215abd0: 0f1f 8400 | 4066 005d | 4c8b d00f | 1f44 0000 | e94e d5ff 

  0x000001d1d215abe4: ;   {metadata('java/util/jar/Attributes')}
  0x000001d1d215abe4: ff48 ba40 | 8816 dfd1 | 0100 0048 | 8bac 24b0 | 0000 0090 

  0x000001d1d215abf8: ;   {runtime_call _new_instance_Java}
  0x000001d1d215abf8: c5f8 77e8 

  0x000001d1d215abfc: ; ImmutableOopMap {rbp=Oop [32]=NarrowOop [40]=Oop [48]=Oop [56]=Oop [76]=NarrowOop [104]=Oop [112]=Oop [120]=Oop [136]=NarrowOop [144]=Oop [152]=Oop [176]=Oop [184]=Oop [216]=Oop }
                      ;*new {reexecute=0 rethrow=0 return_oop=1}
                      ; - java.util.jar.Manifest::<init>@5
                      ; - java.util.jar.JarFile::getManifestFromReference@121
                      ; - java.util.jar.JarFile::getManifest@1
                      ; - jdk.internal.loader.URLClassPath$JarLoader$2::getManifest@22
                      ; - java.net.URLClassLoader::defineClass@34
                      ; - java.net.URLClassLoader$1::run@43
                      ; - java.net.URLClassLoader$1::run@1
                      ; - java.security.AccessController::executePrivileged@29
                      ; - java.security.AccessController::doPrivileged@13
                      ; - java.net.URLClassLoader::findClass@13
  0x000001d1d215abfc: 005d 8bff 

  0x000001d1d215ac00: ;   {other}
  0x000001d1d215ac00: 0f1f 8400 | 7066 005e | 488b e8e9 | 80d9 ffff 

  0x000001d1d215ac10: ;   {metadata('java/util/HashMap')}
  0x000001d1d215ac10: 48ba 68a9 | 08df d101 | 0000 488b | ac24 b000 | 0000 6690 

  0x000001d1d215ac24: ;   {runtime_call _new_instance_Java}
  0x000001d1d215ac24: c5f8 77e8 

  0x000001d1d215ac28: ; ImmutableOopMap {rbp=Oop [32]=NarrowOop [40]=Oop [48]=Oop [56]=Oop [64]=Oop [76]=NarrowOop [104]=Oop [112]=Oop [120]=Oop [136]=NarrowOop [144]=Oop [152]=Oop [176]=Oop [184]=Oop [216]=Oop }
                      ;*new {reexecute=0 rethrow=0 return_oop=1}
                      ; - java.util.jar.Manifest::<init>@16
                      ; - java.util.jar.JarFile::getManifestFromReference@121
                      ; - java.util.jar.JarFile::getManifest@1
                      ; - jdk.internal.loader.URLClassPath$JarLoader$2::getManifest@22
                      ; - java.net.URLClassLoader::defineClass@34
                      ; - java.net.URLClassLoader$1::run@43
                      ; - java.net.URLClassLoader$1::run@1
                      ; - java.security.AccessController::executePrivileged@29
                      ; - java.security.AccessController::doPrivileged@13
                      ; - java.net.URLClassLoader::findClass@13
  0x000001d1d215ac28: d45c 8bff 

  0x000001d1d215ac2c: ;   {other}
  0x000001d1d215ac2c: 0f1f 8400 | 9c66 005f | 4c8b d0e9 | 62da ffff 

  0x000001d1d215ac3c: ;   {metadata('java/util/jar/Manifest')}
  0x000001d1d215ac3c: 48ba a0e1 | 04df d101 | 0000 6690 

  0x000001d1d215ac48: ;   {runtime_call _new_instance_Java}
  0x000001d1d215ac48: c5f8 77e8 

  0x000001d1d215ac4c: ; ImmutableOopMap {rbp=Oop [32]=Oop [40]=Oop [48]=Oop [64]=Oop [112]=Oop [120]=Oop [136]=NarrowOop [144]=Oop [176]=Oop [184]=Oop [216]=Oop }
                      ;*new {reexecute=0 rethrow=0 return_oop=1}
                      ; - java.util.jar.JarFile::getManifestFromReference@134
                      ; - java.util.jar.JarFile::getManifest@1
                      ; - jdk.internal.loader.URLClassPath$JarLoader$2::getManifest@22
                      ; - java.net.URLClassLoader::defineClass@34
                      ; - java.net.URLClassLoader$1::run@43
                      ; - java.net.URLClassLoader$1::run@1
                      ; - java.security.AccessController::executePrivileged@29
                      ; - java.security.AccessController::doPrivileged@13
                      ; - java.net.URLClassLoader::findClass@13
  0x000001d1d215ac4c: b05c 8bff 

  0x000001d1d215ac50: ;   {other}
  0x000001d1d215ac50: 0f1f 8400 | c066 0060 | e9e4 cbff 

  0x000001d1d215ac5c: ;   {metadata('java/util/jar/Attributes')}
  0x000001d1d215ac5c: ff48 ba40 | 8816 dfd1 | 0100 0048 | 8bac 24b0 | 0000 004c | 8b94 24b8 | 0000 004c | 8954 2460 
  0x000001d1d215ac7c: ;   {runtime_call _new_instance_Java}
  0x000001d1d215ac7c: c5f8 77e8 

  0x000001d1d215ac80: ; ImmutableOopMap {rbp=Oop [32]=Oop [40]=Oop [48]=Oop [56]=Oop [64]=NarrowOop [96]=Oop [112]=Oop [120]=Oop [136]=NarrowOop [144]=Oop [176]=Oop [184]=Oop [216]=Oop }
                      ;*new {reexecute=0 rethrow=0 return_oop=1}
                      ; - java.util.jar.Manifest::<init>@5
                      ; - java.util.jar.Manifest::<init>@4
                      ; - java.util.jar.JarFile::getManifestFromReference@143
                      ; - java.util.jar.JarFile::getManifest@1
                      ; - jdk.internal.loader.URLClassPath$JarLoader$2::getManifest@22
                      ; - java.net.URLClassLoader::defineClass@34
                      ; - java.net.URLClassLoader$1::run@43
                      ; - java.net.URLClassLoader$1::run@1
                      ; - java.security.AccessController::executePrivileged@29
                      ; - java.security.AccessController::doPrivileged@13
                      ; - java.net.URLClassLoader::findClass@13
  0x000001d1d215ac80: 7c5c 8bff 

  0x000001d1d215ac84: ;   {other}
  0x000001d1d215ac84: 0f1f 8400 | f466 0061 | 488b e8e9 | 03cc ffff 

  0x000001d1d215ac94: ;   {metadata('java/util/HashMap')}
  0x000001d1d215ac94: 48ba 68a9 | 08df d101 | 0000 488b | ac24 b000 | 0000 6690 

  0x000001d1d215aca8: ;   {runtime_call _new_instance_Java}
  0x000001d1d215aca8: c5f8 77e8 

  0x000001d1d215acac: ; ImmutableOopMap {rbp=Oop [32]=Oop [40]=Oop [48]=Oop [56]=Oop [64]=NarrowOop [72]=Oop [112]=Oop [120]=Oop [136]=NarrowOop [144]=Oop [176]=Oop [184]=Oop [216]=Oop }
                      ;*new {reexecute=0 rethrow=0 return_oop=1}
                      ; - java.util.jar.Manifest::<init>@16
                      ; - java.util.jar.Manifest::<init>@4
                      ; - java.util.jar.JarFile::getManifestFromReference@143
                      ; - java.util.jar.JarFile::getManifest@1
                      ; - jdk.internal.loader.URLClassPath$JarLoader$2::getManifest@22
                      ; - java.net.URLClassLoader::defineClass@34
                      ; - java.net.URLClassLoader$1::run@43
                      ; - java.net.URLClassLoader$1::run@1
                      ; - java.security.AccessController::executePrivileged@29
                      ; - java.security.AccessController::doPrivileged@13
                      ; - java.net.URLClassLoader::findClass@13
  0x000001d1d215acac: 505c 8bff 

  0x000001d1d215acb0: ;   {other}
  0x000001d1d215acb0: 0f1f 8400 | 2067 0062 | 4c8b c00f | 1f44 0000 | e9dc ccff | ffba f6ff | ffff 4889 | 5c24 204c 
  0x000001d1d215acd0: 896c 2428 | 4889 4424 | 3866 6690 

  0x000001d1d215acdc: ;   {runtime_call UncommonTrapBlob}
  0x000001d1d215acdc: c5f8 77e8 

  0x000001d1d215ace0: ; ImmutableOopMap {[32]=Oop [40]=Oop [56]=Oop [184]=Oop }
                      ;*invokevirtual getResource {reexecute=0 rethrow=0 return_oop=0}
                      ; - java.net.URLClassLoader$1::run@26
                      ; - java.net.URLClassLoader$1::run@1
                      ; - java.security.AccessController::executePrivileged@29
                      ; - java.security.AccessController::doPrivileged@13
                      ; - java.net.URLClassLoader::findClass@13
  0x000001d1d215ace0: 9c96 88ff 

  0x000001d1d215ace4: ;   {other}
  0x000001d1d215ace4: 0f1f 8400 | 5467 0063 | ba76 ffff | ff49 8bed | 4889 5c24 | 2044 8944 | 2430 8944 | 2438 6690 
  0x000001d1d215ad04: ;   {runtime_call UncommonTrapBlob}
  0x000001d1d215ad04: c5f8 77e8 

  0x000001d1d215ad08: ; ImmutableOopMap {rbp=Oop [32]=Oop [48]=NarrowOop [184]=Oop }
                      ;*if_icmpge {reexecute=1 rethrow=0 return_oop=0}
                      ; - (reexecute) java.lang.StringLatin1::replace@19
                      ; - java.lang.String::replace@18
                      ; - java.net.URLClassLoader$1::run@8
                      ; - java.net.URLClassLoader$1::run@1
                      ; - java.security.AccessController::executePrivileged@29
                      ; - java.security.AccessController::doPrivileged@13
                      ; - java.net.URLClassLoader::findClass@13
  0x000001d1d215ad08: 7496 88ff 

  0x000001d1d215ad0c: ;   {other}
  0x000001d1d215ad0c: 0f1f 8400 | 7c67 0064 | 4863 d5e9 | 60b8 ffff | bacc ffff | ff48 895c | 2420 4c89 | 6c24 284c 
  0x000001d1d215ad2c: 895c 2438 | 4889 7424 | 4848 897c | 2450 4489 | 4424 5890 

  0x000001d1d215ad40: ;   {runtime_call UncommonTrapBlob}
  0x000001d1d215ad40: c5f8 77e8 

  0x000001d1d215ad44: ; ImmutableOopMap {[32]=Oop [40]=Oop [56]=Oop [80]=Oop [184]=Oop }
                      ;*invokestatic arraycopy {reexecute=0 rethrow=0 return_oop=0}
                      ; - java.lang.String::getBytes@22
                      ; - java.lang.StringConcatHelper::prepend@21
                      ; - java.lang.StringConcatHelper::simpleConcat@71
                      ; - java.lang.String::concat@11
                      ; - java.net.URLClassLoader$1::run@13
                      ; - java.net.URLClassLoader$1::run@1
                      ; - java.security.AccessController::executePrivileged@29
                      ; - java.security.AccessController::doPrivileged@13
                      ; - java.net.URLClassLoader::findClass@13
  0x000001d1d215ad44: 3896 88ff 

  0x000001d1d215ad48: ;   {other}
  0x000001d1d215ad48: 0f1f 8400 | b867 0065 | bacc ffff | ff48 895c | 2420 4c89 | 5424 284c | 896c 2430 | 4889 7c24 
  0x000001d1d215ad68: 4889 4c24 | 5066 6690 

  0x000001d1d215ad70: ;   {runtime_call UncommonTrapBlob}
  0x000001d1d215ad70: c5f8 77e8 

  0x000001d1d215ad74: ; ImmutableOopMap {[32]=Oop [40]=Oop [48]=Oop [72]=Oop [184]=Oop }
                      ;*invokestatic arraycopy {reexecute=0 rethrow=0 return_oop=0}
                      ; - java.lang.String::getBytes@22
                      ; - java.lang.StringConcatHelper::prepend@21
                      ; - java.lang.StringConcatHelper::simpleConcat@81
                      ; - java.lang.String::concat@11
                      ; - java.net.URLClassLoader$1::run@13
                      ; - java.net.URLClassLoader$1::run@1
                      ; - java.security.AccessController::executePrivileged@29
                      ; - java.security.AccessController::doPrivileged@13
                      ; - java.net.URLClassLoader::findClass@13
  0x000001d1d215ad74: 0896 88ff 

  0x000001d1d215ad78: ;   {other}
  0x000001d1d215ad78: 0f1f 8400 | e867 0066 | ba76 ffff | ff48 895c | 2428 4c89 | 6c24 3044 | 8944 2438 | 4c89 5424 
  0x000001d1d215ad98: 4089 4424 | 4c4c 896c | 2450 6690 

  0x000001d1d215ada4: ;   {runtime_call UncommonTrapBlob}
  0x000001d1d215ada4: c5f8 77e8 

  0x000001d1d215ada8: ; ImmutableOopMap {[40]=Oop [48]=Oop [56]=NarrowOop [64]=Oop [80]=Oop [184]=Oop }
                      ;*if_icmpge {reexecute=1 rethrow=0 return_oop=0}
                      ; - (reexecute) java.lang.StringLatin1::replace@82
                      ; - java.lang.String::replace@18
                      ; - java.net.URLClassLoader$1::run@8
                      ; - java.net.URLClassLoader$1::run@1
                      ; - java.security.AccessController::executePrivileged@29
                      ; - java.security.AccessController::doPrivileged@13
                      ; - java.net.URLClassLoader::findClass@13
  0x000001d1d215ada8: d495 88ff 

  0x000001d1d215adac: ;   {other}
  0x000001d1d215adac: 0f1f 8400 | 1c68 0067 | ba45 ffff | ff4c 8b94 | 24b0 0000 | 004c 8954 | 2420 4c8b | 5424 304c 
  0x000001d1d215adcc: 8954 2428 | 4c8b 9424 | b800 0000 | 4c89 5424 | 3866 6690 

  0x000001d1d215ade0: ;   {runtime_call UncommonTrapBlob}
  0x000001d1d215ade0: c5f8 77e8 

  0x000001d1d215ade4: ; ImmutableOopMap {rbp=NarrowOop [32]=Oop [40]=Oop [56]=Oop [120]=Oop [136]=NarrowOop }
                      ;*ifeq {reexecute=1 rethrow=0 return_oop=0}
                      ; - (reexecute) jdk.internal.loader.Resource::getByteBuffer@9
                      ; - java.net.URLClassLoader::defineClass@132
                      ; - java.net.URLClassLoader$1::run@43
                      ; - java.net.URLClassLoader$1::run@1
                      ; - java.security.AccessController::executePrivileged@29
                      ; - java.security.AccessController::doPrivileged@13
                      ; - java.net.URLClassLoader::findClass@13
  0x000001d1d215ade4: 9895 88ff 

  0x000001d1d215ade8: ;   {other}
  0x000001d1d215ade8: 0f1f 8400 | 5868 0068 | baf6 ffff | ff48 8bac | 24b0 0000 | 004c 8b54 | 2430 4c89 | 5424 204c 
  0x000001d1d215ae08: 8b94 24b8 | 0000 004c | 8954 2430 | 4c8b 5424 | 784c 8954 | 2440 4c8b | 5424 504c | 8954 2448 
  0x000001d1d215ae28: 4c89 7424 | 6066 6690 

  0x000001d1d215ae30: ;   {runtime_call UncommonTrapBlob}
  0x000001d1d215ae30: c5f8 77e8 

  0x000001d1d215ae34: ; ImmutableOopMap {rbp=Oop [32]=Oop [48]=Oop [64]=Oop [96]=Oop [136]=NarrowOop [216]=Oop }
                      ;*invokevirtual get {reexecute=0 rethrow=0 return_oop=0}
                      ; - java.lang.ClassLoader::getDefinedPackage@13
                      ; - java.net.URLClassLoader::getAndVerifyPackage@2
                      ; - java.net.URLClassLoader::defineClass@46
                      ; - java.net.URLClassLoader$1::run@43
                      ; - java.net.URLClassLoader$1::run@1
                      ; - java.security.AccessController::executePrivileged@29
                      ; - java.security.AccessController::doPrivileged@13
                      ; - java.net.URLClassLoader::findClass@13
  0x000001d1d215ae34: 4895 88ff 

  0x000001d1d215ae38: ;   {other}
  0x000001d1d215ae38: 0f1f 8400 | a868 0069 | ba76 ffff | ff48 8bac | 24b0 0000 | 004c 8b54 | 2430 4c89 | 5424 204c 
  0x000001d1d215ae58: 8b54 2478 | 4c89 5424 | 284c 8b94 | 24b8 0000 | 004c 8954 | 2430 4889 | 4424 4889 | 4c24 5044 
  0x000001d1d215ae78: 894c 2458 

  0x000001d1d215ae7c: ;   {runtime_call UncommonTrapBlob}
  0x000001d1d215ae7c: c5f8 77e8 

  0x000001d1d215ae80: ; ImmutableOopMap {rbp=Oop [32]=Oop [40]=Oop [48]=Oop [80]=NarrowOop }
                      ;*iflt {reexecute=1 rethrow=0 return_oop=0}
                      ; - (reexecute) java.lang.StringLatin1::lastIndexOf@19
                      ; - java.lang.String::lastIndexOf@13
                      ; - java.lang.String::lastIndexOf@8
                      ; - java.net.URLClassLoader::defineClass@7
                      ; - java.net.URLClassLoader$1::run@43
                      ; - java.net.URLClassLoader$1::run@1
                      ; - java.security.AccessController::executePrivileged@29
                      ; - java.security.AccessController::doPrivileged@13
                      ; - java.net.URLClassLoader::findClass@13
  0x000001d1d215ae80: fc94 88ff 

  0x000001d1d215ae84: ;   {other}
  0x000001d1d215ae84: 0f1f 8400 | f468 006a | baf6 ffff | ff48 8bac | 24b0 0000 | 004c 8b5c | 2430 4c89 | 5c24 204c 
  0x000001d1d215aea4: 8b9c 24b8 | 0000 004c | 895c 2430 | 4c8b 5c24 | 504c 895c | 2440 4c89 | 5424 6890 

  0x000001d1d215aec0: ;   {runtime_call UncommonTrapBlob}
  0x000001d1d215aec0: c5f8 77e8 

  0x000001d1d215aec4: ; ImmutableOopMap {rbp=Oop [32]=Oop [48]=Oop [104]=Oop [120]=Oop [136]=NarrowOop [216]=Oop }
                      ;*invokevirtual ensureInitialization {reexecute=0 rethrow=0 return_oop=0}
                      ; - java.util.jar.JavaUtilJarAccessImpl::ensureInitialization@1
                      ; - jdk.internal.loader.URLClassPath$JarLoader$2::getManifest@10
                      ; - java.net.URLClassLoader::defineClass@34
                      ; - java.net.URLClassLoader$1::run@43
                      ; - java.net.URLClassLoader$1::run@1
                      ; - java.security.AccessController::executePrivileged@29
                      ; - java.security.AccessController::doPrivileged@13
                      ; - java.net.URLClassLoader::findClass@13
  0x000001d1d215aec4: b894 88ff 

  0x000001d1d215aec8: ;   {other}
  0x000001d1d215aec8: 0f1f 8400 | 3869 006b | 4c89 5c24 | 4848 ff74 | 2428 488f | 4424 4044 | 8b9c 2488 | 0000 0044 
  0x000001d1d215aee8: 895c 2438 | 4c8b 9424 | b000 0000 | 4c89 5424 | 2048 8bac | 24b8 0000 | 0048 8b54 | 2478 4c8d 
  0x000001d1d215af08: 8424 0001 | 0000 6690 

  0x000001d1d215af10: ;   {runtime_call _complete_monitor_locking_Java}
  0x000001d1d215af10: c5f8 77e8 

  0x000001d1d215af14: ; ImmutableOopMap {rbp=Oop [32]=Oop [48]=Oop [56]=NarrowOop [64]=Oop [120]=Oop [176]=Oop [184]=Oop }
                      ;*synchronization entry
                      ; - jdk.internal.loader.Resource::cachedInputStream@-1
                      ; - jdk.internal.loader.Resource::getByteBuffer@1
                      ; - java.net.URLClassLoader::defineClass@132
                      ; - java.net.URLClassLoader$1::run@43
                      ; - java.net.URLClassLoader$1::run@1
                      ; - java.security.AccessController::executePrivileged@29
                      ; - java.security.AccessController::doPrivileged@13
                      ; - java.net.URLClassLoader::findClass@13
  0x000001d1d215af14: 6869 8bff 

  0x000001d1d215af18: ;   {other}
  0x000001d1d215af18: 0f1f 8400 | 8869 006c | 448b 5424 | 3844 8994 | 2488 0000 | 004c 8b5c | 2448 48ff | 7424 4048 
  0x000001d1d215af38: 8f44 2428 | 0f1f 4000 | e944 a7ff | ff48 8b4c | 2478 488d | 9424 0001 | 0000 4d8b | c7c5 f877 
  0x000001d1d215af58: 49ba 80d3 | 24a2 f87f | 0000 41ff 

  0x000001d1d215af64: ;   {other}
  0x000001d1d215af64: d20f 1f84 | 0000 0000 | 00e9 8da8 | ffff ba6e | ffff ff48 | 8bac 24b0 | 0000 004c | 8b54 2430 
  0x000001d1d215af84: 4c89 5424 | 204c 8b54 | 2478 4c89 | 5424 284c | 8b94 24b8 | 0000 004c | 8954 2430 | 4889 4424 
  0x000001d1d215afa4: 4889 4c24 | 5044 894c | 2458 6690 

  0x000001d1d215afb0: ;   {runtime_call UncommonTrapBlob}
  0x000001d1d215afb0: c5f8 77e8 

  0x000001d1d215afb4: ; ImmutableOopMap {rbp=Oop [32]=Oop [40]=Oop [48]=Oop [80]=NarrowOop }
                      ;*iflt {reexecute=1 rethrow=0 return_oop=0}
                      ; - (reexecute) java.lang.StringLatin1::lastIndexOf@19
                      ; - java.lang.String::lastIndexOf@13
                      ; - java.lang.String::lastIndexOf@8
                      ; - java.net.URLClassLoader::defineClass@7
                      ; - java.net.URLClassLoader$1::run@43
                      ; - java.net.URLClassLoader$1::run@1
                      ; - java.security.AccessController::executePrivileged@29
                      ; - java.security.AccessController::doPrivileged@13
                      ; - java.net.URLClassLoader::findClass@13
  0x000001d1d215afb4: c893 88ff 

  0x000001d1d215afb8: ;   {other}
  0x000001d1d215afb8: 0f1f 8400 | 286a 006d | bade ffff | ff48 8bac | 24b0 0000 | 004c 8b5c | 2430 4c89 | 5c24 204c 
  0x000001d1d215afd8: 8b5c 2478 | 4c89 5c24 | 284c 8b9c | 24b8 0000 | 004c 895c | 2430 4c8b | 5c24 504c | 895c 2440 
  0x000001d1d215aff8: 4c89 5424 | 7044 8944 | 244c 4489 | 4c24 7890 

  0x000001d1d215b008: ;   {runtime_call UncommonTrapBlob}
  0x000001d1d215b008: c5f8 77e8 

  0x000001d1d215b00c: ; ImmutableOopMap {rbp=Oop [32]=Oop [40]=Oop [48]=Oop [76]=NarrowOop [112]=Oop [120]=NarrowOop [136]=NarrowOop [216]=Oop }
                      ;*invokeinterface ensureInitialization {reexecute=0 rethrow=0 return_oop=0}
                      ; - jdk.internal.loader.URLClassPath$JarLoader$2::getManifest@10
                      ; - java.net.URLClassLoader::defineClass@34
                      ; - java.net.URLClassLoader$1::run@43
                      ; - java.net.URLClassLoader$1::run@1
                      ; - java.security.AccessController::executePrivileged@29
                      ; - java.security.AccessController::doPrivileged@13
                      ; - java.net.URLClassLoader::findClass@13
  0x000001d1d215b00c: 7093 88ff 

  0x000001d1d215b010: ;   {other}
  0x000001d1d215b010: 0f1f 8400 | 806a 006e | 4c89 5c24 | 6044 894c | 2448 4c89 | 5424 4048 | ff74 2428 | 488f 4424 
  0x000001d1d215b030: 3844 8b94 | 2488 0000 | 0044 8954 | 2428 4c8b | 5424 784c | 8954 2420 | 488b ac24 | b000 0000 
  0x000001d1d215b050: 498b d34c | 8d84 2400 | 0100 004c | 8b94 24b8 | 0000 004c | 8954 2468 

  0x000001d1d215b068: ;   {runtime_call _complete_monitor_locking_Java}
  0x000001d1d215b068: c5f8 77e8 

  0x000001d1d215b06c: ; ImmutableOopMap {rbp=Oop [32]=Oop [40]=NarrowOop [48]=Oop [56]=Oop [64]=Oop [72]=NarrowOop [96]=Oop [104]=Oop [176]=Oop [184]=Oop [216]=Oop }
                      ;*synchronization entry
                      ; - java.util.jar.JarFile::ensureInitialization@-1
                      ; - java.util.jar.JavaUtilJarAccessImpl::ensureInitialization@1
                      ; - jdk.internal.loader.URLClassPath$JarLoader$2::getManifest@10
                      ; - java.net.URLClassLoader::defineClass@34
                      ; - java.net.URLClassLoader$1::run@43
                      ; - java.net.URLClassLoader$1::run@1
                      ; - java.security.AccessController::executePrivileged@29
                      ; - java.security.AccessController::doPrivileged@13
                      ; - java.net.URLClassLoader::findClass@13
  0x000001d1d215b06c: 1068 8bff 

  0x000001d1d215b070: ;   {other}
  0x000001d1d215b070: 0f1f 8400 | e06a 006f | 4c8b 5424 | 204c 8954 | 2478 448b | 5c24 2844 | 899c 2488 | 0000 004c 
  0x000001d1d215b090: 8b54 2440 | 448b 4c24 | 484c 8b5c | 2460 48ff | 7424 3848 | 8f44 2428 | e96a a3ff | ff4d 8bea 
  0x000001d1d215b0b0: 498b cb48 | 8d94 2400 | 0100 004d | 8bc7 c5f8 | 7749 ba80 | d324 a2f8 | 7f00 0041 

  0x000001d1d215b0cc: ;   {other}
  0x000001d1d215b0cc: ffd2 0f1f | 8400 0000 | 0000 4d8b | d5e9 f2a3 | ffff bade | ffff ff4c | 8b9c 24b0 | 0000 004c 
  0x000001d1d215b0ec: 895c 2420 | 4c8b 5c24 | 304c 895c | 2428 4c8b | 9c24 b800 | 0000 4c89 | 5c24 384c | 8b5c 2450 
  0x000001d1d215b10c: 4c89 5c24 | 484c 8954 | 2470 6690 

  0x000001d1d215b118: ;   {runtime_call UncommonTrapBlob}
  0x000001d1d215b118: c5f8 77e8 

  0x000001d1d215b11c: ; ImmutableOopMap {rbp=NarrowOop [32]=Oop [40]=Oop [56]=Oop [112]=Oop [120]=Oop [136]=NarrowOop [216]=Oop }
                      ;*invokevirtual getManifest {reexecute=0 rethrow=0 return_oop=0}
                      ; - jdk.internal.loader.URLClassPath$JarLoader$2::getManifest@22
                      ; - java.net.URLClassLoader::defineClass@34
                      ; - java.net.URLClassLoader$1::run@43
                      ; - java.net.URLClassLoader$1::run@1
                      ; - java.security.AccessController::executePrivileged@29
                      ; - java.security.AccessController::doPrivileged@13
                      ; - java.net.URLClassLoader::findClass@13
  0x000001d1d215b11c: 6092 88ff 

  0x000001d1d215b120: ;   {other}
  0x000001d1d215b120: 0f1f 8400 | 906b 0070 | 33ed 4585 | d240 0f94 | c5ba 45ff | ffff 4889 | 5c24 284c | 896c 2430 
  0x000001d1d215b140: 4c89 6c24 | 3866 6690 

  0x000001d1d215b148: ;   {runtime_call UncommonTrapBlob}
  0x000001d1d215b148: c5f8 77e8 

  0x000001d1d215b14c: ; ImmutableOopMap {[40]=Oop [48]=Oop [56]=Oop [184]=Oop }
                      ;*ifeq {reexecute=1 rethrow=0 return_oop=0}
                      ; - (reexecute) java.lang.String::replace@9
                      ; - java.net.URLClassLoader$1::run@8
                      ; - java.net.URLClassLoader$1::run@1
                      ; - java.security.AccessController::executePrivileged@29
                      ; - java.security.AccessController::doPrivileged@13
                      ; - java.net.URLClassLoader::findClass@13
  0x000001d1d215b14c: 3092 88ff 

  0x000001d1d215b150: ;   {other}
  0x000001d1d215b150: 0f1f 8400 | c06b 0071 | ba76 ffff | ff48 895c | 2428 4c89 | 6c24 3044 | 8944 2438 | 8944 243c 
  0x000001d1d215b170: 4c89 5424 | 404c 896c | 2450 6690 

  0x000001d1d215b17c: ;   {runtime_call UncommonTrapBlob}
  0x000001d1d215b17c: c5f8 77e8 

  0x000001d1d215b180: ; ImmutableOopMap {[40]=Oop [48]=Oop [56]=NarrowOop [64]=Oop [80]=Oop [184]=Oop }
                      ;*if_icmpge {reexecute=1 rethrow=0 return_oop=0}
                      ; - (reexecute) java.lang.StringLatin1::replace@61
                      ; - java.lang.String::replace@18
                      ; - java.net.URLClassLoader$1::run@8
                      ; - java.net.URLClassLoader$1::run@1
                      ; - java.security.AccessController::executePrivileged@29
                      ; - java.security.AccessController::doPrivileged@13
                      ; - java.net.URLClassLoader::findClass@13
  0x000001d1d215b180: fc91 88ff 

  0x000001d1d215b184: ;   {other}
  0x000001d1d215b184: 0f1f 8400 | f46b 0072 | b901 0000 | 00e9 d0b1 | ffff 498b | d1e9 2fde | ffff 488b | 5c24 7044 
  0x000001d1d215b1a4: 8b53 1045 | 85d2 0f84 | e3dd ffff | 4d8b 5f28 | 498b ca66 | 0f1f 8400 | 0000 0000 | 4d85 db0f 
  0x000001d1d215b1c4: 840b 1e00 | 004d 8b57 | 384b 894c | 1af8 4983 | c3f8 4d89 | 5f28 e9b4 | ddff ff48 | 8b5c 2440 
  0x000001d1d215b1e4: 448b 5b14 | 4585 db0f | 8413 deff | ff4d 8b57 | 2849 8bcb | 0f1f 8400 | 0000 0000 | 4d85 d20f 
  0x000001d1d215b204: 84f1 1d00 | 004d 8b5f | 384b 894c | 13f8 4983 | c2f8 4d89 | 5728 e9e5 | ddff ff4d | 8b57 584d 
  0x000001d1d215b224: 8b47 48f0 | 8344 24c0 | 0080 3900 | 0f84 36dc | ffff 4488 | 214d 85c0 | 7548 4889 | 5c24 484c 
  0x000001d1d215b244: 894c 2440 | 4489 7424 | 384c 895c | 2420 498b | d7c5 f877 | 49ba 40a3 | e3a1 f87f | 0000 41ff 
  0x000001d1d215b264: ;   {other}
  0x000001d1d215b264: d20f 1f84 | 0000 0000 | 004c 8b5c | 2420 448b | 7424 384c | 8b4c 2440 | 488b 5c24 | 48e9 e6db 
  0x000001d1d215b284: ffff 4b89 | 4c02 f849 | 83c0 f84d | 8947 48e9 | d4db ffff | 4d8b 5748 | 4d8b 5f58 | f083 4424 
  0x000001d1d215b2a4: c000 8039 | 0074 3244 | 8821 4d85 | d274 0f4b | 894c 13f8 | 4983 c2f8 | 4d89 5748 | eb1b 498b 
  0x000001d1d215b2c4: d7c5 f877 | 49ba 40a3 | e3a1 f87f | 0000 41ff 

  0x000001d1d215b2d4: ;   {other}
  0x000001d1d215b2d4: d20f 1f84 | 0000 0000 | 0044 8b5b | 1045 85db | 0f84 aa1d | 0000 4d8b | d34d 8bca | e9d5 dcff 
  0x000001d1d215b2f4: ff4d 8b57 | 484d 8b5f | 58f0 8344 | 24c0 0080 | 3900 0f84 | 33dd ffff | 4488 214d | 85d2 7520 
  0x000001d1d215b314: 498b d7c5 | f877 49ba | 40a3 e3a1 | f87f 0000 

  0x000001d1d215b324: ;   {other}
  0x000001d1d215b324: 41ff d20f | 1f84 0000 | 0000 00e9 | 0bdd ffff | 4b89 4c13 | f849 83c2 | f84d 8957 | 48e9 f9dc 
  0x000001d1d215b344: ffff ba45 | ffff ff48 | 895c 2420 | 4c89 6c24 | 284c 895c | 2438 4489 | 4424 4090 

  0x000001d1d215b360: ;   {runtime_call UncommonTrapBlob}
  0x000001d1d215b360: c5f8 77e8 

  0x000001d1d215b364: ; ImmutableOopMap {[32]=Oop [40]=Oop [56]=Oop [184]=Oop }
                      ;*iflt {reexecute=1 rethrow=0 return_oop=0}
                      ; - (reexecute) java.lang.StringConcatHelper::checkOverflow@2
                      ; - java.lang.StringConcatHelper::mix@23
                      ; - java.lang.StringConcatHelper::simpleConcat@46
                      ; - java.lang.String::concat@11
                      ; - java.net.URLClassLoader$1::run@13
                      ; - java.net.URLClassLoader$1::run@1
                      ; - java.security.AccessController::executePrivileged@29
                      ; - java.security.AccessController::doPrivileged@13
                      ; - java.net.URLClassLoader::findClass@13
  0x000001d1d215b364: 1890 88ff 

  0x000001d1d215b368: ;   {other}
  0x000001d1d215b368: 0f1f 8400 | d86d 0073 | ba45 ffff | ff48 895c | 2428 4c89 | 6c24 304c | 895c 2440 

  0x000001d1d215b384: ;   {runtime_call UncommonTrapBlob}
  0x000001d1d215b384: c5f8 77e8 

  0x000001d1d215b388: ; ImmutableOopMap {[40]=Oop [48]=Oop [64]=Oop [184]=Oop }
                      ;*iflt {reexecute=1 rethrow=0 return_oop=0}
                      ; - (reexecute) java.lang.StringConcatHelper::checkOverflow@2
                      ; - java.lang.StringConcatHelper::mix@23
                      ; - java.lang.StringConcatHelper::simpleConcat@54
                      ; - java.lang.String::concat@11
                      ; - java.net.URLClassLoader$1::run@13
                      ; - java.net.URLClassLoader$1::run@1
                      ; - java.security.AccessController::executePrivileged@29
                      ; - java.security.AccessController::doPrivileged@13
                      ; - java.net.URLClassLoader::findClass@13
  0x000001d1d215b388: f48f 88ff 

  0x000001d1d215b38c: ;   {other}
  0x000001d1d215b38c: 0f1f 8400 | fc6d 0074 | ba45 ffff | ff48 895c | 2420 4c89 | 6c24 284c | 895c 2440 | 4889 7c24 
  0x000001d1d215b3ac: 4844 894c | 2450 6690 

  0x000001d1d215b3b4: ;   {runtime_call UncommonTrapBlob}
  0x000001d1d215b3b4: c5f8 77e8 

  0x000001d1d215b3b8: ; ImmutableOopMap {[32]=Oop [40]=Oop [64]=Oop [72]=Oop [184]=Oop }
                      ;*if_icmpne {reexecute=1 rethrow=0 return_oop=0}
                      ; - (reexecute) java.lang.String::getBytes@5
                      ; - java.lang.StringConcatHelper::prepend@21
                      ; - java.lang.StringConcatHelper::simpleConcat@81
                      ; - java.lang.String::concat@11
                      ; - java.net.URLClassLoader$1::run@13
                      ; - java.net.URLClassLoader$1::run@1
                      ; - java.security.AccessController::executePrivileged@29
                      ; - java.security.AccessController::doPrivileged@13
                      ; - java.net.URLClassLoader::findClass@13
  0x000001d1d215b3b8: c48f 88ff 

  0x000001d1d215b3bc: ;   {other}
  0x000001d1d215b3bc: 0f1f 8400 | 2c6e 0075 | ba45 ffff | ff48 895c | 2420 4c89 | 6c24 284c | 895c 2438 | 4889 7424 
  0x000001d1d215b3dc: 4044 894c | 2448 6690 

  0x000001d1d215b3e4: ;   {runtime_call UncommonTrapBlob}
  0x000001d1d215b3e4: c5f8 77e8 

  0x000001d1d215b3e8: ; ImmutableOopMap {[32]=Oop [40]=Oop [56]=Oop [184]=Oop }
                      ;*if_icmpne {reexecute=1 rethrow=0 return_oop=0}
                      ; - (reexecute) java.lang.StringConcatHelper::mix@13
                      ; - java.lang.StringConcatHelper::simpleConcat@46
                      ; - java.lang.String::concat@11
                      ; - java.net.URLClassLoader$1::run@13
                      ; - java.net.URLClassLoader$1::run@1
                      ; - java.security.AccessController::executePrivileged@29
                      ; - java.security.AccessController::doPrivileged@13
                      ; - java.net.URLClassLoader::findClass@13
  0x000001d1d215b3e8: 948f 88ff 

  0x000001d1d215b3ec: ;   {other}
  0x000001d1d215b3ec: 0f1f 8400 | 5c6e 0076 | ba45 ffff | ff48 895c | 2428 4c89 | 6c24 304c | 895c 2440 | 4889 4424 
  0x000001d1d215b40c: 4866 6690 

  0x000001d1d215b410: ;   {runtime_call UncommonTrapBlob}
  0x000001d1d215b410: c5f8 77e8 

  0x000001d1d215b414: ; ImmutableOopMap {[40]=Oop [48]=Oop [64]=Oop [184]=Oop }
                      ;*ifge {reexecute=1 rethrow=0 return_oop=0}
                      ; - (reexecute) java.lang.StringConcatHelper::newArray@13
                      ; - java.lang.StringConcatHelper::simpleConcat@61
                      ; - java.lang.String::concat@11
                      ; - java.net.URLClassLoader$1::run@13
                      ; - java.net.URLClassLoader$1::run@1
                      ; - java.security.AccessController::executePrivileged@29
                      ; - java.security.AccessController::doPrivileged@13
                      ; - java.net.URLClassLoader::findClass@13
  0x000001d1d215b414: 688f 88ff 

  0x000001d1d215b418: ;   {other}
  0x000001d1d215b418: 0f1f 8400 | 886e 0077 | baf6 ffff | ff48 8bac | 24b0 0000 | 004c 8b54 | 2430 4c89 | 5424 204c 
  0x000001d1d215b438: 8b94 24b8 | 0000 004c | 8954 2430 | 4c8b 5424 | 784c 8954 | 2440 4c8b | 5424 504c | 8954 2448 
  0x000001d1d215b458: 4c89 7424 | 604c 896c | 2468 6690 

  0x000001d1d215b464: ;   {runtime_call UncommonTrapBlob}
  0x000001d1d215b464: c5f8 77e8 

  0x000001d1d215b468: ; ImmutableOopMap {rbp=Oop [32]=Oop [48]=Oop [64]=Oop [96]=Oop [104]=Oop [136]=NarrowOop }
                      ;*invokevirtual get {reexecute=0 rethrow=0 return_oop=0}
                      ; - java.lang.ClassLoader::definePackage@47
                      ; - java.lang.ClassLoader::getDefinedPackage@32
                      ; - java.net.URLClassLoader::getAndVerifyPackage@2
                      ; - java.net.URLClassLoader::defineClass@46
                      ; - java.net.URLClassLoader$1::run@43
                      ; - java.net.URLClassLoader$1::run@1
                      ; - java.security.AccessController::executePrivileged@29
                      ; - java.security.AccessController::doPrivileged@13
                      ; - java.net.URLClassLoader::findClass@13
  0x000001d1d215b468: 148f 88ff 

  0x000001d1d215b46c: ;   {other}
  0x000001d1d215b46c: 0f1f 8400 | dc6e 0078 | 4c63 d5e9 | 3fba ffff | ba76 ffff | ff48 8bac | 24b0 0000 | 004c 8b5c 
  0x000001d1d215b48c: 2430 4c89 | 5c24 204c | 8b9c 24b8 | 0000 004c | 895c 2430 | 4c8b 5c24 | 784c 895c | 2440 4c8b 
  0x000001d1d215b4ac: 5c24 504c | 895c 2448 | 8b9c 2488 | 0000 0089 | 5c24 504c | 896c 2468 | 4c89 4c24 | 704c 8974 
  0x000001d1d215b4cc: 2478 4c89 | b424 8000 | 0000 4c89 | ac24 8800 | 0000 4489 | 4424 5489 | 8c24 9400 | 0000 4489 
  0x000001d1d215b4ec: 9424 a800 | 0000 6690 

  0x000001d1d215b4f4: ;   {runtime_call UncommonTrapBlob}
  0x000001d1d215b4f4: c5f8 77e8 

  0x000001d1d215b4f8: ; ImmutableOopMap {rbp=Oop [32]=Oop [48]=Oop [64]=Oop [80]=NarrowOop [84]=NarrowOop [104]=Oop [112]=Oop [120]=Oop [128]=Oop [136]=Oop [168]=NarrowOop }
                      ;*if_icmpge {reexecute=1 rethrow=0 return_oop=0}
                      ; - (reexecute) java.lang.StringLatin1::replace@19
                      ; - java.lang.String::replace@18
                      ; - java.net.URLClassLoader::isSealed@9
                      ; - java.net.URLClassLoader::getAndVerifyPackage@68
                      ; - java.net.URLClassLoader::defineClass@46
                      ; - java.net.URLClassLoader$1::run@43
                      ; - java.net.URLClassLoader$1::run@1
                      ; - java.security.AccessController::executePrivileged@29
                      ; - java.security.AccessController::doPrivileged@13
                      ; - java.net.URLClassLoader::findClass@13
  0x000001d1d215b4f8: 848e 88ff 

  0x000001d1d215b4fc: ;   {other}
  0x000001d1d215b4fc: 0f1f 8400 | 6c6f 0079 | ba45 ffff | ff48 8bac | 24b0 0000 | 004c 8b54 | 2430 4c89 | 5424 204c 
  0x000001d1d215b51c: 8b94 24b8 | 0000 004c | 8954 2430 | 4c8b 5424 | 784c 8954 | 2440 4c8b | 5424 504c | 8954 2448 
  0x000001d1d215b53c: 448b 9c24 | 8800 0000 | 4c89 6c24 | 704c 8974 | 2478 4489 | 5c24 544c | 89ac 2488 | 0000 0044 
  0x000001d1d215b55c: 8984 24a0 | 0000 0090 

  0x000001d1d215b564: ;   {runtime_call UncommonTrapBlob}
  0x000001d1d215b564: c5f8 77e8 

  0x000001d1d215b568: ; ImmutableOopMap {rbp=Oop [32]=Oop [48]=Oop [64]=Oop [84]=NarrowOop [112]=Oop [120]=Oop [136]=Oop [160]=NarrowOop }
                      ;*ifeq {reexecute=1 rethrow=0 return_oop=0}
                      ; - (reexecute) java.lang.ClassLoader::definePackage@4
                      ; - java.lang.ClassLoader::getDefinedPackage@32
                      ; - java.net.URLClassLoader::getAndVerifyPackage@2
                      ; - java.net.URLClassLoader::defineClass@46
                      ; - java.net.URLClassLoader$1::run@43
                      ; - java.net.URLClassLoader$1::run@1
                      ; - java.security.AccessController::executePrivileged@29
                      ; - java.security.AccessController::doPrivileged@13
                      ; - java.net.URLClassLoader::findClass@13
  0x000001d1d215b568: 148e 88ff 

  0x000001d1d215b56c: ;   {other}
  0x000001d1d215b56c: 0f1f 8400 | dc6f 007a | bade ffff | ff48 8bac | 24b0 0000 | 004c 8b5c | 2430 4c89 | 5c24 204c 
  0x000001d1d215b58c: 8b9c 24b8 | 0000 004c | 895c 2430 | 4c8b 5c24 | 784c 895c | 2440 4c8b | 5c24 504c | 895c 2448 
  0x000001d1d215b5ac: 448b 8424 | 8800 0000 | 4489 4424 | 504c 896c | 2468 4c89 | 4c24 704c | 8974 2478 | 4c89 b424 
  0x000001d1d215b5cc: 8000 0000 | 4489 5424 | 5448 8984 | 2498 0000 | 0066 6690 

  0x000001d1d215b5e0: ;   {runtime_call UncommonTrapBlob}
  0x000001d1d215b5e0: c5f8 77e8 

  0x000001d1d215b5e4: ; ImmutableOopMap {rbp=Oop [32]=Oop [48]=Oop [64]=Oop [80]=NarrowOop [84]=NarrowOop [104]=Oop [112]=Oop [120]=Oop [128]=Oop [152]=Oop }
                      ;*invokeinterface getTrustedAttributes {reexecute=0 rethrow=0 return_oop=0}
                      ; - java.net.URLClassLoader::isSealed@18
                      ; - java.net.URLClassLoader::getAndVerifyPackage@68
                      ; - java.net.URLClassLoader::defineClass@46
                      ; - java.net.URLClassLoader$1::run@43
                      ; - java.net.URLClassLoader$1::run@1
                      ; - java.security.AccessController::executePrivileged@29
                      ; - java.security.AccessController::doPrivileged@13
                      ; - java.net.URLClassLoader::findClass@13
  0x000001d1d215b5e4: 988d 88ff 

  0x000001d1d215b5e8: ;   {other}
  0x000001d1d215b5e8: 0f1f 8400 | 5870 007b | bade ffff | ff4c 8b94 | 24b0 0000 | 004c 8954 | 2420 4c8b | 5424 304c 
  0x000001d1d215b608: 8954 2428 | 4c8b 9424 | b800 0000 | 4c89 5424 | 384c 8b54 | 2478 4c89 | 5424 4844 | 8b94 2488 
  0x000001d1d215b628: 0000 0044 | 8954 2458 | 4c89 6c24 | 704c 894c | 2478 4c89 | b424 8000 | 0000 4c89 | b424 8800 
  0x000001d1d215b648: 0000 4889 | 8424 a800 | 0000 6690 

  0x000001d1d215b654: ;   {runtime_call UncommonTrapBlob}
  0x000001d1d215b654: c5f8 77e8 

  0x000001d1d215b658: ; ImmutableOopMap {rbp=NarrowOop [32]=Oop [40]=Oop [56]=Oop [72]=Oop [88]=NarrowOop [112]=Oop [120]=Oop [128]=Oop [136]=Oop [168]=Oop }
                      ;*invokeinterface get {reexecute=0 rethrow=0 return_oop=0}
                      ; - java.util.jar.Manifest::getAttributes@5
                      ; - java.util.jar.Manifest::getTrustedAttributes@2
                      ; - java.util.jar.JavaUtilJarAccessImpl::getTrustedAttributes@2
                      ; - java.net.URLClassLoader::isSealed@18
                      ; - java.net.URLClassLoader::getAndVerifyPackage@68
                      ; - java.net.URLClassLoader::defineClass@46
                      ; - java.net.URLClassLoader$1::run@43
                      ; - java.net.URLClassLoader$1::run@1
                      ; - java.security.AccessController::executePrivileged@29
                      ; - java.security.AccessController::doPrivileged@13
                      ; - java.net.URLClassLoader::findClass@13
  0x000001d1d215b658: 248d 88ff 

  0x000001d1d215b65c: ;   {other}
  0x000001d1d215b65c: 0f1f 8400 | cc70 007c | bade ffff | ff4c 8b94 | 24b0 0000 | 004c 8954 | 2420 4c8b | 5424 304c 
  0x000001d1d215b67c: 8954 2428 | 4c8b 9424 | b800 0000 | 4c89 5424 | 384c 8b54 | 2478 4c89 | 5424 4844 | 8b9c 2488 
  0x000001d1d215b69c: 0000 0044 | 895c 2458 | 4c89 7424 | 684c 896c | 2470 4c89 | 4c24 7890 

  0x000001d1d215b6b4: ;   {runtime_call UncommonTrapBlob}
  0x000001d1d215b6b4: c5f8 77e8 

  0x000001d1d215b6b8: ; ImmutableOopMap {rbp=NarrowOop [32]=Oop [40]=Oop [56]=Oop [72]=Oop [88]=NarrowOop [104]=Oop [112]=Oop [120]=Oop }
                      ;*invokeinterface get {reexecute=0 rethrow=0 return_oop=0}
                      ; - java.util.jar.Attributes::get@5
                      ; - java.util.jar.Attributes::getValue@2
                      ; - java.net.URLClassLoader::isSealed@58
                      ; - java.net.URLClassLoader::getAndVerifyPackage@68
                      ; - java.net.URLClassLoader::defineClass@46
                      ; - java.net.URLClassLoader$1::run@43
                      ; - java.net.URLClassLoader$1::run@1
                      ; - java.security.AccessController::executePrivileged@29
                      ; - java.security.AccessController::doPrivileged@13
                      ; - java.net.URLClassLoader::findClass@13
  0x000001d1d215b6b8: c48c 88ff 

  0x000001d1d215b6bc: ;   {other}
  0x000001d1d215b6bc: 0f1f 8400 | 2c71 007d | bacc ffff | ff48 8bac | 24b0 0000 | 004c 8b54 | 2430 4c89 | 5424 204c 
  0x000001d1d215b6dc: 8b94 24b8 | 0000 004c | 8954 2430 | 4c8b 5424 | 784c 8954 | 2440 4c8b | 5424 504c | 8954 2448 
  0x000001d1d215b6fc: 448b 9424 | 8800 0000 | 4489 5424 | 504c 8b54 | 2470 4c89 | 5424 584c | 8b94 2480 | 0000 004c 
  0x000001d1d215b71c: 8954 2460 | 4c8b 9424 | 9000 0000 | 4c89 5424 | 7044 8b9c | 24a0 0000 | 0044 895c | 2454 4c8b 
  0x000001d1d215b73c: 9424 a800 | 0000 4c89 | 9424 9800 | 0000 4c89 | 8424 b000 | 0000 6690 

  0x000001d1d215b754: ;   {runtime_call UncommonTrapBlob}
  0x000001d1d215b754: c5f8 77e8 

  0x000001d1d215b758: ; ImmutableOopMap {rbp=Oop [32]=Oop [48]=Oop [64]=Oop [80]=NarrowOop [84]=NarrowOop [88]=Oop [96]=Oop [112]=Oop [152]=Oop [176]=Oop }
                      ;*invokestatic arraycopy {reexecute=0 rethrow=0 return_oop=0}
                      ; - java.lang.String::getBytes@22
                      ; - java.lang.StringConcatHelper::prepend@21
                      ; - java.lang.StringConcatHelper::simpleConcat@71
                      ; - java.lang.String::concat@11
                      ; - java.net.URLClassLoader::isSealed@15
                      ; - java.net.URLClassLoader::getAndVerifyPackage@68
                      ; - java.net.URLClassLoader::defineClass@46
                      ; - java.net.URLClassLoader$1::run@43
                      ; - java.net.URLClassLoader$1::run@1
                      ; - java.security.AccessController::executePrivileged@29
                      ; - java.security.AccessController::doPrivileged@13
                      ; - java.net.URLClassLoader::findClass@13
  0x000001d1d215b758: 248c 88ff 

  0x000001d1d215b75c: ;   {other}
  0x000001d1d215b75c: 0f1f 8400 | cc71 007e | bacc ffff | ff48 8bac | 24b0 0000 | 004c 8b54 | 2430 4c89 | 5424 204c 
  0x000001d1d215b77c: 8b94 24b8 | 0000 004c | 8954 2430 | 4c8b 5424 | 784c 8954 | 2440 4c8b | 5424 504c | 8954 2448 
  0x000001d1d215b79c: 448b 9424 | 8800 0000 | 4489 5424 | 504c 8b54 | 2470 4c89 | 5424 584c | 8b94 2480 | 0000 004c 
  0x000001d1d215b7bc: 8954 2460 | 4c8b 9424 | 9000 0000 | 4c89 5424 | 704c 8b94 | 2498 0000 | 004c 8994 | 2488 0000 
  0x000001d1d215b7dc: 0044 8b9c | 24a0 0000 | 0044 895c | 2454 4c89 | 8424 b000 | 0000 6690 

  0x000001d1d215b7f4: ;   {runtime_call UncommonTrapBlob}
  0x000001d1d215b7f4: c5f8 77e8 

  0x000001d1d215b7f8: ; ImmutableOopMap {rbp=Oop [32]=Oop [48]=Oop [64]=Oop [80]=NarrowOop [84]=NarrowOop [88]=Oop [96]=Oop [112]=Oop [136]=Oop [176]=Oop }
                      ;*invokestatic arraycopy {reexecute=0 rethrow=0 return_oop=0}
                      ; - java.lang.String::getBytes@22
                      ; - java.lang.StringConcatHelper::prepend@21
                      ; - java.lang.StringConcatHelper::simpleConcat@81
                      ; - java.lang.String::concat@11
                      ; - java.net.URLClassLoader::isSealed@15
                      ; - java.net.URLClassLoader::getAndVerifyPackage@68
                      ; - java.net.URLClassLoader::defineClass@46
                      ; - java.net.URLClassLoader$1::run@43
                      ; - java.net.URLClassLoader$1::run@1
                      ; - java.security.AccessController::executePrivileged@29
                      ; - java.security.AccessController::doPrivileged@13
                      ; - java.net.URLClassLoader::findClass@13
  0x000001d1d215b7f8: 848b 88ff 

  0x000001d1d215b7fc: ;   {other}
  0x000001d1d215b7fc: 0f1f 8400 | 6c72 007f | 4d63 cae9 | 299a ffff | 4983 c1fe | 498b c949 | 8bfb 4833 | c048 83f9 
  0x000001d1d215b81c: 087f 1048 | ffc9 784f | 4889 04cf | 48ff c97d | f7eb 44c5 | fdef c0e9 | 0d00 0000 | c5fe 7f07 
  0x000001d1d215b83c: c5fe 7f47 | 2048 83c7 | 4048 83e9 | 087d ed48 | 83c1 047c | 0cc5 fe7f | 0748 83c7 | 2048 83e9 
  0x000001d1d215b85c: 0448 83c1 | 047e 1048 | ffc9 c5f9 | d607 4883 | c708 48ff | c97d f3e9 | 979a ffff | bacc ffff 
  0x000001d1d215b87c: ff48 8bac | 24b0 0000 | 004c 8b5c | 2430 4c89 | 5c24 204c | 8b5c 2478 | 4c89 5c24 | 284c 8b9c 
  0x000001d1d215b89c: 24b8 0000 | 004c 895c | 2430 4c8b | 5c24 504c | 895c 2448 | 894c 2454 | 4489 5424 | 5c48 895c 
  0x000001d1d215b8bc: 2478 6690 

  0x000001d1d215b8c0: ;   {runtime_call UncommonTrapBlob}
  0x000001d1d215b8c0: c5f8 77e8 

  0x000001d1d215b8c4: ; ImmutableOopMap {rbp=Oop [32]=Oop [40]=Oop [48]=Oop [84]=NarrowOop [120]=Oop [136]=NarrowOop }
                      ;*newarray {reexecute=1 rethrow=0 return_oop=0}
                      ; - (reexecute) java.util.Arrays::copyOfRangeByte@10
                      ; - java.util.Arrays::copyOfRange@13
                      ; - java.lang.StringLatin1::newString@16
                      ; - java.lang.String::substring@41
                      ; - java.net.URLClassLoader::defineClass@28
                      ; - java.net.URLClassLoader$1::run@43
                      ; - java.net.URLClassLoader$1::run@1
                      ; - java.security.AccessController::executePrivileged@29
                      ; - java.security.AccessController::doPrivileged@13
                      ; - java.net.URLClassLoader::findClass@13
  0x000001d1d215b8c4: b88a 88ff 

  0x000001d1d215b8c8: ;   {other}
  0x000001d1d215b8c8: 0f1f 8400 | 3873 0080 | 458b d1e9 | c297 ffff | 33ed 4585 | c940 0f94 | c5ba 45ff | ffff 4c8b 
  0x000001d1d215b8e8: 9c24 b000 | 0000 4c89 | 5c24 204c | 8b5c 2430 | 4c89 5c24 | 284c 8b5c | 2478 4c89 | 5c24 304c 
  0x000001d1d215b908: 8b9c 24b8 | 0000 004c | 895c 2438 | 4489 5424 | 7066 6690 

  0x000001d1d215b91c: ;   {runtime_call UncommonTrapBlob}
  0x000001d1d215b91c: c5f8 77e8 

  0x000001d1d215b920: ; ImmutableOopMap {[32]=Oop [40]=Oop [48]=Oop [56]=Oop }
                      ;*ifeq {reexecute=1 rethrow=0 return_oop=0}
                      ; - (reexecute) java.lang.String::lastIndexOf@4
                      ; - java.lang.String::lastIndexOf@8
                      ; - java.net.URLClassLoader::defineClass@7
                      ; - java.net.URLClassLoader$1::run@43
                      ; - java.net.URLClassLoader$1::run@1
                      ; - java.security.AccessController::executePrivileged@29
                      ; - java.security.AccessController::doPrivileged@13
                      ; - java.net.URLClassLoader::findClass@13
  0x000001d1d215b920: 5c8a 88ff 

  0x000001d1d215b924: ;   {other}
  0x000001d1d215b924: 0f1f 8400 | 9473 0081 | ba45 ffff | ff48 8bac | 24b0 0000 | 004c 8b5c | 2430 4c89 | 5c24 204c 
  0x000001d1d215b944: 8b5c 2478 | 4c89 5c24 | 284c 8b9c | 24b8 0000 | 004c 895c | 2430 4c8b | 5c24 504c | 895c 2448 
  0x000001d1d215b964: 4489 5424 | 6044 8954 | 2464 895c | 247c 6690 

  0x000001d1d215b974: ;   {runtime_call UncommonTrapBlob}
  0x000001d1d215b974: c5f8 77e8 

  0x000001d1d215b978: ; ImmutableOopMap {rbp=Oop [32]=Oop [40]=Oop [48]=Oop [136]=NarrowOop }
                      ;*if_icmpgt {reexecute=1 rethrow=0 return_oop=0}
                      ; - (reexecute) jdk.internal.util.Preconditions::checkFromToIndex@6
                      ; - java.lang.String::checkBoundsBeginEnd@6
                      ; - java.lang.String::substring@8
                      ; - java.net.URLClassLoader::defineClass@28
                      ; - java.net.URLClassLoader$1::run@43
                      ; - java.net.URLClassLoader$1::run@1
                      ; - java.security.AccessController::executePrivileged@29
                      ; - java.security.AccessController::doPrivileged@13
                      ; - java.net.URLClassLoader::findClass@13
  0x000001d1d215b978: 048a 88ff 

  0x000001d1d215b97c: ;   {other}
  0x000001d1d215b97c: 0f1f 8400 | ec73 0082 | ba45 ffff | ff48 8bac | 24b0 0000 | 004c 8b54 | 2430 4c89 | 5424 204c 
  0x000001d1d215b99c: 8b94 24b8 | 0000 004c | 8954 2430 | 4c8b 5424 | 784c 8954 | 2440 4c8b | 5424 504c | 8954 2448 
  0x000001d1d215b9bc: 448b 8424 | 8800 0000 | 4c89 6c24 | 704c 8974 | 2478 4489 | 4424 544c | 89ac 2488 | 0000 0044 
  0x000001d1d215b9dc: 899c 24a0 | 0000 0090 

  0x000001d1d215b9e4: ;   {runtime_call UncommonTrapBlob}
  0x000001d1d215b9e4: c5f8 77e8 

  0x000001d1d215b9e8: ; ImmutableOopMap {rbp=Oop [32]=Oop [48]=Oop [64]=Oop [84]=NarrowOop [112]=Oop [120]=Oop [136]=Oop }
                      ;*ifle {reexecute=1 rethrow=0 return_oop=0}
                      ; - (reexecute) java.util.concurrent.ConcurrentHashMap::get@23
                      ; - java.lang.ClassLoader::getDefinedPackage@13
                      ; - java.net.URLClassLoader::getAndVerifyPackage@2
                      ; - java.net.URLClassLoader::defineClass@46
                      ; - java.net.URLClassLoader$1::run@43
                      ; - java.net.URLClassLoader$1::run@1
                      ; - java.security.AccessController::executePrivileged@29
                      ; - java.security.AccessController::doPrivileged@13
                      ; - java.net.URLClassLoader::findClass@13
  0x000001d1d215b9e8: 9489 88ff 

  0x000001d1d215b9ec: ;   {other}
  0x000001d1d215b9ec: 0f1f 8400 | 5c74 0083 | ba45 ffff | ff48 8bac | 24b0 0000 | 004c 8b5c | 2430 4c89 | 5c24 204c 
  0x000001d1d215ba0c: 8b5c 2478 | 4c89 5c24 | 284c 8b9c | 24b8 0000 | 004c 895c | 2430 4c8b | 5c24 504c | 895c 2448 
  0x000001d1d215ba2c: 4489 5424 | 6044 8954 | 2464 895c | 247c 899c | 2480 0000 | 0066 6690 

  0x000001d1d215ba44: ;   {runtime_call UncommonTrapBlob}
  0x000001d1d215ba44: c5f8 77e8 

  0x000001d1d215ba48: ; ImmutableOopMap {rbp=Oop [32]=Oop [40]=Oop [48]=Oop [136]=NarrowOop }
                      ;*if_icmple {reexecute=1 rethrow=0 return_oop=0}
                      ; - (reexecute) jdk.internal.util.Preconditions::checkFromToIndex@11
                      ; - java.lang.String::checkBoundsBeginEnd@6
                      ; - java.lang.String::substring@8
                      ; - java.net.URLClassLoader::defineClass@28
                      ; - java.net.URLClassLoader$1::run@43
                      ; - java.net.URLClassLoader$1::run@1
                      ; - java.security.AccessController::executePrivileged@29
                      ; - java.security.AccessController::doPrivileged@13
                      ; - java.net.URLClassLoader::findClass@13
  0x000001d1d215ba48: 3489 88ff 

  0x000001d1d215ba4c: ;   {other}
  0x000001d1d215ba4c: 0f1f 8400 | bc74 0084 | ba45 ffff | ff4c 8b9c | 24b0 0000 | 004c 895c | 2420 4c8b | 5c24 304c 
  0x000001d1d215ba6c: 895c 2428 | 4c8b 5c24 | 784c 895c | 2430 4c8b | 9c24 b800 | 0000 4c89 | 5c24 384c | 8b5c 2450 
  0x000001d1d215ba8c: 4c89 5c24 | 484c 8954 | 2478 4489 | 8c24 8000 | 0000 6690 

  0x000001d1d215baa0: ;   {runtime_call UncommonTrapBlob}
  0x000001d1d215baa0: c5f8 77e8 

  0x000001d1d215baa4: ; ImmutableOopMap {rbp=NarrowOop [32]=Oop [40]=Oop [48]=Oop [56]=Oop [120]=Oop [128]=NarrowOop [136]=NarrowOop [216]=Oop }
                      ;*ifnull {reexecute=1 rethrow=0 return_oop=0}
                      ; - (reexecute) java.util.jar.JarFile::maybeInstantiateVerifier@4
                      ; - java.util.jar.JarFile::ensureInitialization@1
                      ; - java.util.jar.JavaUtilJarAccessImpl::ensureInitialization@1
                      ; - jdk.internal.loader.URLClassPath$JarLoader$2::getManifest@10
                      ; - java.net.URLClassLoader::defineClass@34
                      ; - java.net.URLClassLoader$1::run@43
                      ; - java.net.URLClassLoader$1::run@1
                      ; - java.security.AccessController::executePrivileged@29
                      ; - java.security.AccessController::doPrivileged@13
                      ; - java.net.URLClassLoader::findClass@13
  0x000001d1d215baa4: d888 88ff 

  0x000001d1d215baa8: ;   {other}
  0x000001d1d215baa8: 0f1f 8400 | 1875 0085 | 498b d7c5 | f877 49ba | 60a3 e3a1 | f87f 0000 

  0x000001d1d215bac0: ;   {other}
  0x000001d1d215bac0: 41ff d20f | 1f84 0000 | 0000 00e9 | f7d5 ffff | ba76 ffff | ff4c 8b94 | 24b0 0000 | 004c 8954 
  0x000001d1d215bae0: 2420 4c8b | 5424 304c | 8954 2428 | 4c8b 5424 | 784c 8954 | 2448 448b | 9424 8800 | 0000 4489 
  0x000001d1d215bb00: 5424 584c | 8b94 2480 | 0000 004c | 8954 2478 | 448b 9c24 | 9800 0000 | 4489 5c24 | 5c4c 8984 
  0x000001d1d215bb20: 24a0 0000 | 0066 6690 

  0x000001d1d215bb28: ;   {runtime_call UncommonTrapBlob}
  0x000001d1d215bb28: c5f8 77e8 

  0x000001d1d215bb2c: ; ImmutableOopMap {[32]=Oop [40]=Oop [72]=Oop [88]=NarrowOop [92]=NarrowOop [96]=Oop [104]=Oop [120]=Oop [160]=Oop [184]=Oop [192]=NarrowOop }
                      ;*if_icmpge {reexecute=1 rethrow=0 return_oop=0}
                      ; - (reexecute) java.lang.StringLatin1::replace@82
                      ; - java.lang.String::replace@18
                      ; - java.net.URLClassLoader::isSealed@9
                      ; - java.net.URLClassLoader::getAndVerifyPackage@68
                      ; - java.net.URLClassLoader::defineClass@46
                      ; - java.net.URLClassLoader$1::run@43
                      ; - java.net.URLClassLoader$1::run@1
                      ; - java.security.AccessController::executePrivileged@29
                      ; - java.security.AccessController::doPrivileged@13
                      ; - java.net.URLClassLoader::findClass@13
  0x000001d1d215bb2c: 5088 88ff 

  0x000001d1d215bb30: ;   {other}
  0x000001d1d215bb30: 0f1f 8400 | a075 0086 | 4c8b f64c | 8beb 498b | d7c5 f877 | 49ba 60a3 | e3a1 f87f | 0000 41ff 
  0x000001d1d215bb50: ;   {other}
  0x000001d1d215bb50: d20f 1f84 | 0000 0000 | 0049 8bdd | 498b f690 | e9b5 97ff | ffba f6ff | ffff 4c8b | 9424 b000 
  0x000001d1d215bb70: 0000 4c89 | 5424 204c | 8b54 2430 | 4c89 5424 | 284c 8b94 | 24b8 0000 | 004c 8954 | 2438 4c89 
  0x000001d1d215bb90: 4c24 7090 

  0x000001d1d215bb94: ;   {runtime_call UncommonTrapBlob}
  0x000001d1d215bb94: c5f8 77e8 

  0x000001d1d215bb98: ; ImmutableOopMap {rbp=NarrowOop [32]=Oop [40]=Oop [56]=Oop [112]=Oop [120]=Oop [136]=NarrowOop }
                      ;*invokevirtual getInputStream {reexecute=0 rethrow=0 return_oop=0}
                      ; - jdk.internal.loader.URLClassPath$JarLoader$2::getInputStream@11
                      ; - jdk.internal.loader.Resource::cachedInputStream@9
                      ; - jdk.internal.loader.Resource::getByteBuffer@1
                      ; - java.net.URLClassLoader::defineClass@132
                      ; - java.net.URLClassLoader$1::run@43
                      ; - java.net.URLClassLoader$1::run@1
                      ; - java.security.AccessController::executePrivileged@29
                      ; - java.security.AccessController::doPrivileged@13
                      ; - java.net.URLClassLoader::findClass@13
  0x000001d1d215bb98: e487 88ff 

  0x000001d1d215bb9c: ;   {other}
  0x000001d1d215bb9c: 0f1f 8400 | 0c76 0087 | 33ed 4585 | d240 0f95 | c5ba 45ff | ffff 4c8b | 9424 b000 | 0000 4c89 
  0x000001d1d215bbbc: 5424 204c | 8b54 2430 | 4c89 5424 | 284c 8b94 | 24b8 0000 | 004c 8954 | 2438 4c8b | 5424 784c 
  0x000001d1d215bbdc: 8954 2448 | 4c89 6c24 | 784c 89b4 | 2480 0000 | 0044 8b9c | 2488 0000 | 0044 895c | 245c 4c89 
  0x000001d1d215bbfc: 8c24 8800 | 0000 6690 

  0x000001d1d215bc04: ;   {runtime_call UncommonTrapBlob}
  0x000001d1d215bc04: c5f8 77e8 

  0x000001d1d215bc08: ; ImmutableOopMap {[32]=Oop [40]=Oop [56]=Oop [72]=Oop [92]=NarrowOop [120]=Oop [128]=Oop [136]=Oop }
                      ;*ifne {reexecute=1 rethrow=0 return_oop=0}
                      ; - (reexecute) java.lang.Package::isSealed@7
                      ; - java.net.URLClassLoader::getAndVerifyPackage@14
                      ; - java.net.URLClassLoader::defineClass@46
                      ; - java.net.URLClassLoader$1::run@43
                      ; - java.net.URLClassLoader$1::run@1
                      ; - java.security.AccessController::executePrivileged@29
                      ; - java.security.AccessController::doPrivileged@13
                      ; - java.net.URLClassLoader::findClass@13
  0x000001d1d215bc08: 7487 88ff 

  0x000001d1d215bc0c: ;   {other}
  0x000001d1d215bc0c: 0f1f 8400 | 7c76 0088 | 33ed 85c9 | 400f 94c5 | ba45 ffff | ff4c 8b9c | 24b0 0000 | 004c 895c 
  0x000001d1d215bc2c: 2420 4c8b | 5c24 304c | 895c 2428 | 4c8b 9c24 | b800 0000 | 4c89 5c24 | 384c 8b5c | 2478 4c89 
  0x000001d1d215bc4c: 5c24 4844 | 8b9c 2488 | 0000 0044 | 895c 2458 | 4c89 6c24 | 704c 894c | 2478 4c89 | b424 8000 
  0x000001d1d215bc6c: 0000 4c89 | b424 8800 | 0000 4c89 | ac24 9000 | 0000 4489 | 5424 5c90 

  0x000001d1d215bc84: ;   {runtime_call UncommonTrapBlob}
  0x000001d1d215bc84: c5f8 77e8 

  0x000001d1d215bc88: ; ImmutableOopMap {[32]=Oop [40]=Oop [56]=Oop [72]=Oop [88]=NarrowOop [92]=NarrowOop [112]=Oop [120]=Oop [128]=Oop [136]=Oop [144]=Oop }
                      ;*ifeq {reexecute=1 rethrow=0 return_oop=0}
                      ; - (reexecute) java.lang.String::replace@9
                      ; - java.net.URLClassLoader::isSealed@9
                      ; - java.net.URLClassLoader::getAndVerifyPackage@68
                      ; - java.net.URLClassLoader::defineClass@46
                      ; - java.net.URLClassLoader$1::run@43
                      ; - java.net.URLClassLoader$1::run@1
                      ; - java.security.AccessController::executePrivileged@29
                      ; - java.security.AccessController::doPrivileged@13
                      ; - java.net.URLClassLoader::findClass@13
  0x000001d1d215bc88: f486 88ff 

  0x000001d1d215bc8c: ;   {other}
  0x000001d1d215bc8c: 0f1f 8400 | fc76 0089 | ba45 ffff | ff48 8bac | 24b0 0000 | 004c 8b5c | 2430 4c89 | 5c24 204c 
  0x000001d1d215bcac: 8b9c 24b8 | 0000 004c | 895c 2430 | 4c8b 5c24 | 784c 895c | 2440 4c8b | 5c24 504c | 895c 2448 
  0x000001d1d215bccc: 8b8c 2488 | 0000 0089 | 4c24 504c | 896c 2468 | 4c89 4c24 | 704c 8974 | 2478 4c89 | b424 8000 
  0x000001d1d215bcec: 0000 4489 | 5424 5448 | 899c 2498 | 0000 0044 | 8984 24a0 | 0000 0090 

  0x000001d1d215bd04: ;   {runtime_call UncommonTrapBlob}
  0x000001d1d215bd04: c5f8 77e8 

  0x000001d1d215bd08: ; ImmutableOopMap {rbp=Oop [32]=Oop [48]=Oop [64]=Oop [80]=NarrowOop [84]=NarrowOop [104]=Oop [112]=Oop [120]=Oop [128]=Oop [152]=Oop }
                      ;*iflt {reexecute=1 rethrow=0 return_oop=0}
                      ; - (reexecute) java.lang.StringConcatHelper::checkOverflow@2
                      ; - java.lang.StringConcatHelper::mix@23
                      ; - java.lang.StringConcatHelper::simpleConcat@46
                      ; - java.lang.String::concat@11
                      ; - java.net.URLClassLoader::isSealed@15
                      ; - java.net.URLClassLoader::getAndVerifyPackage@68
                      ; - java.net.URLClassLoader::defineClass@46
                      ; - java.net.URLClassLoader$1::run@43
                      ; - java.net.URLClassLoader$1::run@1
                      ; - java.security.AccessController::executePrivileged@29
                      ; - java.security.AccessController::doPrivileged@13
                      ; - java.net.URLClassLoader::findClass@13
  0x000001d1d215bd08: 7486 88ff 

  0x000001d1d215bd0c: ;   {other}
  0x000001d1d215bd0c: 0f1f 8400 | 7c77 008a | ba45 ffff | ff4c 8b94 | 24b0 0000 | 004c 8954 | 2420 4c8b | 5424 304c 
  0x000001d1d215bd2c: 8954 2428 | 4c8b 9424 | b800 0000 | 4c89 5424 | 384c 8b54 | 2478 4c89 | 5424 4844 | 8b94 2488 
  0x000001d1d215bd4c: 0000 0044 | 8954 2458 | 4c8b 9424 | 9000 0000 | 4c89 5424 | 7844 8b9c | 24a0 0000 | 0044 895c 
  0x000001d1d215bd6c: 245c 6690 

  0x000001d1d215bd70: ;   {runtime_call UncommonTrapBlob}
  0x000001d1d215bd70: c5f8 77e8 

  0x000001d1d215bd74: ; ImmutableOopMap {[32]=Oop [40]=Oop [56]=Oop [72]=Oop [88]=NarrowOop [92]=NarrowOop [112]=Oop [120]=Oop [128]=Oop [168]=Oop }
                      ;*iflt {reexecute=1 rethrow=0 return_oop=0}
                      ; - (reexecute) java.lang.StringConcatHelper::checkOverflow@2
                      ; - java.lang.StringConcatHelper::mix@23
                      ; - java.lang.StringConcatHelper::simpleConcat@54
                      ; - java.lang.String::concat@11
                      ; - java.net.URLClassLoader::isSealed@15
                      ; - java.net.URLClassLoader::getAndVerifyPackage@68
                      ; - java.net.URLClassLoader::defineClass@46
                      ; - java.net.URLClassLoader$1::run@43
                      ; - java.net.URLClassLoader$1::run@1
                      ; - java.security.AccessController::executePrivileged@29
                      ; - java.security.AccessController::doPrivileged@13
                      ; - java.net.URLClassLoader::findClass@13
  0x000001d1d215bd74: 0886 88ff 

  0x000001d1d215bd78: ;   {other}
  0x000001d1d215bd78: 0f1f 8400 | e877 008b | ba45 ffff | ff48 8bac | 24b0 0000 | 004c 8b54 | 2430 4c89 | 5424 204c 
  0x000001d1d215bd98: 8b94 24b8 | 0000 004c | 8954 2430 | 4c8b 5424 | 784c 8954 | 2440 4c8b | 5424 504c | 8954 2448 
  0x000001d1d215bdb8: 448b 9424 | 8800 0000 | 4489 5424 | 504c 8b54 | 2470 4c89 | 5424 584c | 8b94 2480 | 0000 004c 
  0x000001d1d215bdd8: 8954 2460 | 4c8b 9424 | 9000 0000 | 4c89 5424 | 7044 8b94 | 24a0 0000 | 0044 8954 | 2454 4c8b 
  0x000001d1d215bdf8: 9424 a800 | 0000 4c89 | 9424 a000 | 0000 4c89 | 8424 a800 | 0000 4489 | 8c24 b000 | 0000 6690 
  0x000001d1d215be18: ;   {runtime_call UncommonTrapBlob}
  0x000001d1d215be18: c5f8 77e8 

  0x000001d1d215be1c: ; ImmutableOopMap {rbp=Oop [32]=Oop [48]=Oop [64]=Oop [80]=NarrowOop [84]=NarrowOop [88]=Oop [96]=Oop [112]=Oop [160]=Oop [168]=Oop }
                      ;*if_icmpne {reexecute=1 rethrow=0 return_oop=0}
                      ; - (reexecute) java.lang.String::getBytes@5
                      ; - java.lang.StringConcatHelper::prepend@21
                      ; - java.lang.StringConcatHelper::simpleConcat@81
                      ; - java.lang.String::concat@11
                      ; - java.net.URLClassLoader::isSealed@15
                      ; - java.net.URLClassLoader::getAndVerifyPackage@68
                      ; - java.net.URLClassLoader::defineClass@46
                      ; - java.net.URLClassLoader$1::run@43
                      ; - java.net.URLClassLoader$1::run@1
                      ; - java.security.AccessController::executePrivileged@29
                      ; - java.security.AccessController::doPrivileged@13
                      ; - java.net.URLClassLoader::findClass@13
  0x000001d1d215be1c: 6085 88ff 

  0x000001d1d215be20: ;   {other}
  0x000001d1d215be20: 0f1f 8400 | 9078 008c | ba76 ffff | ff4c 8b94 | 24b0 0000 | 004c 8954 | 2420 4c8b | 5424 304c 
  0x000001d1d215be40: 8954 2428 | 4c8b 9424 | b800 0000 | 4c89 5424 | 384c 8b54 | 2478 4c89 | 5424 4844 | 8b94 2488 
  0x000001d1d215be60: 0000 0044 | 8954 2458 | 4c8b 9424 | 8000 0000 | 4c89 5424 | 7844 8b9c | 2498 0000 | 0044 895c 
  0x000001d1d215be80: 245c 448b | 9424 a800 | 0000 4489 | 9424 9800 | 0000 4c89 | 8424 a000 | 0000 6690 

  0x000001d1d215be9c: ;   {runtime_call UncommonTrapBlob}
  0x000001d1d215be9c: c5f8 77e8 

  0x000001d1d215bea0: ; ImmutableOopMap {[32]=Oop [40]=Oop [56]=Oop [72]=Oop [88]=NarrowOop [92]=NarrowOop [96]=Oop [104]=Oop [120]=Oop [160]=Oop [192]=NarrowOop }
                      ;*if_icmpge {reexecute=1 rethrow=0 return_oop=0}
                      ; - (reexecute) java.lang.StringLatin1::replace@61
                      ; - java.lang.String::replace@18
                      ; - java.net.URLClassLoader::isSealed@9
                      ; - java.net.URLClassLoader::getAndVerifyPackage@68
                      ; - java.net.URLClassLoader::defineClass@46
                      ; - java.net.URLClassLoader$1::run@43
                      ; - java.net.URLClassLoader$1::run@1
                      ; - java.security.AccessController::executePrivileged@29
                      ; - java.security.AccessController::doPrivileged@13
                      ; - java.net.URLClassLoader::findClass@13
  0x000001d1d215bea0: dc84 88ff 

  0x000001d1d215bea4: ;   {other}
  0x000001d1d215bea4: 0f1f 8400 | 1479 008d | b901 0000 | 00e9 ceac | ffff ba45 | ffff ff48 | 8bac 24b0 | 0000 004c 
  0x000001d1d215bec4: 8b54 2430 | 4c89 5424 | 204c 8b94 | 24b8 0000 | 004c 8954 | 2430 4c8b | 5424 784c | 8954 2440 
  0x000001d1d215bee4: 4c8b 5424 | 504c 8954 | 2448 4c89 | 6c24 704c | 8974 2478 | 448b 9c24 | 8800 0000 | 4489 5c24 
  0x000001d1d215bf04: 544c 89ac | 2488 0000 | 0044 8984 | 24a0 0000 | 0044 898c | 24a4 0000 | 0066 6690 

  0x000001d1d215bf20: ;   {runtime_call UncommonTrapBlob}
  0x000001d1d215bf20: c5f8 77e8 

  0x000001d1d215bf24: ; ImmutableOopMap {rbp=Oop [32]=Oop [48]=Oop [64]=Oop [84]=NarrowOop [112]=Oop [120]=Oop [136]=Oop [160]=NarrowOop }
                      ;*ifle {reexecute=1 rethrow=0 return_oop=0}
                      ; - (reexecute) java.util.concurrent.ConcurrentHashMap::get@23
                      ; - java.lang.ClassLoader::definePackage@47
                      ; - java.lang.ClassLoader::getDefinedPackage@32
                      ; - java.net.URLClassLoader::getAndVerifyPackage@2
                      ; - java.net.URLClassLoader::defineClass@46
                      ; - java.net.URLClassLoader$1::run@43
                      ; - java.net.URLClassLoader$1::run@1
                      ; - java.security.AccessController::executePrivileged@29
                      ; - java.security.AccessController::doPrivileged@13
                      ; - java.net.URLClassLoader::findClass@13
  0x000001d1d215bf24: 5884 88ff 

  0x000001d1d215bf28: ;   {other}
  0x000001d1d215bf28: 0f1f 8400 | 9879 008e | ba45 ffff | ff48 8bac | 24b0 0000 | 004c 8b54 | 2430 4c89 | 5424 204c 
  0x000001d1d215bf48: 8b94 24b8 | 0000 004c | 8954 2430 | 4c8b 5424 | 784c 8954 | 2440 4c8b | 5424 504c | 8954 2448 
  0x000001d1d215bf68: 448b 9424 | 8800 0000 | 4489 5424 | 504c 896c | 2468 4c89 | 4c24 704c | 8974 2478 | 4c89 b424 
  0x000001d1d215bf88: 8000 0000 | 4889 8424 | 9800 0000 | 894c 2454 

  0x000001d1d215bf98: ;   {runtime_call UncommonTrapBlob}
  0x000001d1d215bf98: c5f8 77e8 

  0x000001d1d215bf9c: ; ImmutableOopMap {rbp=Oop [32]=Oop [48]=Oop [64]=Oop [80]=NarrowOop [104]=Oop [112]=Oop [120]=Oop [128]=Oop [152]=Oop }
                      ;*ifle {reexecute=1 rethrow=0 return_oop=0}
                      ; - (reexecute) java.util.HashMap::getNode@14
                      ; - java.util.HashMap::get@2
                      ; - java.util.jar.Manifest::getAttributes@5
                      ; - java.util.jar.Manifest::getTrustedAttributes@2
                      ; - java.util.jar.JavaUtilJarAccessImpl::getTrustedAttributes@2
                      ; - java.net.URLClassLoader::isSealed@18
                      ; - java.net.URLClassLoader::getAndVerifyPackage@68
                      ; - java.net.URLClassLoader::defineClass@46
                      ; - java.net.URLClassLoader$1::run@43
                      ; - java.net.URLClassLoader$1::run@1
                      ; - java.security.AccessController::executePrivileged@29
                      ; - java.security.AccessController::doPrivileged@13
                      ; - java.net.URLClassLoader::findClass@13
  0x000001d1d215bf9c: e083 88ff 

  0x000001d1d215bfa0: ;   {other}
  0x000001d1d215bfa0: 0f1f 8400 | 107a 008f | ba45 ffff | ff4c 8b94 | 24b0 0000 | 004c 8954 | 2420 4c8b | 5424 304c 
  0x000001d1d215bfc0: 8954 2428 | 4c8b 9424 | b800 0000 | 4c89 5424 | 384c 8b54 | 2478 4c89 | 5424 4844 | 8b9c 2488 
  0x000001d1d215bfe0: 0000 0044 | 895c 2458 | 4c89 7424 | 684c 896c | 2470 4c89 | 4c24 7848 | 899c 2490 | 0000 0090 
  0x000001d1d215c000: ;   {runtime_call UncommonTrapBlob}
  0x000001d1d215c000: c5f8 77e8 

  0x000001d1d215c004: ; ImmutableOopMap {[32]=Oop [40]=Oop [56]=Oop [72]=Oop [88]=NarrowOop [104]=Oop [112]=Oop [120]=Oop [144]=Oop }
                      ;*ifle {reexecute=1 rethrow=0 return_oop=0}
                      ; - (reexecute) java.util.HashMap::getNode@14
                      ; - java.util.LinkedHashMap::get@2
                      ; - java.util.jar.Attributes::get@5
                      ; - java.util.jar.Attributes::getValue@2
                      ; - java.net.URLClassLoader::isSealed@58
                      ; - java.net.URLClassLoader::getAndVerifyPackage@68
                      ; - java.net.URLClassLoader::defineClass@46
                      ; - java.net.URLClassLoader$1::run@43
                      ; - java.net.URLClassLoader$1::run@1
                      ; - java.security.AccessController::executePrivileged@29
                      ; - java.security.AccessController::doPrivileged@13
                      ; - java.net.URLClassLoader::findClass@13
  0x000001d1d215c004: 7883 88ff 

  0x000001d1d215c008: ;   {other}
  0x000001d1d215c008: 0f1f 8400 | 787a 0090 | ba45 ffff | ff4c 8b94 | 24b0 0000 | 004c 8954 | 2420 4c8b | 5424 304c 
  0x000001d1d215c028: 8954 2428 | 4c8b 9424 | b800 0000 | 4c89 5424 | 384c 8b54 | 2478 4c89 | 5424 4844 | 8b9c 2488 
  0x000001d1d215c048: 0000 004c | 896c 2478 | 4c89 b424 | 8000 0000 | 4489 5c24 | 5c4c 898c | 2488 0000 | 0066 6690 
  0x000001d1d215c068: ;   {runtime_call UncommonTrapBlob}
  0x000001d1d215c068: c5f8 77e8 

  0x000001d1d215c06c: ; ImmutableOopMap {rbp=NarrowOop [32]=Oop [40]=Oop [56]=Oop [72]=Oop [92]=NarrowOop [120]=Oop [128]=Oop [136]=Oop }
                      ;*ifnull {reexecute=1 rethrow=0 return_oop=0}
                      ; - (reexecute) java.lang.Package::isSealed@17
                      ; - java.net.URLClassLoader::getAndVerifyPackage@14
                      ; - java.net.URLClassLoader::defineClass@46
                      ; - java.net.URLClassLoader$1::run@43
                      ; - java.net.URLClassLoader$1::run@1
                      ; - java.security.AccessController::executePrivileged@29
                      ; - java.security.AccessController::doPrivileged@13
                      ; - java.net.URLClassLoader::findClass@13
  0x000001d1d215c06c: 1083 88ff 

  0x000001d1d215c070: ;   {other}
  0x000001d1d215c070: 0f1f 8400 | e07a 0091 | ba45 ffff | ff48 8bac | 24b0 0000 | 004c 8b5c | 2430 4c89 | 5c24 204c 
  0x000001d1d215c090: 8b9c 24b8 | 0000 004c | 895c 2430 | 4c8b 5c24 | 784c 895c | 2440 4c8b | 5c24 504c | 895c 2448 
  0x000001d1d215c0b0: 448b 8424 | 8800 0000 | 4489 4424 | 504c 896c | 2468 4c89 | 4c24 704c | 8974 2478 | 4c89 b424 
  0x000001d1d215c0d0: 8000 0000 | 4489 5424 | 5448 899c | 2498 0000 | 0048 89b4 | 24a0 0000 | 0089 8c24 | a800 0000 
  0x000001d1d215c0f0: ;   {runtime_call UncommonTrapBlob}
  0x000001d1d215c0f0: c5f8 77e8 

  0x000001d1d215c0f4: ; ImmutableOopMap {rbp=Oop [32]=Oop [48]=Oop [64]=Oop [80]=NarrowOop [84]=NarrowOop [104]=Oop [112]=Oop [120]=Oop [128]=Oop [152]=Oop }
                      ;*if_icmpne {reexecute=1 rethrow=0 return_oop=0}
                      ; - (reexecute) java.lang.StringConcatHelper::mix@13
                      ; - java.lang.StringConcatHelper::simpleConcat@46
                      ; - java.lang.String::concat@11
                      ; - java.net.URLClassLoader::isSealed@15
                      ; - java.net.URLClassLoader::getAndVerifyPackage@68
                      ; - java.net.URLClassLoader::defineClass@46
                      ; - java.net.URLClassLoader$1::run@43
                      ; - java.net.URLClassLoader$1::run@1
                      ; - java.security.AccessController::executePrivileged@29
                      ; - java.security.AccessController::doPrivileged@13
                      ; - java.net.URLClassLoader::findClass@13
  0x000001d1d215c0f4: 8882 88ff 

  0x000001d1d215c0f8: ;   {other}
  0x000001d1d215c0f8: 0f1f 8400 | 687b 0092 | ba45 ffff | ff48 8bac | 24b0 0000 | 004c 8b54 | 2430 4c89 | 5424 204c 
  0x000001d1d215c118: 8b94 24b8 | 0000 004c | 8954 2430 | 4c8b 5424 | 784c 8954 | 2440 4c8b | 5424 504c | 8954 2448 
  0x000001d1d215c138: 448b 9c24 | 8800 0000 | 4489 5c24 | 504c 896c | 2468 4c8b | 9424 9000 | 0000 4c89 | 5424 704c 
  0x000001d1d215c158: 8974 2478 | 448b 9424 | a000 0000 | 4489 5424 | 5448 899c | 2498 0000 | 004c 898c | 24a0 0000 
  0x000001d1d215c178: 0066 6690 

  0x000001d1d215c17c: ;   {runtime_call UncommonTrapBlob}
  0x000001d1d215c17c: c5f8 77e8 

  0x000001d1d215c180: ; ImmutableOopMap {rbp=Oop [32]=Oop [48]=Oop [64]=Oop [80]=NarrowOop [84]=NarrowOop [104]=Oop [112]=Oop [120]=Oop [128]=Oop [152]=Oop }
                      ;*ifge {reexecute=1 rethrow=0 return_oop=0}
                      ; - (reexecute) java.lang.StringConcatHelper::newArray@13
                      ; - java.lang.StringConcatHelper::simpleConcat@61
                      ; - java.lang.String::concat@11
                      ; - java.net.URLClassLoader::isSealed@15
                      ; - java.net.URLClassLoader::getAndVerifyPackage@68
                      ; - java.net.URLClassLoader::defineClass@46
                      ; - java.net.URLClassLoader$1::run@43
                      ; - java.net.URLClassLoader$1::run@1
                      ; - java.security.AccessController::executePrivileged@29
                      ; - java.security.AccessController::doPrivileged@13
                      ; - java.net.URLClassLoader::findClass@13
  0x000001d1d215c180: fc81 88ff 

  0x000001d1d215c184: ;   {other}
  0x000001d1d215c184: 0f1f 8400 | f47b 0093 | 33ed eb02 | 8be8 ba45 | ffff ff4c | 8b94 24b0 | 0000 004c | 8954 2420 
  0x000001d1d215c1a4: 4c8b 5424 | 304c 8954 | 2428 4c8b | 9424 b800 | 0000 4c89 | 5424 384c | 8b54 2478 | 4c89 5424 
  0x000001d1d215c1c4: 484c 896c | 2478 4c89 | b424 8000 | 0000 448b | 9c24 8800 | 0000 4489 | 5c24 5c4c | 89ac 2490 
  0x000001d1d215c1e4: 0000 0044 | 898c 24b0 | 0000 0044 | 8984 24b4 | 0000 0090 

  0x000001d1d215c1f8: ;   {runtime_call UncommonTrapBlob}
  0x000001d1d215c1f8: c5f8 77e8 

  0x000001d1d215c1fc: ; ImmutableOopMap {[32]=Oop [40]=Oop [56]=Oop [72]=Oop [92]=NarrowOop [120]=Oop [128]=Oop [144]=Oop [176]=NarrowOop }
                      ;*ifeq {reexecute=1 rethrow=0 return_oop=0}
                      ; - (reexecute) java.util.concurrent.ConcurrentHashMap::get@76
                      ; - java.lang.ClassLoader::getDefinedPackage@13
                      ; - java.net.URLClassLoader::getAndVerifyPackage@2
                      ; - java.net.URLClassLoader::defineClass@46
                      ; - java.net.URLClassLoader$1::run@43
                      ; - java.net.URLClassLoader$1::run@1
                      ; - java.security.AccessController::executePrivileged@29
                      ; - java.security.AccessController::doPrivileged@13
                      ; - java.net.URLClassLoader::findClass@13
  0x000001d1d215c1fc: 8081 88ff 

  0x000001d1d215c200: ;   {other}
  0x000001d1d215c200: 0f1f 8400 | 707c 0094 | 4c8b 6c24 | 404c 8b74 | 2448 ba45 | ffff ff48 | 8bac 24b0 | 0000 004c 
  0x000001d1d215c220: 8b54 2430 | 4c89 5424 | 204c 8b94 | 24b8 0000 | 004c 8954 | 2430 4c8b | 5424 784c | 8954 2440 
  0x000001d1d215c240: 4c8b 5424 | 504c 8954 | 2448 4c89 | 7424 604c | 896c 2468 

  0x000001d1d215c254: ;   {runtime_call UncommonTrapBlob}
  0x000001d1d215c254: c5f8 77e8 

  0x000001d1d215c258: ; ImmutableOopMap {rbp=Oop [32]=Oop [48]=Oop [64]=Oop [96]=Oop [104]=Oop [136]=NarrowOop }
                      ;*ifeq {reexecute=1 rethrow=0 return_oop=0}
                      ; - (reexecute) java.net.URLClassLoader::getAndVerifyPackage@71
                      ; - java.net.URLClassLoader::defineClass@46
                      ; - java.net.URLClassLoader$1::run@43
                      ; - java.net.URLClassLoader$1::run@1
                      ; - java.security.AccessController::executePrivileged@29
                      ; - java.security.AccessController::doPrivileged@13
                      ; - java.net.URLClassLoader::findClass@13
  0x000001d1d215c258: 2481 88ff 

  0x000001d1d215c25c: ;   {other}
  0x000001d1d215c25c: 0f1f 8400 | cc7c 0095 | baf6 ffff | ff48 8bac | 24b0 0000 | 004c 8b54 | 2430 4c89 | 5424 204c 
  0x000001d1d215c27c: 8b94 24b8 | 0000 004c | 8954 2430 | 4c8b 5424 | 784c 8954 | 2440 4c8b | 5424 504c | 8954 2448 
  0x000001d1d215c29c: 4c89 7424 | 604c 896c | 2468 4c89 | 8c24 8000 | 0000 6690 

  0x000001d1d215c2b0: ;   {runtime_call UncommonTrapBlob}
  0x000001d1d215c2b0: c5f8 77e8 

  0x000001d1d215c2b4: ; ImmutableOopMap {rbp=Oop [32]=Oop [48]=Oop [64]=Oop [96]=Oop [104]=Oop [128]=Oop [136]=NarrowOop }
                      ;*invokevirtual compute {reexecute=0 rethrow=0 return_oop=0}
                      ; - java.lang.ClassLoader::definePackage@78
                      ; - java.lang.ClassLoader::getDefinedPackage@32
                      ; - java.net.URLClassLoader::getAndVerifyPackage@2
                      ; - java.net.URLClassLoader::defineClass@46
                      ; - java.net.URLClassLoader$1::run@43
                      ; - java.net.URLClassLoader$1::run@1
                      ; - java.security.AccessController::executePrivileged@29
                      ; - java.security.AccessController::doPrivileged@13
                      ; - java.net.URLClassLoader::findClass@13
  0x000001d1d215c2b4: c880 88ff 

  0x000001d1d215c2b8: ;   {other}
  0x000001d1d215c2b8: 0f1f 8400 | 287d 0096 | ba3f 0000 | 0048 8b6c | 2440 4c8b | 5424 304c | 8954 2420 | 4c8b 9424 
  0x000001d1d215c2d8: b800 0000 | 4c89 5424 | 304c 8b54 | 2478 4c89 | 5424 404c | 8b54 2450 | 4c89 5424 | 4844 8b9c 
  0x000001d1d215c2f8: 2488 0000 | 0044 895c | 2450 6690 

  0x000001d1d215c304: ;   {runtime_call UncommonTrapBlob}
  0x000001d1d215c304: c5f8 77e8 

  0x000001d1d215c308: ; ImmutableOopMap {rbp=Oop [32]=Oop [48]=Oop [64]=Oop [80]=NarrowOop [96]=Oop [104]=Oop [112]=Oop [144]=Oop }
                      ;*new {reexecute=0 rethrow=0 return_oop=0}
                      ; - java.util.jar.Manifest::getTrustedAttributes@28
                      ; - java.util.jar.JavaUtilJarAccessImpl::getTrustedAttributes@2
                      ; - java.net.URLClassLoader::isSealed@18
                      ; - java.net.URLClassLoader::getAndVerifyPackage@68
                      ; - java.net.URLClassLoader::defineClass@46
                      ; - java.net.URLClassLoader$1::run@43
                      ; - java.net.URLClassLoader$1::run@1
                      ; - java.security.AccessController::executePrivileged@29
                      ; - java.security.AccessController::doPrivileged@13
                      ; - java.net.URLClassLoader::findClass@13
  0x000001d1d215c308: 7480 88ff 

  0x000001d1d215c30c: ;   {other}
  0x000001d1d215c30c: 0f1f 8400 | 7c7d 0097 | 498b d7c5 | f877 49ba | 60a3 e3a1 | f87f 0000 

  0x000001d1d215c324: ;   {other}
  0x000001d1d215c324: 41ff d20f | 1f84 0000 | 0000 00e9 | e293 ffff | 33ed eb02 | 8be8 ba45 | ffff ff4c | 8b94 24b0 
  0x000001d1d215c344: 0000 004c | 8954 2420 | 4c8b 5424 | 304c 8954 | 2428 4c8b | 9424 b800 | 0000 4c89 | 5424 384c 
  0x000001d1d215c364: 8b54 2478 | 4c89 5424 | 4844 8b9c | 2488 0000 | 004c 896c | 2478 4c89 | b424 8000 | 0000 4489 
  0x000001d1d215c384: 5c24 5c4c | 89ac 2490 | 0000 0044 | 8984 24b0 | 0000 00c5 | fa11 8c24 | b400 0000 | 4489 8c24 
  0x000001d1d215c3a4: b800 0000 

  0x000001d1d215c3a8: ;   {runtime_call UncommonTrapBlob}
  0x000001d1d215c3a8: c5f8 77e8 

  0x000001d1d215c3ac: ; ImmutableOopMap {[32]=Oop [40]=Oop [56]=Oop [72]=Oop [92]=NarrowOop [120]=Oop [128]=Oop [144]=Oop [176]=NarrowOop [180]=NarrowOop }
                      ;*ifeq {reexecute=1 rethrow=0 return_oop=0}
                      ; - (reexecute) java.util.concurrent.ConcurrentHashMap::get@76
                      ; - java.lang.ClassLoader::definePackage@47
                      ; - java.lang.ClassLoader::getDefinedPackage@32
                      ; - java.net.URLClassLoader::getAndVerifyPackage@2
                      ; - java.net.URLClassLoader::defineClass@46
                      ; - java.net.URLClassLoader$1::run@43
                      ; - java.net.URLClassLoader$1::run@1
                      ; - java.security.AccessController::executePrivileged@29
                      ; - java.security.AccessController::doPrivileged@13
                      ; - java.net.URLClassLoader::findClass@13
  0x000001d1d215c3ac: d07f 88ff 

  0x000001d1d215c3b0: ;   {other}
  0x000001d1d215c3b0: 0f1f 8400 | 207e 0098 | ba45 ffff | ff4c 8b9c | 24b0 0000 | 004c 895c | 2420 4c8b | 5c24 304c 
  0x000001d1d215c3d0: 895c 2428 | 4c8b 9c24 | b800 0000 | 4c89 5c24 | 384c 8b5c | 2478 4c89 | 5c24 4844 | 8b84 2488 
  0x000001d1d215c3f0: 0000 004c | 896c 2478 | 4c89 b424 | 8000 0000 | 4489 4424 | 5c4c 89ac | 2490 0000 | 0044 898c 
  0x000001d1d215c410: 24b0 0000 | 0044 8994 | 24b4 0000 | 0089 9c24 | b800 0000 

  0x000001d1d215c424: ;   {runtime_call UncommonTrapBlob}
  0x000001d1d215c424: c5f8 77e8 

  0x000001d1d215c428: ; ImmutableOopMap {[32]=Oop [40]=Oop [56]=Oop [72]=Oop [92]=NarrowOop [120]=Oop [128]=Oop [144]=Oop [176]=NarrowOop }
                      ;*if_icmpne {reexecute=1 rethrow=0 return_oop=0}
                      ; - (reexecute) java.lang.String::equals@33
                      ; - java.util.concurrent.ConcurrentHashMap::get@73
                      ; - java.lang.ClassLoader::getDefinedPackage@13
                      ; - java.net.URLClassLoader::getAndVerifyPackage@2
                      ; - java.net.URLClassLoader::defineClass@46
                      ; - java.net.URLClassLoader$1::run@43
                      ; - java.net.URLClassLoader$1::run@1
                      ; - java.security.AccessController::executePrivileged@29
                      ; - java.security.AccessController::doPrivileged@13
                      ; - java.net.URLClassLoader::findClass@13
  0x000001d1d215c428: 547f 88ff 

  0x000001d1d215c42c: ;   {other}
  0x000001d1d215c42c: 0f1f 8400 | 9c7e 0099 | ba45 ffff | ff48 8b6c | 2438 4c8b | 5424 304c | 8954 2420 | 4c8b 9424 
  0x000001d1d215c44c: b800 0000 | 4c89 5424 | 304c 8b54 | 2478 4c89 | 5424 404c | 8b54 2450 | 4c89 5424 | 4844 8b9c 
  0x000001d1d215c46c: 2488 0000 | 0044 895c | 2450 4889 | 8424 9000 | 0000 6690 

  0x000001d1d215c480: ;   {runtime_call UncommonTrapBlob}
  0x000001d1d215c480: c5f8 77e8 

  0x000001d1d215c484: ; ImmutableOopMap {rbp=Oop [32]=Oop [48]=Oop [64]=Oop [80]=NarrowOop [96]=Oop [104]=Oop [112]=Oop [144]=Oop }
                      ;*ifnonnull {reexecute=1 rethrow=0 return_oop=0}
                      ; - (reexecute) java.net.URLClassLoader::isSealed@42
                      ; - java.net.URLClassLoader::getAndVerifyPackage@68
                      ; - java.net.URLClassLoader::defineClass@46
                      ; - java.net.URLClassLoader$1::run@43
                      ; - java.net.URLClassLoader$1::run@1
                      ; - java.security.AccessController::executePrivileged@29
                      ; - java.security.AccessController::doPrivileged@13
                      ; - java.net.URLClassLoader::findClass@13
  0x000001d1d215c484: f87e 88ff 

  0x000001d1d215c488: ;   {other}
  0x000001d1d215c488: 0f1f 8400 | f87e 009a | ba45 ffff | ff4c 8b94 | 24b0 0000 | 004c 8954 | 2420 4c8b | 5424 304c 
  0x000001d1d215c4a8: 8954 2428 | 4c8b 9424 | b800 0000 | 4c89 5424 | 384c 8b54 | 2478 4c89 | 5424 4844 | 8b9c 2488 
  0x000001d1d215c4c8: 0000 0044 | 895c 2458 | 4c89 7424 | 684c 896c | 2470 4c89 | 4c24 7848 | 899c 2490 | 0000 0048 
  0x000001d1d215c4e8: 89bc 2498 | 0000 0090 

  0x000001d1d215c4f0: ;   {runtime_call UncommonTrapBlob}
  0x000001d1d215c4f0: c5f8 77e8 

  0x000001d1d215c4f4: ; ImmutableOopMap {[32]=Oop [40]=Oop [56]=Oop [72]=Oop [88]=NarrowOop [104]=Oop [112]=Oop [120]=Oop [144]=Oop [152]=Oop }
                      ;*ifeq {reexecute=1 rethrow=0 return_oop=0}
                      ; - (reexecute) java.util.LinkedHashMap::get@16
                      ; - java.util.jar.Attributes::get@5
                      ; - java.util.jar.Attributes::getValue@2
                      ; - java.net.URLClassLoader::isSealed@58
                      ; - java.net.URLClassLoader::getAndVerifyPackage@68
                      ; - java.net.URLClassLoader::defineClass@46
                      ; - java.net.URLClassLoader$1::run@43
                      ; - java.net.URLClassLoader$1::run@1
                      ; - java.security.AccessController::executePrivileged@29
                      ; - java.security.AccessController::doPrivileged@13
                      ; - java.net.URLClassLoader::findClass@13
  0x000001d1d215c4f4: 887e 88ff 

  0x000001d1d215c4f8: ;   {other}
  0x000001d1d215c4f8: 0f1f 8400 | 687f 009b | 4c89 4c24 | 4844 8974 | 2440 4c89 | 5c24 3848 | ff74 2428 | 488f 4424 
  0x000001d1d215c518: 208b ac24 | 8800 0000 

  0x000001d1d215c520: ;   {metadata('java/io/FileInputStream')}
  0x000001d1d215c520: 48ba 401a | 01df d101 | 0000 4c8b | 9424 b000 | 0000 4c89 | 5424 284c | 8b94 24b8 | 0000 004c 
  0x000001d1d215c540: 8954 2468 

  0x000001d1d215c544: ;   {runtime_call _new_instance_Java}
  0x000001d1d215c544: c5f8 77e8 

  0x000001d1d215c548: ; ImmutableOopMap {rbp=NarrowOop [32]=Oop [40]=Oop [48]=Oop [72]=Oop [104]=Oop [120]=Oop [176]=Oop [184]=Oop }
                      ;*new {reexecute=0 rethrow=0 return_oop=1}
                      ; - jdk.internal.loader.URLClassPath$FileLoader$1::getInputStream@0
                      ; - jdk.internal.loader.Resource::cachedInputStream@9
                      ; - jdk.internal.loader.Resource::getByteBuffer@1
                      ; - java.net.URLClassLoader::defineClass@132
                      ; - java.net.URLClassLoader$1::run@43
                      ; - java.net.URLClassLoader$1::run@1
                      ; - java.security.AccessController::executePrivileged@29
                      ; - java.security.AccessController::doPrivileged@13
                      ; - java.net.URLClassLoader::findClass@13
  0x000001d1d215c548: b443 8bff 

  0x000001d1d215c54c: ;   {other}
  0x000001d1d215c54c: 0f1f 8400 | bc7f 009c | 89ac 2488 | 0000 004c | 8b5c 2438 | 448b 7424 | 404c 8b4c | 2448 48ff 
  0x000001d1d215c56c: 7424 2048 | 8f44 2428 | e97d c8ff | ff48 895c | 2448 4c89 | 4c24 4044 | 8974 2424 | 4c89 5c24 
  0x000001d1d215c58c: 3844 8b9c | 2488 0000 | 0044 895c 

  0x000001d1d215c598: ;   {metadata('java/lang/Object')}
  0x000001d1d215c598: 2420 48ba | 900e 00df | d101 0000 | 4c8b 9424 | b000 0000 | 4c89 5424 | 6066 6690 

  0x000001d1d215c5b4: ;   {runtime_call _new_instance_Java}
  0x000001d1d215c5b4: c5f8 77e8 

  0x000001d1d215c5b8: ; ImmutableOopMap {rbp=NarrowOop [32]=NarrowOop [40]=Oop [48]=Oop [64]=Oop [72]=Oop [96]=Oop [120]=Oop [176]=Oop [184]=Oop }
                      ;*new {reexecute=0 rethrow=0 return_oop=1}
                      ; - java.io.FileInputStream::<init>@5
                      ; - jdk.internal.loader.URLClassPath$FileLoader$1::getInputStream@8
                      ; - jdk.internal.loader.Resource::cachedInputStream@9
                      ; - jdk.internal.loader.Resource::getByteBuffer@1
                      ; - java.net.URLClassLoader::defineClass@132
                      ; - java.net.URLClassLoader$1::run@43
                      ; - java.net.URLClassLoader$1::run@1
                      ; - java.security.AccessController::executePrivileged@29
                      ; - java.security.AccessController::doPrivileged@13
                      ; - java.net.URLClassLoader::findClass@13
  0x000001d1d215c5b8: 4443 8bff 

  0x000001d1d215c5bc: ;   {other}
  0x000001d1d215c5bc: 0f1f 8400 | 2c80 009d | 448b 5424 | 2044 8994 | 2488 0000 | 004c 8b5c | 2438 448b | 7424 244c 
  0x000001d1d215c5dc: 8b4c 2440 | 488b 5c24 | 48e9 4fc8 

  0x000001d1d215c5e8: ;   {metadata('java/io/FileDescriptor')}
  0x000001d1d215c5e8: ffff 48ba | e824 01df | d101 0000 

  0x000001d1d215c5f4: ;   {runtime_call _new_instance_Java}
  0x000001d1d215c5f4: c5f8 77e8 

  0x000001d1d215c5f8: ; ImmutableOopMap {rbp=Oop [40]=Oop [48]=Oop [64]=Oop [104]=Oop [112]=Oop [120]=Oop [136]=NarrowOop [176]=Oop [184]=Oop }
                      ;*new {reexecute=0 rethrow=0 return_oop=1}
                      ; - java.io.FileInputStream::<init>@71
                      ; - jdk.internal.loader.URLClassPath$FileLoader$1::getInputStream@8
                      ; - jdk.internal.loader.Resource::cachedInputStream@9
                      ; - jdk.internal.loader.Resource::getByteBuffer@1
                      ; - java.net.URLClassLoader::defineClass@132
                      ; - java.net.URLClassLoader$1::run@43
                      ; - java.net.URLClassLoader$1::run@1
                      ; - java.security.AccessController::executePrivileged@29
                      ; - java.security.AccessController::doPrivileged@13
                      ; - java.net.URLClassLoader::findClass@13
  0x000001d1d215c5f8: 0443 8bff 

  0x000001d1d215c5fc: ;   {other}
  0x000001d1d215c5fc: 0f1f 8400 | 6c80 009e | 4c8b c8e9 | 67c9 ffff | ba45 ffff | ff4c 8b94 | 24b0 0000 | 004c 8954 
  0x000001d1d215c61c: 2420 4c8b | 5424 304c | 8954 2428 | 4c8b 9424 | b800 0000 | 4c89 5424 | 384c 8b54 | 2478 4c89 
  0x000001d1d215c63c: 5424 4844 | 8b9c 2488 | 0000 004c | 896c 2478 | 4c89 b424 | 8000 0000 | 4489 5c24 | 5c4c 89ac 
  0x000001d1d215c65c: 2490 0000 | 0044 8984 | 24b0 0000 | 00c5 fa11 | 8c24 b400 | 0000 4489 | 8c24 b800 | 0000 898c 
  0x000001d1d215c67c: 24bc 0000 | 0066 6690 

  0x000001d1d215c684: ;   {runtime_call UncommonTrapBlob}
  0x000001d1d215c684: c5f8 77e8 

  0x000001d1d215c688: ; ImmutableOopMap {[32]=Oop [40]=Oop [56]=Oop [72]=Oop [92]=NarrowOop [120]=Oop [128]=Oop [144]=Oop [176]=NarrowOop [180]=NarrowOop }
                      ;*if_icmpne {reexecute=1 rethrow=0 return_oop=0}
                      ; - (reexecute) java.lang.String::equals@33
                      ; - java.util.concurrent.ConcurrentHashMap::get@73
                      ; - java.lang.ClassLoader::definePackage@47
                      ; - java.lang.ClassLoader::getDefinedPackage@32
                      ; - java.net.URLClassLoader::getAndVerifyPackage@2
                      ; - java.net.URLClassLoader::defineClass@46
                      ; - java.net.URLClassLoader$1::run@43
                      ; - java.net.URLClassLoader$1::run@1
                      ; - java.security.AccessController::executePrivileged@29
                      ; - java.security.AccessController::doPrivileged@13
                      ; - java.net.URLClassLoader::findClass@13
  0x000001d1d215c688: f47c 88ff 

  0x000001d1d215c68c: ;   {other}
  0x000001d1d215c68c: 0f1f 8400 | fc80 009f | bade ffff | ff4c 8b5c | 2430 4c89 | 5c24 204c | 8b5c 2478 | 4c89 5c24 
  0x000001d1d215c6ac: 284c 8b5c | 2440 4c89 | 5c24 304c | 8b5c 2450 | 4c89 5c24 | 4044 8b9c | 2488 0000 | 0044 895c 
  0x000001d1d215c6cc: 2448 4c8b | 5c24 704c | 895c 2468 | 4c8b 9c24 | 9000 0000 | 4c89 5c24 | 704c 8b9c | 2480 0000 
  0x000001d1d215c6ec: 004c 895c | 2478 4c89 | 8424 9000 | 0000 4c89 | 9424 9800 | 0000 6690 

  0x000001d1d215c704: ;   {runtime_call UncommonTrapBlob}
  0x000001d1d215c704: c5f8 77e8 

  0x000001d1d215c708: ; ImmutableOopMap {rbp=Oop [32]=Oop [40]=Oop [48]=Oop [72]=NarrowOop [104]=Oop [112]=Oop [120]=Oop [144]=Oop [152]=Oop [216]=Oop }
                      ;*invokevirtual getName {reexecute=0 rethrow=0 return_oop=0}
                      ; - java.util.jar.JarFile::getManifestFromReference@74
                      ; - java.util.jar.JarFile::getManifest@1
                      ; - jdk.internal.loader.URLClassPath$JarLoader$2::getManifest@22
                      ; - java.net.URLClassLoader::defineClass@34
                      ; - java.net.URLClassLoader$1::run@43
                      ; - java.net.URLClassLoader$1::run@1
                      ; - java.security.AccessController::executePrivileged@29
                      ; - java.security.AccessController::doPrivileged@13
                      ; - java.net.URLClassLoader::findClass@13
  0x000001d1d215c708: 747c 88ff 

  0x000001d1d215c70c: ;   {other}
  0x000001d1d215c70c: 0f1f 8400 | 7c81 00a0 | ba0f 0000 | 004c 8b54 | 2438 4c89 | 5424 204c | 8b54 2430 | 4c89 5424 
  0x000001d1d215c72c: 284c 8b54 | 2478 4c89 | 5424 304c | 8b94 24b8 | 0000 004c | 8954 2438 | 4c8b 5424 | 504c 8954 
  0x000001d1d215c74c: 2448 448b | 9c24 8800 | 0000 4489 | 5c24 504c | 8b94 2490 | 0000 004c | 8994 2488 | 0000 0090 
  0x000001d1d215c76c: ;   {runtime_call UncommonTrapBlob}
  0x000001d1d215c76c: c5f8 77e8 

  0x000001d1d215c770: ; ImmutableOopMap {rbp=Oop [32]=Oop [40]=Oop [48]=Oop [56]=Oop [80]=NarrowOop [112]=Oop [128]=Oop [136]=Oop [152]=Oop [216]=Oop }
                      ;*new {reexecute=0 rethrow=0 return_oop=0}
                      ; - java.util.Hashtable::<init>@53
                      ; - java.util.Hashtable::<init>@5
                      ; - java.util.jar.JarVerifier::<init>@39
                      ; - java.util.jar.JarFile::getManifestFromReference@78
                      ; - java.util.jar.JarFile::getManifest@1
                      ; - jdk.internal.loader.URLClassPath$JarLoader$2::getManifest@22
                      ; - java.net.URLClassLoader::defineClass@34
                      ; - java.net.URLClassLoader$1::run@43
                      ; - java.net.URLClassLoader$1::run@1
                      ; - java.security.AccessController::executePrivileged@29
                      ; - java.security.AccessController::doPrivileged@13
                      ; - java.net.URLClassLoader::findClass@13
  0x000001d1d215c770: 0c7c 88ff 

  0x000001d1d215c774: ;   {other}
  0x000001d1d215c774: 0f1f 8400 | e481 00a1 | ba0f 0000 | 004c 8b54 | 2438 4c89 | 5424 204c | 8b54 2430 | 4c89 5424 
  0x000001d1d215c794: 284c 8b54 | 2478 4c89 | 5424 304c | 8b94 24b8 | 0000 004c | 8954 2438 | 4c8b 5424 | 504c 8954 
  0x000001d1d215c7b4: 2448 448b | 9c24 8800 | 0000 4489 | 5c24 504c | 8b94 2490 | 0000 004c | 8994 2488 | 0000 0090 
  0x000001d1d215c7d4: ;   {runtime_call UncommonTrapBlob}
  0x000001d1d215c7d4: c5f8 77e8 

  0x000001d1d215c7d8: ; ImmutableOopMap {rbp=Oop [32]=Oop [40]=Oop [48]=Oop [56]=Oop [80]=NarrowOop [112]=Oop [128]=Oop [136]=Oop [152]=Oop [216]=Oop }
                      ;*new {reexecute=0 rethrow=0 return_oop=0}
                      ; - java.util.Hashtable::<init>@53
                      ; - java.util.Hashtable::<init>@5
                      ; - java.util.jar.JarVerifier::<init>@50
                      ; - java.util.jar.JarFile::getManifestFromReference@78
                      ; - java.util.jar.JarFile::getManifest@1
                      ; - jdk.internal.loader.URLClassPath$JarLoader$2::getManifest@22
                      ; - java.net.URLClassLoader::defineClass@34
                      ; - java.net.URLClassLoader$1::run@43
                      ; - java.net.URLClassLoader$1::run@1
                      ; - java.security.AccessController::executePrivileged@29
                      ; - java.security.AccessController::doPrivileged@13
                      ; - java.net.URLClassLoader::findClass@13
  0x000001d1d215c7d8: a47b 88ff 

  0x000001d1d215c7dc: ;   {other}
  0x000001d1d215c7dc: 0f1f 8400 | 4c82 00a2 | ba0f 0000 | 004c 8b54 | 2438 4c89 | 5424 204c | 8b54 2430 | 4c89 5424 
  0x000001d1d215c7fc: 284c 8b54 | 2478 4c89 | 5424 304c | 8b94 24b8 | 0000 004c | 8954 2438 | 4c8b 5424 | 504c 8954 
  0x000001d1d215c81c: 2448 448b | 9c24 8800 | 0000 4489 | 5c24 504c | 8b94 2490 | 0000 004c | 8994 2488 | 0000 0090 
  0x000001d1d215c83c: ;   {runtime_call UncommonTrapBlob}
  0x000001d1d215c83c: c5f8 77e8 

  0x000001d1d215c840: ; ImmutableOopMap {rbp=Oop [32]=Oop [40]=Oop [48]=Oop [56]=Oop [80]=NarrowOop [112]=Oop [128]=Oop [136]=Oop [152]=Oop [216]=Oop }
                      ;*new {reexecute=0 rethrow=0 return_oop=0}
                      ; - java.util.Hashtable::<init>@53
                      ; - java.util.Hashtable::<init>@4
                      ; - java.util.jar.JarVerifier::<init>@63
                      ; - java.util.jar.JarFile::getManifestFromReference@78
                      ; - java.util.jar.JarFile::getManifest@1
                      ; - jdk.internal.loader.URLClassPath$JarLoader$2::getManifest@22
                      ; - java.net.URLClassLoader::defineClass@34
                      ; - java.net.URLClassLoader$1::run@43
                      ; - java.net.URLClassLoader$1::run@1
                      ; - java.security.AccessController::executePrivileged@29
                      ; - java.security.AccessController::doPrivileged@13
                      ; - java.net.URLClassLoader::findClass@13
  0x000001d1d215c840: 3c7b 88ff 

  0x000001d1d215c844: ;   {other}
  0x000001d1d215c844: 0f1f 8400 | b482 00a3 | ba45 ffff | ff4c 8b9c | 24b0 0000 | 004c 895c | 2420 4c8b | 5c24 304c 
  0x000001d1d215c864: 895c 2428 | 4c8b 5c24 | 784c 895c | 2448 448b | 8424 8800 | 0000 4889 | 7c24 704c | 896c 2478 
  0x000001d1d215c884: 4c89 b424 | 8000 0000 | 4489 4424 | 5c48 89bc | 2488 0000 | 004c 89ac | 2490 0000 | 0048 898c 
  0x000001d1d215c8a4: 24b0 0000 | 0044 8994 | 24b8 0000 | 0066 6690 

  0x000001d1d215c8b4: ;   {runtime_call UncommonTrapBlob}
  0x000001d1d215c8b4: c5f8 77e8 

  0x000001d1d215c8b8: ; ImmutableOopMap {rbp=NarrowOop [32]=Oop [40]=Oop [72]=Oop [92]=NarrowOop [112]=Oop [120]=Oop [128]=Oop [136]=Oop [144]=Oop [176]=Oop }
                      ;*ifnull {reexecute=1 rethrow=0 return_oop=0}
                      ; - (reexecute) java.util.concurrent.ConcurrentHashMap::get@143
                      ; - java.lang.ClassLoader::getDefinedPackage@13
                      ; - java.net.URLClassLoader::getAndVerifyPackage@2
                      ; - java.net.URLClassLoader::defineClass@46
                      ; - java.net.URLClassLoader$1::run@43
                      ; - java.net.URLClassLoader$1::run@1
                      ; - java.security.AccessController::executePrivileged@29
                      ; - java.security.AccessController::doPrivileged@13
                      ; - java.net.URLClassLoader::findClass@13
  0x000001d1d215c8b8: c47a 88ff 

  0x000001d1d215c8bc: ;   {other}
  0x000001d1d215c8bc: 0f1f 8400 | 2c83 00a4 | 498b d849 | 8bd7 c5f8 | 7749 ba60 | a3e3 a1f8 | 7f00 0041 

  0x000001d1d215c8d8: ;   {other}
  0x000001d1d215c8d8: ffd2 0f1f | 8400 0000 | 0000 e926 | cfff ff49 | 8bd7 c5f8 | 7749 ba60 | a3e3 a1f8 | 7f00 0041 
  0x000001d1d215c8f8: ;   {other}
  0x000001d1d215c8f8: ffd2 0f1f | 8400 0000 | 0000 e9c3 | ceff ffba | deff ffff | 488b 6c24 | 384c 8b5c | 2430 4c89 
  0x000001d1d215c918: 5c24 204c | 8b5c 2478 | 4c89 5c24 | 284c 8b5c | 2448 4c89 | 5c24 304c | 8b5c 2450 | 4c89 5c24 
  0x000001d1d215c938: 404c 8b5c | 2470 4c89 | 5c24 684c | 8954 2478 | 4c89 8424 | 8000 0000 

  0x000001d1d215c950: ;   {runtime_call UncommonTrapBlob}
  0x000001d1d215c950: c5f8 77e8 

  0x000001d1d215c954: ; ImmutableOopMap {rbp=Oop [32]=Oop [40]=Oop [48]=Oop [104]=Oop [120]=Oop [128]=Oop [136]=NarrowOop [144]=Oop [216]=Oop }
                      ;*invokevirtual close {reexecute=0 rethrow=0 return_oop=0}
                      ; - java.util.jar.JarFile::getManifestFromReference@152
                      ; - java.util.jar.JarFile::getManifest@1
                      ; - jdk.internal.loader.URLClassPath$JarLoader$2::getManifest@22
                      ; - java.net.URLClassLoader::defineClass@34
                      ; - java.net.URLClassLoader$1::run@43
                      ; - java.net.URLClassLoader$1::run@1
                      ; - java.security.AccessController::executePrivileged@29
                      ; - java.security.AccessController::doPrivileged@13
                      ; - java.net.URLClassLoader::findClass@13
  0x000001d1d215c954: 287a 88ff 

  0x000001d1d215c958: ;   {other}
  0x000001d1d215c958: 0f1f 8400 | c883 00a5 | ba45 ffff | ff4c 8b9c | 24b0 0000 | 004c 895c | 2420 4c8b | 5c24 304c 
  0x000001d1d215c978: 895c 2428 | 4c8b 9c24 | b800 0000 | 4c89 5c24 | 384c 8b5c | 2478 4c89 | 5c24 484c | 896c 2478 
  0x000001d1d215c998: 4c89 b424 | 8000 0000 | 448b 8c24 | 8800 0000 | 4489 4c24 | 5c4c 89ac | 2490 0000 | 0044 8984 
  0x000001d1d215c9b8: 24b0 0000 | 0048 898c | 24b8 0000 | 0044 8994 | 24b4 0000 | 0066 6690 

  0x000001d1d215c9d0: ;   {runtime_call UncommonTrapBlob}
  0x000001d1d215c9d0: c5f8 77e8 

  0x000001d1d215c9d4: ; ImmutableOopMap {rbp=NarrowOop [32]=Oop [40]=Oop [56]=Oop [72]=Oop [92]=NarrowOop [120]=Oop [128]=Oop [144]=Oop [176]=NarrowOop [184]=Oop }
                      ;*ifnull {reexecute=1 rethrow=0 return_oop=0}
                      ; - (reexecute) java.util.concurrent.ConcurrentHashMap::get@143
                      ; - java.lang.ClassLoader::definePackage@47
                      ; - java.lang.ClassLoader::getDefinedPackage@32
                      ; - java.net.URLClassLoader::getAndVerifyPackage@2
                      ; - java.net.URLClassLoader::defineClass@46
                      ; - java.net.URLClassLoader$1::run@43
                      ; - java.net.URLClassLoader$1::run@1
                      ; - java.security.AccessController::executePrivileged@29
                      ; - java.security.AccessController::doPrivileged@13
                      ; - java.net.URLClassLoader::findClass@13
  0x000001d1d215c9d4: a879 88ff 

  0x000001d1d215c9d8: ;   {other}
  0x000001d1d215c9d8: 0f1f 8400 | 4884 00a6 | ba45 ffff | ff4c 8b54 | 2438 4c89 | 5424 204c | 8b54 2430 | 4c89 5424 
  0x000001d1d215c9f8: 284c 8b54 | 2478 4c89 | 5424 304c | 8b54 2448 | 4c89 5424 | 384c 8b54 | 2450 4c89 | 5424 484c 
  0x000001d1d215ca18: 895c 2478 

  0x000001d1d215ca1c: ;   {runtime_call UncommonTrapBlob}
  0x000001d1d215ca1c: c5f8 77e8 

  0x000001d1d215ca20: ; ImmutableOopMap {[32]=Oop [40]=Oop [48]=Oop [56]=Oop [112]=Oop [120]=Oop [128]=Oop [136]=NarrowOop [216]=Oop }
                      ;*ifne {reexecute=1 rethrow=0 return_oop=0}
                      ; - (reexecute) java.util.jar.JarFile::getManifestFromReference@52
                      ; - java.util.jar.JarFile::getManifest@1
                      ; - jdk.internal.loader.URLClassPath$JarLoader$2::getManifest@22
                      ; - java.net.URLClassLoader::defineClass@34
                      ; - java.net.URLClassLoader$1::run@43
                      ; - java.net.URLClassLoader$1::run@1
                      ; - java.security.AccessController::executePrivileged@29
                      ; - java.security.AccessController::doPrivileged@13
                      ; - java.net.URLClassLoader::findClass@13
  0x000001d1d215ca20: 5c79 88ff 

  0x000001d1d215ca24: ;   {other}
  0x000001d1d215ca24: 0f1f 8400 | 9484 00a7 | ba45 ffff | ff4c 8b54 | 2430 4c89 | 5424 204c | 8b54 2478 | 4c89 5424 
  0x000001d1d215ca44: 284c 8b54 | 2440 4c89 | 5424 304c | 8b54 2450 | 4c89 5424 | 404c 8b54 | 2470 4c89 | 5424 6889 
  0x000001d1d215ca64: 4424 4c90 

  0x000001d1d215ca68: ;   {runtime_call UncommonTrapBlob}
  0x000001d1d215ca68: c5f8 77e8 

  0x000001d1d215ca6c: ; ImmutableOopMap {rbp=Oop [32]=Oop [40]=Oop [48]=Oop [104]=Oop [128]=Oop [136]=NarrowOop [144]=Oop [216]=Oop }
                      ;*if_icmpne {reexecute=1 rethrow=0 return_oop=0}
                      ; - (reexecute) java.util.jar.JarFile::getManifestFromReference@65
                      ; - java.util.jar.JarFile::getManifest@1
                      ; - jdk.internal.loader.URLClassPath$JarLoader$2::getManifest@22
                      ; - java.net.URLClassLoader::defineClass@34
                      ; - java.net.URLClassLoader$1::run@43
                      ; - java.net.URLClassLoader$1::run@1
                      ; - java.security.AccessController::executePrivileged@29
                      ; - java.security.AccessController::doPrivileged@13
                      ; - java.net.URLClassLoader::findClass@13
  0x000001d1d215ca6c: 1079 88ff 

  0x000001d1d215ca70: ;   {other}
  0x000001d1d215ca70: 0f1f 8400 | e084 00a8 | 498b d7c5 | f877 49ba | 60a3 e3a1 | f87f 0000 

  0x000001d1d215ca88: ;   {other}
  0x000001d1d215ca88: 41ff d20f | 1f84 0000 | 0000 00e9 | 45b1 ffff | 498b d7c5 | f877 49ba | 60a3 e3a1 | f87f 0000 
  0x000001d1d215caa8: ;   {other}
  0x000001d1d215caa8: 41ff d20f | 1f84 0000 | 0000 00e9 | bcb2 ffff | 498b d7c5 | f877 49ba | 60a3 e3a1 | f87f 0000 
  0x000001d1d215cac8: ;   {other}
  0x000001d1d215cac8: 41ff d20f | 1f84 0000 | 0000 00e9 | 5ab2 ffff | 498b d7c5 | f877 49ba | 60a3 e3a1 | f87f 0000 
  0x000001d1d215cae8: ;   {other}
  0x000001d1d215cae8: 41ff d20f | 1f84 0000 | 0000 00e9 | 03b4 ffff | 498b d7c5 | f877 49ba | 60a3 e3a1 | f87f 0000 
  0x000001d1d215cb08: ;   {other}
  0x000001d1d215cb08: 41ff d20f | 1f84 0000 | 0000 00e9 | a2b3 ffff | 498b d7c5 | f877 49ba | 60a3 e3a1 | f87f 0000 
  0x000001d1d215cb28: ;   {other}
  0x000001d1d215cb28: 41ff d20f | 1f84 0000 | 0000 00e9 | 99b8 ffff | 498b d7c5 | f877 49ba | 60a3 e3a1 | f87f 0000 
  0x000001d1d215cb48: ;   {other}
  0x000001d1d215cb48: 41ff d20f | 1f84 0000 | 0000 00e9 | bfb8 ffff | 498b d7c5 | f877 49ba | 60a3 e3a1 | f87f 0000 
  0x000001d1d215cb68: ;   {other}
  0x000001d1d215cb68: 41ff d20f | 1f84 0000 | 0000 00e9 | 13b7 ffff | 498b d7c5 | f877 49ba | 60a3 e3a1 | f87f 0000 
  0x000001d1d215cb88: ;   {other}
  0x000001d1d215cb88: 41ff d20f | 1f84 0000 | 0000 00e9 | 07b5 ffff | 498b d7c5 | f877 49ba | 60a3 e3a1 | f87f 0000 
  0x000001d1d215cba8: ;   {other}
  0x000001d1d215cba8: 41ff d20f | 1f84 0000 | 0000 00e9 | 73b7 ffff | 498b d7c5 | f877 49ba | 60a3 e3a1 | f87f 0000 
  0x000001d1d215cbc8: ;   {other}
  0x000001d1d215cbc8: 41ff d20f | 1f84 0000 | 0000 00e9 | 73b5 ffff | 498b d7c5 | f877 49ba | 60a3 e3a1 | f87f 0000 
  0x000001d1d215cbe8: ;   {other}
  0x000001d1d215cbe8: 41ff d20f | 1f84 0000 | 0000 00e9 | 53b4 ffff | 498b d7c5 | f877 49ba | 60a3 e3a1 | f87f 0000 
  0x000001d1d215cc08: ;   {other}
  0x000001d1d215cc08: 41ff d20f | 1f84 0000 | 0000 00e9 | 06ba ffff | 498b d7c5 | f877 49ba | 60a3 e3a1 | f87f 0000 
  0x000001d1d215cc28: ;   {other}
  0x000001d1d215cc28: 41ff d20f | 1f84 0000 | 0000 00e9 | 93b9 ffff | 498b d7c5 | f877 49ba | 60a3 e3a1 | f87f 0000 
  0x000001d1d215cc48: ;   {other}
  0x000001d1d215cc48: 41ff d20f | 1f84 0000 | 0000 00e9 | 5cba ffff | 498b d7c5 | f877 49ba | 60a3 e3a1 | f87f 0000 
  0x000001d1d215cc68: ;   {other}
  0x000001d1d215cc68: 41ff d20f | 1f84 0000 | 0000 00e9 | b5d3 ffff | 8954 2468 | 4489 5424 | 244c 894c | 2460 4c89 
  0x000001d1d215cc88: 7424 484c | 896c 2440 | 4c89 5c24 | 3844 8b9c | 2488 0000 | 0044 895c 

  0x000001d1d215cca0: ;   {metadata('java/lang/String')}
  0x000001d1d215cca0: 2420 48ba | 78e8 00df | d101 0000 | 4c8b 9424 | b000 0000 | 4c89 5424 | 7066 6690 

  0x000001d1d215ccbc: ;   {runtime_call _new_instance_Java}
  0x000001d1d215ccbc: c5f8 77e8 

  0x000001d1d215ccc0: ; ImmutableOopMap {rbp=Oop [32]=NarrowOop [36]=NarrowOop [40]=Oop [48]=Oop [64]=Oop [72]=Oop [96]=Oop [112]=Oop [120]=Oop [176]=Oop [184]=Oop }
                      ;*new {reexecute=0 rethrow=0 return_oop=1}
                      ; - java.lang.StringConcatHelper::simpleConcat@17
                      ; - java.lang.String::concat@11
                      ; - java.net.URLClassLoader::isSealed@15
                      ; - java.net.URLClassLoader::getAndVerifyPackage@68
                      ; - java.net.URLClassLoader::defineClass@46
                      ; - java.net.URLClassLoader$1::run@43
                      ; - java.net.URLClassLoader$1::run@1
                      ; - java.security.AccessController::executePrivileged@29
                      ; - java.security.AccessController::doPrivileged@13
                      ; - java.net.URLClassLoader::findClass@13
  0x000001d1d215ccc0: 3c3c 8bff 

  0x000001d1d215ccc4: ;   {other}
  0x000001d1d215ccc4: 0f1f 8400 | 3487 00a9 | 448b 5424 | 2044 8994 | 2488 0000 | 004c 8b5c | 2438 4c8b | 6c24 404c 
  0x000001d1d215cce4: 8b74 2448 | 4c8b 4c24 | 6044 8b54 | 2424 8b54 | 2468 e9f7 | c7ff ff49 | 8bd7 c5f8 | 7749 ba60 
  0x000001d1d215cd04: a3e3 a1f8 | 7f00 0041 

  0x000001d1d215cd0c: ;   {other}
  0x000001d1d215cd0c: ffd2 0f1f | 8400 0000 | 0000 e9b0 | abff ff49 | 8bd7 c5f8 | 7749 ba60 | a3e3 a1f8 | 7f00 0041 
  0x000001d1d215cd2c: ;   {other}
  0x000001d1d215cd2c: ffd2 0f1f | 8400 0000 | 0000 e983 | d9ff ff49 | 8bd7 c5f8 | 7749 ba60 | a3e3 a1f8 | 7f00 0041 
  0x000001d1d215cd4c: ;   {other}
  0x000001d1d215cd4c: ffd2 0f1f | 8400 0000 | 0000 e9c3 | abff ff49 | 8bd7 c5f8 | 7749 ba60 | a3e3 a1f8 | 7f00 0041 
  0x000001d1d215cd6c: ;   {other}
  0x000001d1d215cd6c: ffd2 0f1f | 8400 0000 | 0000 4c8b | d5e9 b8ac | ffff ba45 | ffff ff4c | 8b54 2430 | 4c89 5424 
  0x000001d1d215cd8c: 204c 8b54 | 2478 4c89 | 5424 284c | 8b54 2468 | 4c89 5424 | 304c 8b54 | 2450 4c89 | 5424 4044 
  0x000001d1d215cdac: 8b5c 2460 | 4489 5c24 | 4848 8984 | 2480 0000 | 0066 6690 

  0x000001d1d215cdc0: ;   {runtime_call UncommonTrapBlob}
  0x000001d1d215cdc0: c5f8 77e8 

  0x000001d1d215cdc4: ; ImmutableOopMap {rbp=Oop [32]=Oop [40]=Oop [48]=Oop [72]=NarrowOop [76]=NarrowOop [112]=Oop [128]=Oop [216]=Oop }
                      ;*ifnull {reexecute=1 rethrow=0 return_oop=0}
                      ; - (reexecute) java.util.jar.JarFile::maybeInstantiateVerifier@27
                      ; - java.util.jar.JarFile::ensureInitialization@1
                      ; - java.util.jar.JavaUtilJarAccessImpl::ensureInitialization@1
                      ; - jdk.internal.loader.URLClassPath$JarLoader$2::getManifest@10
                      ; - java.net.URLClassLoader::defineClass@34
                      ; - java.net.URLClassLoader$1::run@43
                      ; - java.net.URLClassLoader$1::run@1
                      ; - java.security.AccessController::executePrivileged@29
                      ; - java.security.AccessController::doPrivileged@13
                      ; - java.net.URLClassLoader::findClass@13
  0x000001d1d215cdc4: b875 88ff 

  0x000001d1d215cdc8: ;   {other}
  0x000001d1d215cdc8: 0f1f 8400 | 3888 00aa | ba45 ffff | ff4c 8b9c | 24b0 0000 | 004c 895c | 2420 4c8b | 5c24 304c 
  0x000001d1d215cde8: 895c 2428 | 4c8b 5c24 | 784c 895c | 2430 4c8b | 5c24 504c | 895c 2448 | 448b 4424 | 6044 8944 
  0x000001d1d215ce08: 2450 4489 | 9424 8000 | 0000 6690 

  0x000001d1d215ce14: ;   {runtime_call UncommonTrapBlob}
  0x000001d1d215ce14: c5f8 77e8 

  0x000001d1d215ce18: ; ImmutableOopMap {rbp=NarrowOop [32]=Oop [40]=Oop [48]=Oop [80]=NarrowOop [104]=Oop [112]=Oop [128]=NarrowOop [216]=Oop }
                      ;*ifnull {reexecute=1 rethrow=0 return_oop=0}
                      ; - (reexecute) java.util.jar.JarFile::ensureInitialization@21
                      ; - java.util.jar.JavaUtilJarAccessImpl::ensureInitialization@1
                      ; - jdk.internal.loader.URLClassPath$JarLoader$2::getManifest@10
                      ; - java.net.URLClassLoader::defineClass@34
                      ; - java.net.URLClassLoader$1::run@43
                      ; - java.net.URLClassLoader$1::run@1
                      ; - java.security.AccessController::executePrivileged@29
                      ; - java.security.AccessController::doPrivileged@13
                      ; - java.net.URLClassLoader::findClass@13
  0x000001d1d215ce18: 6475 88ff 

  0x000001d1d215ce1c: ;   {other}
  0x000001d1d215ce1c: 0f1f 8400 | 8c88 00ab | bac6 ffff | ff48 8bac | 24b0 0000 | 004c 8b54 | 2430 4c89 | 5424 204c 
  0x000001d1d215ce3c: 8b94 24b8 | 0000 004c | 8954 2430 | 4c8b 5424 | 504c 8954 | 2448 6690 

  0x000001d1d215ce54: ;   {runtime_call UncommonTrapBlob}
  0x000001d1d215ce54: c5f8 77e8 

  0x000001d1d215ce58: ; ImmutableOopMap {rbp=Oop [32]=Oop [48]=Oop [120]=Oop [136]=NarrowOop [216]=Oop }
                      ;*invokevirtual getManifest {reexecute=0 rethrow=0 return_oop=0}
                      ; - java.net.URLClassLoader::defineClass@34
                      ; - java.net.URLClassLoader$1::run@43
                      ; - java.net.URLClassLoader$1::run@1
                      ; - java.security.AccessController::executePrivileged@29
                      ; - java.security.AccessController::doPrivileged@13
                      ; - java.net.URLClassLoader::findClass@13
  0x000001d1d215ce58: 2475 88ff 

  0x000001d1d215ce5c: ;   {other}
  0x000001d1d215ce5c: 0f1f 8400 | cc88 00ac | bac6 ffff | ff48 8bac | 24b0 0000 | 004c 8b5c | 2430 4c89 | 5c24 204c 
  0x000001d1d215ce7c: 8b9c 24b8 | 0000 004c | 895c 2430 | 4c89 4424 | 404c 8b5c | 2450 4c89 | 5c24 4844 | 8954 2450 
  0x000001d1d215ce9c: 4c89 4424 | 5866 6690 

  0x000001d1d215cea4: ;   {runtime_call UncommonTrapBlob}
  0x000001d1d215cea4: c5f8 77e8 

  0x000001d1d215cea8: ; ImmutableOopMap {rbp=Oop [32]=Oop [48]=Oop [64]=Oop [88]=Oop }
                      ;*invokevirtual getCodeSourceURL {reexecute=0 rethrow=0 return_oop=0}
                      ; - java.net.URLClassLoader::defineClass@13
                      ; - java.net.URLClassLoader$1::run@43
                      ; - java.net.URLClassLoader$1::run@1
                      ; - java.security.AccessController::executePrivileged@29
                      ; - java.security.AccessController::doPrivileged@13
                      ; - java.net.URLClassLoader::findClass@13
  0x000001d1d215cea8: d474 88ff 

  0x000001d1d215ceac: ;   {other}
  0x000001d1d215ceac: 0f1f 8400 | 1c89 00ad | ba27 0000 | 0048 8b6c | 2448 4c8b | 5424 304c | 8954 2420 | 4c8b 9424 
  0x000001d1d215cecc: b800 0000 | 4c89 5424 | 304c 8b54 | 2478 4c89 | 5424 404c | 8b54 2450 | 4c89 5424 | 4866 6690 
  0x000001d1d215ceec: ;   {runtime_call UncommonTrapBlob}
  0x000001d1d215ceec: c5f8 77e8 

  0x000001d1d215cef0: ; ImmutableOopMap {rbp=Oop [32]=Oop [48]=Oop [64]=Oop [104]=Oop [112]=Oop [136]=NarrowOop }
                      ;*new {reexecute=0 rethrow=0 return_oop=0}
                      ; - java.io.FileInputStream::<init>@45
                      ; - jdk.internal.loader.URLClassPath$FileLoader$1::getInputStream@8
                      ; - jdk.internal.loader.Resource::cachedInputStream@9
                      ; - jdk.internal.loader.Resource::getByteBuffer@1
                      ; - java.net.URLClassLoader::defineClass@132
                      ; - java.net.URLClassLoader$1::run@43
                      ; - java.net.URLClassLoader$1::run@1
                      ; - java.security.AccessController::executePrivileged@29
                      ; - java.security.AccessController::doPrivileged@13
                      ; - java.net.URLClassLoader::findClass@13
  0x000001d1d215cef0: 8c74 88ff 

  0x000001d1d215cef4: ;   {other}
  0x000001d1d215cef4: 0f1f 8400 | 6489 00ae | baf6 ffff | ff48 8b6c | 2448 4c8b | 5424 304c | 8954 2420 | 4c8b 9424 
  0x000001d1d215cf14: b800 0000 | 4c89 5424 | 304c 8b54 | 2450 4c89 | 5424 4890 

  0x000001d1d215cf28: ;   {runtime_call UncommonTrapBlob}
  0x000001d1d215cf28: c5f8 77e8 

  0x000001d1d215cf2c: ; ImmutableOopMap {rbp=Oop [32]=Oop [48]=Oop [104]=Oop [120]=Oop [136]=NarrowOop }
                      ;*invokevirtual isInvalid {reexecute=0 rethrow=0 return_oop=0}
                      ; - java.io.FileInputStream::<init>@54
                      ; - jdk.internal.loader.URLClassPath$FileLoader$1::getInputStream@8
                      ; - jdk.internal.loader.Resource::cachedInputStream@9
                      ; - jdk.internal.loader.Resource::getByteBuffer@1
                      ; - java.net.URLClassLoader::defineClass@132
                      ; - java.net.URLClassLoader$1::run@43
                      ; - java.net.URLClassLoader$1::run@1
                      ; - java.security.AccessController::executePrivileged@29
                      ; - java.security.AccessController::doPrivileged@13
                      ; - java.net.URLClassLoader::findClass@13
  0x000001d1d215cf2c: 5074 88ff 

  0x000001d1d215cf30: ;   {other}
  0x000001d1d215cf30: 0f1f 8400 | a089 00af | bac6 ffff | ff48 8bac | 24b0 0000 | 004c 8b54 | 2430 4c89 | 5424 204c 
  0x000001d1d215cf50: 8b94 24b8 | 0000 004c | 8954 2430 | 4c8b 5424 | 784c 8954 | 2440 4c8b | 5424 504c | 8954 2448 
  0x000001d1d215cf70: 4c8b 5424 | 784c 8954 | 2458 6690 

  0x000001d1d215cf7c: ;   {runtime_call UncommonTrapBlob}
  0x000001d1d215cf7c: c5f8 77e8 

  0x000001d1d215cf80: ; ImmutableOopMap {rbp=Oop [32]=Oop [48]=Oop [64]=Oop [88]=Oop [136]=NarrowOop }
                      ;*invokevirtual getInputStream {reexecute=0 rethrow=0 return_oop=0}
                      ; - jdk.internal.loader.Resource::cachedInputStream@9
                      ; - jdk.internal.loader.Resource::getByteBuffer@1
                      ; - java.net.URLClassLoader::defineClass@132
                      ; - java.net.URLClassLoader$1::run@43
                      ; - java.net.URLClassLoader$1::run@1
                      ; - java.security.AccessController::executePrivileged@29
                      ; - java.security.AccessController::doPrivileged@13
                      ; - java.net.URLClassLoader::findClass@13
  0x000001d1d215cf80: fc73 88ff 

  0x000001d1d215cf84: ;   {other}
  0x000001d1d215cf84: 0f1f 8400 | f489 00b0 | ba2e 0000 | 0048 8b6c | 2440 4c8b | 5424 304c | 8954 2420 | 4c8b 9424 
  0x000001d1d215cfa4: b800 0000 | 4c89 5424 | 304c 8b54 | 2478 4c89 | 5424 404c | 8b54 2450 | 4c89 5424 | 4866 6690 
  0x000001d1d215cfc4: ;   {runtime_call UncommonTrapBlob}
  0x000001d1d215cfc4: c5f8 77e8 

  0x000001d1d215cfc8: ; ImmutableOopMap {rbp=Oop [32]=Oop [48]=Oop [64]=Oop [104]=Oop [112]=Oop [136]=NarrowOop }
                      ;*new {reexecute=0 rethrow=0 return_oop=0}
                      ; - java.io.FileInputStream::<init>@60
                      ; - jdk.internal.loader.URLClassPath$FileLoader$1::getInputStream@8
                      ; - jdk.internal.loader.Resource::cachedInputStream@9
                      ; - jdk.internal.loader.Resource::getByteBuffer@1
                      ; - java.net.URLClassLoader::defineClass@132
                      ; - java.net.URLClassLoader$1::run@43
                      ; - java.net.URLClassLoader$1::run@1
                      ; - java.security.AccessController::executePrivileged@29
                      ; - java.security.AccessController::doPrivileged@13
                      ; - java.net.URLClassLoader::findClass@13
  0x000001d1d215cfc8: b473 88ff 

  0x000001d1d215cfcc: ;   {other}
  0x000001d1d215cfcc: 0f1f 8400 | 3c8a 00b1 | 498b f949 | 8bd7 c5f8 | 7749 ba60 | a3e3 a1f8 | 7f00 0041 

  0x000001d1d215cfe8: ;   {other}
  0x000001d1d215cfe8: ffd2 0f1f | 8400 0000 | 0000 4c8b | cfe9 99bf | ffff 498b | d7c5 f877 | 49ba 60a3 | e3a1 f87f 
  0x000001d1d215d008: 0000 41ff 

  0x000001d1d215d00c: ;   {other}
  0x000001d1d215d00c: d20f 1f84 | 0000 0000 | 00e9 eabf | ffff bade | ffff ff48 | 8bac 24b0 | 0000 004c | 8b5c 2430 
  0x000001d1d215d02c: 4c89 5c24 | 204c 8b9c | 24b8 0000 | 004c 895c | 2430 4c8b | 5c24 784c | 895c 2440 | 4c8b 5c24 
  0x000001d1d215d04c: 504c 895c | 2448 448b | 8424 8800 | 0000 4c89 | 6c24 704c | 8974 2478 | 4489 4424 | 544c 89ac 
  0x000001d1d215d06c: 2488 0000 | 0044 898c | 24a8 0000 | 0044 8994 | 24ac 0000 | 0066 6690 

  0x000001d1d215d084: ;   {runtime_call UncommonTrapBlob}
  0x000001d1d215d084: c5f8 77e8 

  0x000001d1d215d088: ; ImmutableOopMap {rbp=Oop [32]=Oop [48]=Oop [64]=Oop [84]=NarrowOop [112]=Oop [120]=Oop [136]=Oop [168]=NarrowOop }
                      ;*invokevirtual find {reexecute=0 rethrow=0 return_oop=0}
                      ; - java.util.concurrent.ConcurrentHashMap::get@93
                      ; - java.lang.ClassLoader::getDefinedPackage@13
                      ; - java.net.URLClassLoader::getAndVerifyPackage@2
                      ; - java.net.URLClassLoader::defineClass@46
                      ; - java.net.URLClassLoader$1::run@43
                      ; - java.net.URLClassLoader$1::run@1
                      ; - java.security.AccessController::executePrivileged@29
                      ; - java.security.AccessController::doPrivileged@13
                      ; - java.net.URLClassLoader::findClass@13
  0x000001d1d215d088: f472 88ff 

  0x000001d1d215d08c: ;   {other}
  0x000001d1d215d08c: 0f1f 8400 | fc8a 00b2 | baf6 ffff | ff48 8b6c | 2440 4c8b | 5424 304c | 8954 2420 | 4c8b 9424 
  0x000001d1d215d0ac: b800 0000 | 4c89 5424 | 304c 8b54 | 2450 4c89 | 5424 4848 | 895c 2470 

  0x000001d1d215d0c4: ;   {runtime_call UncommonTrapBlob}
  0x000001d1d215d0c4: c5f8 77e8 

  0x000001d1d215d0c8: ; ImmutableOopMap {rbp=Oop [32]=Oop [48]=Oop [104]=Oop [112]=Oop [120]=Oop [136]=NarrowOop }
                      ;*invokevirtual attach {reexecute=0 rethrow=0 return_oop=0}
                      ; - java.io.FileInputStream::<init>@86
                      ; - jdk.internal.loader.URLClassPath$FileLoader$1::getInputStream@8
                      ; - jdk.internal.loader.Resource::cachedInputStream@9
                      ; - jdk.internal.loader.Resource::getByteBuffer@1
                      ; - java.net.URLClassLoader::defineClass@132
                      ; - java.net.URLClassLoader$1::run@43
                      ; - java.net.URLClassLoader$1::run@1
                      ; - java.security.AccessController::executePrivileged@29
                      ; - java.security.AccessController::doPrivileged@13
                      ; - java.net.URLClassLoader::findClass@13
  0x000001d1d215d0c8: b472 88ff 

  0x000001d1d215d0cc: ;   {other}
  0x000001d1d215d0cc: 0f1f 8400 | 3c8b 00b3 | bade ffff | ff4c 8b94 | 24b0 0000 | 004c 8954 | 2420 4c8b | 5424 304c 
  0x000001d1d215d0ec: 8954 2428 | 4c8b 9424 | b800 0000 | 4c89 5424 | 384c 8b54 | 2478 4c89 | 5424 4844 | 8b9c 2488 
  0x000001d1d215d10c: 0000 004c | 896c 2478 | 4c89 b424 | 8000 0000 | 4489 5c24 | 5c4c 89ac | 2490 0000 | 0066 6690 
  0x000001d1d215d12c: ;   {runtime_call UncommonTrapBlob}
  0x000001d1d215d12c: c5f8 77e8 

  0x000001d1d215d130: ; ImmutableOopMap {rbp=NarrowOop [32]=Oop [40]=Oop [56]=Oop [72]=Oop [92]=NarrowOop [120]=Oop [128]=Oop [144]=Oop }
                      ;*checkcast {reexecute=0 rethrow=0 return_oop=0}
                      ; - java.lang.ClassLoader::getDefinedPackage@16
                      ; - java.net.URLClassLoader::getAndVerifyPackage@2
                      ; - java.net.URLClassLoader::defineClass@46
                      ; - java.net.URLClassLoader$1::run@43
                      ; - java.net.URLClassLoader$1::run@1
                      ; - java.security.AccessController::executePrivileged@29
                      ; - java.security.AccessController::doPrivileged@13
                      ; - java.net.URLClassLoader::findClass@13
  0x000001d1d215d130: 4c72 88ff 

  0x000001d1d215d134: ;   {other}
  0x000001d1d215d134: 0f1f 8400 | a48b 00b4 | bade ffff | ff48 8bac | 2490 0000 | 004c 8b54 | 2430 4c89 | 5424 204c 
  0x000001d1d215d154: 8b54 2440 | 4c89 5424 | 304c 8b54 | 2478 4c89 | 5424 404c | 8b54 2450 | 4c89 5424 | 4844 8b9c 
  0x000001d1d215d174: 2488 0000 | 0044 895c | 2454 4889 | 8424 9000 | 0000 6690 

  0x000001d1d215d188: ;   {runtime_call UncommonTrapBlob}
  0x000001d1d215d188: c5f8 77e8 

  0x000001d1d215d18c: ; ImmutableOopMap {rbp=Oop [32]=Oop [48]=Oop [64]=Oop [84]=NarrowOop [96]=Oop [112]=Oop [144]=Oop }
                      ;*checkcast {reexecute=0 rethrow=0 return_oop=0}
                      ; - java.lang.ClassLoader::definePackage@81
                      ; - java.lang.ClassLoader::getDefinedPackage@32
                      ; - java.net.URLClassLoader::getAndVerifyPackage@2
                      ; - java.net.URLClassLoader::defineClass@46
                      ; - java.net.URLClassLoader$1::run@43
                      ; - java.net.URLClassLoader$1::run@1
                      ; - java.security.AccessController::executePrivileged@29
                      ; - java.security.AccessController::doPrivileged@13
                      ; - java.net.URLClassLoader::findClass@13
  0x000001d1d215d18c: f071 88ff 

  0x000001d1d215d190: ;   {other}
  0x000001d1d215d190: 0f1f 8400 | 008c 00b5 | bade ffff | ff4c 8b94 | 24b0 0000 | 004c 8954 | 2420 4c8b | 5424 304c 
  0x000001d1d215d1b0: 8954 2428 | 4c8b 9424 | b800 0000 | 4c89 5424 | 384c 8b54 | 2478 4c89 | 5424 4844 | 8b9c 2488 
  0x000001d1d215d1d0: 0000 0044 | 895c 2458 | 4c89 6c24 | 704c 894c | 2478 4c89 | b424 8000 | 0000 4c89 | b424 8800 
  0x000001d1d215d1f0: 0000 4889 | 9c24 a000 | 0000 6690 

  0x000001d1d215d1fc: ;   {runtime_call UncommonTrapBlob}
  0x000001d1d215d1fc: c5f8 77e8 

  0x000001d1d215d200: ; ImmutableOopMap {rbp=NarrowOop [32]=Oop [40]=Oop [56]=Oop [72]=Oop [88]=NarrowOop [112]=Oop [120]=Oop [128]=Oop [136]=Oop [160]=Oop }
                      ;*checkcast {reexecute=0 rethrow=0 return_oop=0}
                      ; - java.util.jar.Manifest::getAttributes@10
                      ; - java.util.jar.Manifest::getTrustedAttributes@2
                      ; - java.util.jar.JavaUtilJarAccessImpl::getTrustedAttributes@2
                      ; - java.net.URLClassLoader::isSealed@18
                      ; - java.net.URLClassLoader::getAndVerifyPackage@68
                      ; - java.net.URLClassLoader::defineClass@46
                      ; - java.net.URLClassLoader$1::run@43
                      ; - java.net.URLClassLoader$1::run@1
                      ; - java.security.AccessController::executePrivileged@29
                      ; - java.security.AccessController::doPrivileged@13
                      ; - java.net.URLClassLoader::findClass@13
  0x000001d1d215d200: 7c71 88ff 

  0x000001d1d215d204: ;   {other}
  0x000001d1d215d204: 0f1f 8400 | 748c 00b6 | bade ffff | ff4c 8b94 | 24b0 0000 | 004c 8954 | 2420 4c8b | 5424 304c 
  0x000001d1d215d224: 8954 2428 | 4c8b 9424 | b800 0000 | 4c89 5424 | 384c 8b54 | 2478 4c89 | 5424 4844 | 8b94 2488 
  0x000001d1d215d244: 0000 0044 | 8954 2458 | 4c89 7424 | 684c 896c | 2470 4c89 | 4c24 7890 

  0x000001d1d215d25c: ;   {runtime_call UncommonTrapBlob}
  0x000001d1d215d25c: c5f8 77e8 

  0x000001d1d215d260: ; ImmutableOopMap {rbp=NarrowOop [32]=Oop [40]=Oop [56]=Oop [72]=Oop [88]=NarrowOop [104]=Oop [112]=Oop [120]=Oop }
                      ;*checkcast {reexecute=0 rethrow=0 return_oop=0}
                      ; - java.util.jar.Attributes::getValue@5
                      ; - java.net.URLClassLoader::isSealed@58
                      ; - java.net.URLClassLoader::getAndVerifyPackage@68
                      ; - java.net.URLClassLoader::defineClass@46
                      ; - java.net.URLClassLoader$1::run@43
                      ; - java.net.URLClassLoader$1::run@1
                      ; - java.security.AccessController::executePrivileged@29
                      ; - java.security.AccessController::doPrivileged@13
                      ; - java.net.URLClassLoader::findClass@13
  0x000001d1d215d260: 1c71 88ff 

  0x000001d1d215d264: ;   {other}
  0x000001d1d215d264: 0f1f 8400 | d48c 00b7 | bade ffff | ff4c 8b9c | 24b0 0000 | 004c 895c | 2420 4c8b | 5c24 304c 
  0x000001d1d215d284: 895c 2428 | 4c8b 9c24 | b800 0000 | 4c89 5c24 | 384c 8b5c | 2478 4c89 | 5c24 4844 | 8b84 2488 
  0x000001d1d215d2a4: 0000 004c | 896c 2478 | 4c89 b424 | 8000 0000 | 4489 4424 | 5c4c 89ac | 2490 0000 | 0044 898c 
  0x000001d1d215d2c4: 24b8 0000 | 0044 8994 | 24bc 0000 | 0066 6690 

  0x000001d1d215d2d4: ;   {runtime_call UncommonTrapBlob}
  0x000001d1d215d2d4: c5f8 77e8 

  0x000001d1d215d2d8: ; ImmutableOopMap {rbp=NarrowOop [32]=Oop [40]=Oop [56]=Oop [72]=Oop [92]=NarrowOop [120]=Oop [128]=Oop [144]=Oop [184]=NarrowOop }
                      ;*instanceof {reexecute=0 rethrow=0 return_oop=0}
                      ; - java.lang.String::equals@8
                      ; - java.util.concurrent.ConcurrentHashMap::get@73
                      ; - java.lang.ClassLoader::getDefinedPackage@13
                      ; - java.net.URLClassLoader::getAndVerifyPackage@2
                      ; - java.net.URLClassLoader::defineClass@46
                      ; - java.net.URLClassLoader$1::run@43
                      ; - java.net.URLClassLoader$1::run@1
                      ; - java.security.AccessController::executePrivileged@29
                      ; - java.security.AccessController::doPrivileged@13
                      ; - java.net.URLClassLoader::findClass@13
  0x000001d1d215d2d8: a470 88ff 

  0x000001d1d215d2dc: ;   {other}
  0x000001d1d215d2dc: 0f1f 8400 | 4c8d 00b8 | bade ffff | ff4c 8b94 | 24b0 0000 | 004c 8954 | 2420 4c8b | 5424 304c 
  0x000001d1d215d2fc: 8954 2428 | 4c8b 9424 | b800 0000 | 4c89 5424 | 384c 8b54 | 2478 4c89 | 5424 484c | 896c 2478 
  0x000001d1d215d31c: 4c89 b424 | 8000 0000 | 448b 9c24 | 8800 0000 | 4489 5c24 | 5c4c 89ac | 2490 0000 | 0044 8984 
  0x000001d1d215d33c: 24b8 0000 | 00c5 fa11 | 8c24 bc00 | 0000 4489 | 8c24 c000 | 0000 6690 

  0x000001d1d215d354: ;   {runtime_call UncommonTrapBlob}
  0x000001d1d215d354: c5f8 77e8 

  0x000001d1d215d358: ; ImmutableOopMap {rbp=NarrowOop [32]=Oop [40]=Oop [56]=Oop [72]=Oop [92]=NarrowOop [120]=Oop [128]=Oop [144]=Oop [184]=NarrowOop [188]=NarrowOop }
                      ;*instanceof {reexecute=0 rethrow=0 return_oop=0}
                      ; - java.lang.String::equals@8
                      ; - java.util.concurrent.ConcurrentHashMap::get@73
                      ; - java.lang.ClassLoader::definePackage@47
                      ; - java.lang.ClassLoader::getDefinedPackage@32
                      ; - java.net.URLClassLoader::getAndVerifyPackage@2
                      ; - java.net.URLClassLoader::defineClass@46
                      ; - java.net.URLClassLoader$1::run@43
                      ; - java.net.URLClassLoader$1::run@1
                      ; - java.security.AccessController::executePrivileged@29
                      ; - java.security.AccessController::doPrivileged@13
                      ; - java.net.URLClassLoader::findClass@13
  0x000001d1d215d358: 2470 88ff 

  0x000001d1d215d35c: ;   {other}
  0x000001d1d215d35c: 0f1f 8400 | cc8d 00b9 | bade ffff | ff4c 8b94 | 24b0 0000 | 004c 8954 | 2420 4c8b | 5424 304c 
  0x000001d1d215d37c: 8954 2428 | 4c8b 9424 | b800 0000 | 4c89 5424 | 384c 8b54 | 2478 4c89 | 5424 4844 | 8b9c 2488 
  0x000001d1d215d39c: 0000 004c | 896c 2478 | 4c89 b424 | 8000 0000 | 4489 5c24 | 5c4c 89ac | 2490 0000 | 0044 8984 
  0x000001d1d215d3bc: 24a8 0000 | 0066 6690 

  0x000001d1d215d3c4: ;   {runtime_call UncommonTrapBlob}
  0x000001d1d215d3c4: c5f8 77e8 

  0x000001d1d215d3c8: ; ImmutableOopMap {rbp=NarrowOop [32]=Oop [40]=Oop [56]=Oop [72]=Oop [92]=NarrowOop [120]=Oop [128]=Oop [144]=Oop [168]=NarrowOop }
                      ;*checkcast {reexecute=0 rethrow=0 return_oop=0}
                      ; - java.lang.ClassLoader::definePackage@50
                      ; - java.lang.ClassLoader::getDefinedPackage@32
                      ; - java.net.URLClassLoader::getAndVerifyPackage@2
                      ; - java.net.URLClassLoader::defineClass@46
                      ; - java.net.URLClassLoader$1::run@43
                      ; - java.net.URLClassLoader$1::run@1
                      ; - java.security.AccessController::executePrivileged@29
                      ; - java.security.AccessController::doPrivileged@13
                      ; - java.net.URLClassLoader::findClass@13
  0x000001d1d215d3c8: b46f 88ff 

  0x000001d1d215d3cc: ;   {other}
  0x000001d1d215d3cc: 0f1f 8400 | 3c8e 00ba | bade ffff | ff4c 8b94 | 24b0 0000 | 004c 8954 | 2420 4c8b | 5424 304c 
  0x000001d1d215d3ec: 8954 2428 | 4c8b 5424 | 784c 8954 | 2430 4c8b | 9424 b800 | 0000 4c89 | 5424 384c | 8b54 2450 
  0x000001d1d215d40c: 4c89 5424 | 484c 895c | 2470 4c89 | 4424 7890 

  0x000001d1d215d41c: ;   {runtime_call UncommonTrapBlob}
  0x000001d1d215d41c: c5f8 77e8 

  0x000001d1d215d420: ; ImmutableOopMap {rbp=NarrowOop [32]=Oop [40]=Oop [48]=Oop [56]=Oop [112]=Oop [120]=Oop [136]=NarrowOop [216]=Oop }
                      ;*checkcast {reexecute=0 rethrow=0 return_oop=0}
                      ; - java.util.jar.JarFile::getManifestFromReference@14
                      ; - java.util.jar.JarFile::getManifest@1
                      ; - jdk.internal.loader.URLClassPath$JarLoader$2::getManifest@22
                      ; - java.net.URLClassLoader::defineClass@34
                      ; - java.net.URLClassLoader$1::run@43
                      ; - java.net.URLClassLoader$1::run@1
                      ; - java.security.AccessController::executePrivileged@29
                      ; - java.security.AccessController::doPrivileged@13
                      ; - java.net.URLClassLoader::findClass@13
  0x000001d1d215d420: 5c6f 88ff 

  0x000001d1d215d424: ;   {other}
  0x000001d1d215d424: 0f1f 8400 | 948e 00bb | baf6 ffff | ff49 8bed | 4889 5c24 | 2066 6690 

  0x000001d1d215d43c: ;   {runtime_call UncommonTrapBlob}
  0x000001d1d215d43c: c5f8 77e8 

  0x000001d1d215d440: ; ImmutableOopMap {rbp=Oop [32]=Oop [184]=Oop }
                      ;*invokevirtual replace {reexecute=0 rethrow=0 return_oop=0}
                      ; - java.net.URLClassLoader$1::run@8
                      ; - java.net.URLClassLoader$1::run@1
                      ; - java.security.AccessController::executePrivileged@29
                      ; - java.security.AccessController::doPrivileged@13
                      ; - java.net.URLClassLoader::findClass@13
  0x000001d1d215d440: 3c6f 88ff 

  0x000001d1d215d444: ;   {other}
  0x000001d1d215d444: 0f1f 8400 | b48e 00bc | baf6 ffff | ff49 8bed | 4889 5c24 | 2066 6690 

  0x000001d1d215d45c: ;   {runtime_call UncommonTrapBlob}
  0x000001d1d215d45c: c5f8 77e8 

  0x000001d1d215d460: ; ImmutableOopMap {rbp=Oop [32]=Oop [184]=Oop }
                      ;*arraylength {reexecute=0 rethrow=0 return_oop=0}
                      ; - java.lang.StringLatin1::replace@8
                      ; - java.lang.String::replace@18
                      ; - java.net.URLClassLoader$1::run@8
                      ; - java.net.URLClassLoader$1::run@1
                      ; - java.security.AccessController::executePrivileged@29
                      ; - java.security.AccessController::doPrivileged@13
                      ; - java.net.URLClassLoader::findClass@13
  0x000001d1d215d460: 1c6f 88ff 

  0x000001d1d215d464: ;   {other}
  0x000001d1d215d464: 0f1f 8400 | d48e 00bd | baf6 ffff | ff49 8bea | 4c8b 5424 | 304c 8954 | 2420 4c8b | 5424 784c 
  0x000001d1d215d484: 8954 2428 | 4c8b 9424 | b800 0000 | 4c89 5424 | 3048 8944 | 2448 6690 

  0x000001d1d215d49c: ;   {runtime_call UncommonTrapBlob}
  0x000001d1d215d49c: c5f8 77e8 

  0x000001d1d215d4a0: ; ImmutableOopMap {rbp=Oop [32]=Oop [40]=Oop [48]=Oop }
                      ;*arraylength {reexecute=0 rethrow=0 return_oop=0}
                      ; - java.lang.String::length@4
                      ; - java.lang.String::lastIndexOf@3
                      ; - java.net.URLClassLoader::defineClass@7
                      ; - java.net.URLClassLoader$1::run@43
                      ; - java.net.URLClassLoader$1::run@1
                      ; - java.security.AccessController::executePrivileged@29
                      ; - java.security.AccessController::doPrivileged@13
                      ; - java.net.URLClassLoader::findClass@13
  0x000001d1d215d4a0: dc6e 88ff 

  0x000001d1d215d4a4: ;   {other}
  0x000001d1d215d4a4: 0f1f 8400 | 148f 00be | baf4 ffff | ff48 8bac | 24b0 0000 | 004c 8b54 | 2430 4c89 | 5424 204c 
  0x000001d1d215d4c4: 8b94 24b8 | 0000 004c | 8954 2430 | 4c8b 5424 | 504c 8954 | 2448 6690 

  0x000001d1d215d4dc: ;   {runtime_call UncommonTrapBlob}
  0x000001d1d215d4dc: c5f8 77e8 

  0x000001d1d215d4e0: ; ImmutableOopMap {rbp=Oop [32]=Oop [48]=Oop [120]=Oop [136]=NarrowOop }
                      ;*instanceof {reexecute=0 rethrow=0 return_oop=0}
                      ; - jdk.internal.loader.Resource::getByteBuffer@6
                      ; - java.net.URLClassLoader::defineClass@132
                      ; - java.net.URLClassLoader$1::run@43
                      ; - java.net.URLClassLoader$1::run@1
                      ; - java.security.AccessController::executePrivileged@29
                      ; - java.security.AccessController::doPrivileged@13
                      ; - java.net.URLClassLoader::findClass@13
  0x000001d1d215d4e0: 9c6e 88ff 

  0x000001d1d215d4e4: ;   {other}
  0x000001d1d215d4e4: 0f1f 8400 | 548f 00bf | baf6 ffff | ff48 8b6c | 2420 4c8b | 5424 304c | 8954 2420 | 4c8b 5424 
  0x000001d1d215d504: 384c 8954 | 2428 4c8b | 9424 b800 | 0000 4c89 | 5424 3090 

  0x000001d1d215d518: ;   {runtime_call UncommonTrapBlob}
  0x000001d1d215d518: c5f8 77e8 

  0x000001d1d215d51c: ; ImmutableOopMap {rbp=Oop [32]=Oop [40]=Oop [48]=Oop [96]=Oop }
                      ;*arraylength {reexecute=0 rethrow=0 return_oop=0}
                      ; - java.net.URLClassLoader::defineClass@217
                      ; - java.net.URLClassLoader$1::run@43
                      ; - java.net.URLClassLoader$1::run@1
                      ; - java.security.AccessController::executePrivileged@29
                      ; - java.security.AccessController::doPrivileged@13
                      ; - java.net.URLClassLoader::findClass@13
  0x000001d1d215d51c: 606e 88ff 

  0x000001d1d215d520: ;   {other}
  0x000001d1d215d520: 0f1f 8400 | 908f 00c0 | baf6 ffff | ff48 8bac | 24b0 0000 | 004c 8b5c | 2430 4c89 | 5c24 204c 
  0x000001d1d215d540: 8b9c 24b8 | 0000 004c | 895c 2430 | 4c8b 5c24 | 504c 895c | 2440 4489 | 5424 484c | 8944 2460 
  0x000001d1d215d560: ;   {runtime_call UncommonTrapBlob}
  0x000001d1d215d560: c5f8 77e8 

  0x000001d1d215d564: ; ImmutableOopMap {rbp=Oop [32]=Oop [48]=Oop [96]=Oop [120]=Oop }
                      ;*getfield csu {reexecute=1 rethrow=0 return_oop=0}
                      ; - (reexecute) jdk.internal.loader.URLClassPath$JarLoader$2::getCodeSourceURL@4
                      ; - java.net.URLClassLoader::defineClass@13
                      ; - java.net.URLClassLoader$1::run@43
                      ; - java.net.URLClassLoader$1::run@1
                      ; - java.security.AccessController::executePrivileged@29
                      ; - java.security.AccessController::doPrivileged@13
                      ; - java.net.URLClassLoader::findClass@13
  0x000001d1d215d564: 186e 88ff 

  0x000001d1d215d568: ;   {other}
  0x000001d1d215d568: 0f1f 8400 | d88f 00c1 | baf6 ffff | ff48 8bac | 24b0 0000 | 004c 8b5c | 2430 4c89 | 5c24 204c 
  0x000001d1d215d588: 8b9c 24b8 | 0000 004c | 895c 2430 | 4c8b 5c24 | 504c 895c | 2440 4c89 | 5424 6890 

  0x000001d1d215d5a4: ;   {runtime_call UncommonTrapBlob}
  0x000001d1d215d5a4: c5f8 77e8 

  0x000001d1d215d5a8: ; ImmutableOopMap {rbp=Oop [32]=Oop [48]=Oop [104]=Oop [120]=Oop [136]=NarrowOop [216]=Oop }
                      ;*getfield jar {reexecute=1 rethrow=0 return_oop=0}
                      ; - (reexecute) jdk.internal.loader.URLClassPath$JarLoader$2::getManifest@7
                      ; - java.net.URLClassLoader::defineClass@34
                      ; - java.net.URLClassLoader$1::run@43
                      ; - java.net.URLClassLoader$1::run@1
                      ; - java.security.AccessController::executePrivileged@29
                      ; - java.security.AccessController::doPrivileged@13
                      ; - java.net.URLClassLoader::findClass@13
  0x000001d1d215d5a8: d46d 88ff 

  0x000001d1d215d5ac: ;   {other}
  0x000001d1d215d5ac: 0f1f 8400 | 1c90 00c2 | baf6 ffff | ff48 8bac | 24b0 0000 | 004c 8b5c | 2430 4c89 | 5c24 204c 
  0x000001d1d215d5cc: 8b9c 24b8 | 0000 004c | 895c 2430 | 4c8b 5c24 | 504c 895c | 2440 4c89 | 5424 6890 

  0x000001d1d215d5e8: ;   {runtime_call UncommonTrapBlob}
  0x000001d1d215d5e8: c5f8 77e8 

  0x000001d1d215d5ec: ; ImmutableOopMap {rbp=Oop [32]=Oop [48]=Oop [104]=Oop [120]=Oop [136]=NarrowOop [216]=Oop }
                      ;*getfield jar {reexecute=1 rethrow=0 return_oop=0}
                      ; - (reexecute) jdk.internal.loader.URLClassPath$JarLoader$2::getManifest@19
                      ; - java.net.URLClassLoader::defineClass@34
                      ; - java.net.URLClassLoader$1::run@43
                      ; - java.net.URLClassLoader$1::run@1
                      ; - java.security.AccessController::executePrivileged@29
                      ; - java.security.AccessController::doPrivileged@13
                      ; - java.net.URLClassLoader::findClass@13
  0x000001d1d215d5ec: 906d 88ff 

  0x000001d1d215d5f0: ;   {other}
  0x000001d1d215d5f0: 0f1f 8400 | 6090 00c3 | baf6 ffff | ff48 8bac | 24b0 0000 | 004c 8b5c | 2430 4c89 | 5c24 204c 
  0x000001d1d215d610: 8b9c 24b8 | 0000 004c | 895c 2430 | 4c8b 5c24 | 504c 895c | 2440 4c89 | 5424 6890 

  0x000001d1d215d62c: ;   {runtime_call UncommonTrapBlob}
  0x000001d1d215d62c: c5f8 77e8 

  0x000001d1d215d630: ; ImmutableOopMap {rbp=Oop [32]=Oop [48]=Oop [104]=Oop [120]=Oop [136]=NarrowOop [216]=Oop }
                      ;*invokevirtual getManifest {reexecute=0 rethrow=0 return_oop=0}
                      ; - jdk.internal.loader.URLClassPath$JarLoader$2::getManifest@22
                      ; - java.net.URLClassLoader::defineClass@34
                      ; - java.net.URLClassLoader$1::run@43
                      ; - java.net.URLClassLoader$1::run@1
                      ; - java.security.AccessController::executePrivileged@29
                      ; - java.security.AccessController::doPrivileged@13
                      ; - java.net.URLClassLoader::findClass@13
  0x000001d1d215d630: 4c6d 88ff 

  0x000001d1d215d634: ;   {other}
  0x000001d1d215d634: 0f1f 8400 | a490 00c4 | baf4 ffff | ff48 8bac | 24b0 0000 | 004c 8b5c | 2430 4c89 | 5c24 204c 
  0x000001d1d215d654: 8b9c 24b8 | 0000 004c | 895c 2430 | 4c8b 5c24 | 504c 895c | 2440 4c89 | 5424 684c | 894c 2470 
  0x000001d1d215d674: ;   {runtime_call UncommonTrapBlob}
  0x000001d1d215d674: c5f8 77e8 

  0x000001d1d215d678: ; ImmutableOopMap {rbp=Oop [32]=Oop [48]=Oop [104]=Oop [112]=Oop [120]=Oop [136]=NarrowOop [216]=Oop }
                      ;*checkcast {reexecute=0 rethrow=0 return_oop=0}
                      ; - java.util.jar.JarFile::getManifestFromReference@14
                      ; - java.util.jar.JarFile::getManifest@1
                      ; - jdk.internal.loader.URLClassPath$JarLoader$2::getManifest@22
                      ; - java.net.URLClassLoader::defineClass@34
                      ; - java.net.URLClassLoader$1::run@43
                      ; - java.net.URLClassLoader$1::run@1
                      ; - java.security.AccessController::executePrivileged@29
                      ; - java.security.AccessController::doPrivileged@13
                      ; - java.net.URLClassLoader::findClass@13
  0x000001d1d215d678: 046d 88ff 

  0x000001d1d215d67c: ;   {other}
  0x000001d1d215d67c: 0f1f 8400 | ec90 00c5 | baf6 ffff | ff48 8bac | 24b0 0000 | 004c 8b54 | 2430 4c89 | 5424 204c 
  0x000001d1d215d69c: 8b94 24b8 | 0000 004c | 8954 2430 | 4c8b 5424 | 504c 8954 | 2448 4c89 | 6c24 584c | 8974 2460 
  0x000001d1d215d6bc: ;   {runtime_call UncommonTrapBlob}
  0x000001d1d215d6bc: c5f8 77e8 

  0x000001d1d215d6c0: ; ImmutableOopMap {rbp=Oop [32]=Oop [48]=Oop [88]=Oop [96]=Oop [120]=Oop [136]=NarrowOop }
                      ;*arraylength {reexecute=0 rethrow=0 return_oop=0}
                      ; - java.lang.String::isEmpty@4
                      ; - java.lang.ClassLoader::definePackage@1
                      ; - java.lang.ClassLoader::getDefinedPackage@32
                      ; - java.net.URLClassLoader::getAndVerifyPackage@2
                      ; - java.net.URLClassLoader::defineClass@46
                      ; - java.net.URLClassLoader$1::run@43
                      ; - java.net.URLClassLoader$1::run@1
                      ; - java.security.AccessController::executePrivileged@29
                      ; - java.security.AccessController::doPrivileged@13
                      ; - java.net.URLClassLoader::findClass@13
  0x000001d1d215d6c0: bc6c 88ff 

  0x000001d1d215d6c4: ;   {other}
  0x000001d1d215d6c4: 0f1f 8400 | 3491 00c6 | baf6 ffff | ff48 8bac | 24b0 0000 | 004c 8b54 | 2430 4c89 | 5424 204c 
  0x000001d1d215d6e4: 8b94 24b8 | 0000 004c | 8954 2430 | 4c8b 5424 | 504c 8954 | 2448 4c89 | 6c24 584c | 8974 2460 
  0x000001d1d215d704: ;   {runtime_call UncommonTrapBlob}
  0x000001d1d215d704: c5f8 77e8 

  0x000001d1d215d708: ; ImmutableOopMap {rbp=Oop [32]=Oop [48]=Oop [88]=Oop [96]=Oop [120]=Oop [136]=NarrowOop }
                      ;*invokevirtual isNamed {reexecute=0 rethrow=0 return_oop=0}
                      ; - java.lang.Package::isSealed@4
                      ; - java.net.URLClassLoader::getAndVerifyPackage@14
                      ; - java.net.URLClassLoader::defineClass@46
                      ; - java.net.URLClassLoader$1::run@43
                      ; - java.net.URLClassLoader$1::run@1
                      ; - java.security.AccessController::executePrivileged@29
                      ; - java.security.AccessController::doPrivileged@13
                      ; - java.net.URLClassLoader::findClass@13
  0x000001d1d215d708: 746c 88ff 

  0x000001d1d215d70c: ;   {other}
  0x000001d1d215d70c: 0f1f 8400 | 7c91 00c7 | baf6 ffff | ff48 8bac | 24b0 0000 | 004c 8b54 | 2430 4c89 | 5424 204c 
  0x000001d1d215d72c: 8b94 24b8 | 0000 004c | 8954 2430 | 4c8b 5424 | 504c 8954 | 2448 4c89 | 6c24 584c | 8974 2460 
  0x000001d1d215d74c: ;   {runtime_call UncommonTrapBlob}
  0x000001d1d215d74c: c5f8 77e8 

  0x000001d1d215d750: ; ImmutableOopMap {rbp=Oop [32]=Oop [48]=Oop [88]=Oop [96]=Oop [120]=Oop [136]=NarrowOop }
                      ;*getfield sealBase {reexecute=1 rethrow=0 return_oop=0}
                      ; - (reexecute) java.lang.Package::isSealed@14
                      ; - java.net.URLClassLoader::getAndVerifyPackage@14
                      ; - java.net.URLClassLoader::defineClass@46
                      ; - java.net.URLClassLoader$1::run@43
                      ; - java.net.URLClassLoader$1::run@1
                      ; - java.security.AccessController::executePrivileged@29
                      ; - java.security.AccessController::doPrivileged@13
                      ; - java.net.URLClassLoader::findClass@13
  0x000001d1d215d750: 2c6c 88ff 

  0x000001d1d215d754: ;   {other}
  0x000001d1d215d754: 0f1f 8400 | c491 00c8 | baf6 ffff | ff48 8bac | 24b0 0000 | 004c 8b54 | 2430 4c89 | 5424 204c 
  0x000001d1d215d774: 8b94 24b8 | 0000 004c | 8954 2430 | 4c8b 5424 | 504c 8954 | 2448 4c89 | 6c24 584c | 8974 2460 
  0x000001d1d215d794: ;   {runtime_call UncommonTrapBlob}
  0x000001d1d215d794: c5f8 77e8 

  0x000001d1d215d798: ; ImmutableOopMap {rbp=Oop [32]=Oop [48]=Oop [88]=Oop [96]=Oop [120]=Oop [136]=NarrowOop }
                      ;*arraylength {reexecute=0 rethrow=0 return_oop=0}
                      ; - java.lang.StringLatin1::replace@8
                      ; - java.lang.String::replace@18
                      ; - java.net.URLClassLoader::isSealed@9
                      ; - java.net.URLClassLoader::getAndVerifyPackage@68
                      ; - java.net.URLClassLoader::defineClass@46
                      ; - java.net.URLClassLoader$1::run@43
                      ; - java.net.URLClassLoader$1::run@1
                      ; - java.security.AccessController::executePrivileged@29
                      ; - java.security.AccessController::doPrivileged@13
                      ; - java.net.URLClassLoader::findClass@13
  0x000001d1d215d798: e46b 88ff 

  0x000001d1d215d79c: ;   {other}
  0x000001d1d215d79c: 0f1f 8400 | 0c92 00c9 | baf6 ffff | ff48 8bac | 24b0 0000 | 004c 8b54 | 2430 4c89 | 5424 204c 
  0x000001d1d215d7bc: 8b94 24b8 | 0000 004c | 8954 2430 | 4c8b 5424 | 784c 8954 | 2440 4c8b | 5424 504c | 8954 2448 
  0x000001d1d215d7dc: 4c89 6c24 | 584c 8974 | 2460 4889 | 4424 7890 

  0x000001d1d215d7ec: ;   {runtime_call UncommonTrapBlob}
  0x000001d1d215d7ec: c5f8 77e8 

  0x000001d1d215d7f0: ; ImmutableOopMap {rbp=Oop [32]=Oop [48]=Oop [64]=Oop [88]=Oop [96]=Oop [120]=Oop [136]=NarrowOop }
                      ;*invokeinterface get {reexecute=0 rethrow=0 return_oop=0}
                      ; - java.util.jar.Manifest::getAttributes@5
                      ; - java.util.jar.Manifest::getTrustedAttributes@2
                      ; - java.util.jar.JavaUtilJarAccessImpl::getTrustedAttributes@2
                      ; - java.net.URLClassLoader::isSealed@18
                      ; - java.net.URLClassLoader::getAndVerifyPackage@68
                      ; - java.net.URLClassLoader::defineClass@46
                      ; - java.net.URLClassLoader$1::run@43
                      ; - java.net.URLClassLoader$1::run@1
                      ; - java.security.AccessController::executePrivileged@29
                      ; - java.security.AccessController::doPrivileged@13
                      ; - java.net.URLClassLoader::findClass@13
  0x000001d1d215d7f0: 8c6b 88ff 

  0x000001d1d215d7f4: ;   {other}
  0x000001d1d215d7f4: 0f1f 8400 | 6492 00ca | baf6 ffff | ff48 8bac | 24b0 0000 | 004c 8b54 | 2430 4c89 | 5424 204c 
  0x000001d1d215d814: 8b94 24b8 | 0000 004c | 8954 2430 | 4c8b 5424 | 504c 8954 | 2448 4c89 | 6c24 584c | 8974 2460 
  0x000001d1d215d834: ;   {runtime_call UncommonTrapBlob}
  0x000001d1d215d834: c5f8 77e8 

  0x000001d1d215d838: ; ImmutableOopMap {rbp=Oop [32]=Oop [48]=Oop [88]=Oop [96]=Oop [120]=Oop [136]=NarrowOop }
                      ;*invokeinterface get {reexecute=0 rethrow=0 return_oop=0}
                      ; - java.util.jar.Attributes::get@5
                      ; - java.util.jar.Attributes::getValue@2
                      ; - java.net.URLClassLoader::isSealed@58
                      ; - java.net.URLClassLoader::getAndVerifyPackage@68
                      ; - java.net.URLClassLoader::defineClass@46
                      ; - java.net.URLClassLoader$1::run@43
                      ; - java.net.URLClassLoader$1::run@1
                      ; - java.security.AccessController::executePrivileged@29
                      ; - java.security.AccessController::doPrivileged@13
                      ; - java.net.URLClassLoader::findClass@13
  0x000001d1d215d838: 446b 88ff 

  0x000001d1d215d83c: ;   {other}
  0x000001d1d215d83c: 0f1f 8400 | ac92 00cb | ba45 ffff | ff48 8bac | 24b0 0000 | 004c 8b5c | 2430 4c89 | 5c24 204c 
  0x000001d1d215d85c: 8b5c 2478 | 4c89 5c24 | 284c 8b9c | 24b8 0000 | 004c 895c | 2430 4c8b | 5c24 504c | 895c 2440 
  0x000001d1d215d87c: 4c89 5424 | 7044 8944 | 2478 6690 

  0x000001d1d215d888: ;   {runtime_call UncommonTrapBlob}
  0x000001d1d215d888: c5f8 77e8 

  0x000001d1d215d88c: ; ImmutableOopMap {rbp=Oop [32]=Oop [40]=Oop [48]=Oop [112]=Oop [120]=NarrowOop [136]=NarrowOop [216]=Oop }
                      ;*ifnonnull {reexecute=1 rethrow=0 return_oop=0}
                      ; - (reexecute) jdk.internal.access.SharedSecrets::javaUtilJarAccess@5
                      ; - jdk.internal.loader.URLClassPath$JarLoader$2::getManifest@0
                      ; - java.net.URLClassLoader::defineClass@34
                      ; - java.net.URLClassLoader$1::run@43
                      ; - java.net.URLClassLoader$1::run@1
                      ; - java.security.AccessController::executePrivileged@29
                      ; - java.security.AccessController::doPrivileged@13
                      ; - java.net.URLClassLoader::findClass@13
  0x000001d1d215d88c: f06a 88ff 

  0x000001d1d215d890: ;   {other}
  0x000001d1d215d890: 0f1f 8400 | 0093 00cc | baf6 ffff | ff48 8bac | 24b0 0000 | 004c 8b54 | 2430 4c89 | 5424 204c 
  0x000001d1d215d8b0: 8b94 24b8 | 0000 004c | 8954 2430 | 4c8b 5424 | 504c 8954 | 2448 4c89 | 4c24 6890 

  0x000001d1d215d8cc: ;   {runtime_call UncommonTrapBlob}
  0x000001d1d215d8cc: c5f8 77e8 

  0x000001d1d215d8d0: ; ImmutableOopMap {rbp=Oop [32]=Oop [48]=Oop [104]=Oop [120]=Oop [136]=NarrowOop }
                      ;*getfield jar {reexecute=1 rethrow=0 return_oop=0}
                      ; - (reexecute) jdk.internal.loader.URLClassPath$JarLoader$2::getInputStream@4
                      ; - jdk.internal.loader.Resource::cachedInputStream@9
                      ; - jdk.internal.loader.Resource::getByteBuffer@1
                      ; - java.net.URLClassLoader::defineClass@132
                      ; - java.net.URLClassLoader$1::run@43
                      ; - java.net.URLClassLoader$1::run@1
                      ; - java.security.AccessController::executePrivileged@29
                      ; - java.security.AccessController::doPrivileged@13
                      ; - java.net.URLClassLoader::findClass@13
  0x000001d1d215d8d0: ac6a 88ff 

  0x000001d1d215d8d4: ;   {other}
  0x000001d1d215d8d4: 0f1f 8400 | 4493 00cd | ba45 ffff | ff48 8bac | 24b0 0000 | 004c 8b5c | 2430 4c89 | 5c24 204c 
  0x000001d1d215d8f4: 8b9c 24b8 | 0000 004c | 895c 2430 | 4c8b 5c24 | 784c 895c | 2440 4c8b | 5c24 504c | 895c 2448 
  0x000001d1d215d914: 448b 8424 | 8800 0000 | 4489 4424 | 504c 896c | 2468 4c89 | 4c24 704c | 896c 2478 | 4c89 b424 
  0x000001d1d215d934: 8000 0000 | 4489 9424 | 9800 0000 

  0x000001d1d215d940: ;   {runtime_call UncommonTrapBlob}
  0x000001d1d215d940: c5f8 77e8 

  0x000001d1d215d944: ; ImmutableOopMap {rbp=Oop [32]=Oop [48]=Oop [64]=Oop [80]=NarrowOop [104]=Oop [112]=Oop [120]=Oop [128]=Oop [152]=NarrowOop }
                      ;*ifnonnull {reexecute=1 rethrow=0 return_oop=0}
                      ; - (reexecute) jdk.internal.access.SharedSecrets::javaUtilJarAccess@5
                      ; - java.net.URLClassLoader::isSealed@0
                      ; - java.net.URLClassLoader::getAndVerifyPackage@68
                      ; - java.net.URLClassLoader::defineClass@46
                      ; - java.net.URLClassLoader$1::run@43
                      ; - java.net.URLClassLoader$1::run@1
                      ; - java.security.AccessController::executePrivileged@29
                      ; - java.security.AccessController::doPrivileged@13
                      ; - java.net.URLClassLoader::findClass@13
  0x000001d1d215d944: 386a 88ff 

  0x000001d1d215d948: ;   {other}
  0x000001d1d215d948: 0f1f 8400 | b893 00ce | ba45 ffff | ff48 8bac | 24b0 0000 | 004c 8b5c | 2430 4c89 | 5c24 204c 
  0x000001d1d215d968: 8b9c 24b8 | 0000 004c | 895c 2430 | 4c8b 5c24 | 784c 895c | 2440 4c8b | 5c24 504c | 895c 2448 
  0x000001d1d215d988: 448b 9c24 | 8800 0000 | 4489 5c24 | 504c 8974 | 2460 4c89 | 6c24 684c | 894c 2470 | 4489 9424 
  0x000001d1d215d9a8: 8800 0000 

  0x000001d1d215d9ac: ;   {runtime_call UncommonTrapBlob}
  0x000001d1d215d9ac: c5f8 77e8 

  0x000001d1d215d9b0: ; ImmutableOopMap {rbp=Oop [32]=Oop [48]=Oop [64]=Oop [80]=NarrowOop [96]=Oop [104]=Oop [112]=Oop [136]=NarrowOop }
                      ;*ifnull {reexecute=1 rethrow=0 return_oop=0}
                      ; - (reexecute) java.net.URLClassLoader::isSealed@51
                      ; - java.net.URLClassLoader::getAndVerifyPackage@68
                      ; - java.net.URLClassLoader::defineClass@46
                      ; - java.net.URLClassLoader$1::run@43
                      ; - java.net.URLClassLoader$1::run@1
                      ; - java.security.AccessController::executePrivileged@29
                      ; - java.security.AccessController::doPrivileged@13
                      ; - java.net.URLClassLoader::findClass@13
  0x000001d1d215d9b0: cc69 88ff 

  0x000001d1d215d9b4: ;   {other}
  0x000001d1d215d9b4: 0f1f 8400 | 2494 00cf | baf6 ffff | ff48 8bac | 24b0 0000 | 004c 8b54 | 2430 4c89 | 5424 204c 
  0x000001d1d215d9d4: 8b94 24b8 | 0000 004c | 8954 2430 | 4c8b 5424 | 504c 8954 | 2448 4c89 | 6c24 584c | 8974 2460 
  0x000001d1d215d9f4: ;   {runtime_call UncommonTrapBlob}
  0x000001d1d215d9f4: c5f8 77e8 

  0x000001d1d215d9f8: ; ImmutableOopMap {rbp=Oop [32]=Oop [48]=Oop [88]=Oop [96]=Oop [120]=Oop [136]=NarrowOop }
                      ;*arraylength {reexecute=0 rethrow=0 return_oop=0}
                      ; - java.lang.String::length@4
                      ; - java.lang.String::equalsIgnoreCase@14
                      ; - java.net.URLClassLoader::isSealed@68
                      ; - java.net.URLClassLoader::getAndVerifyPackage@68
                      ; - java.net.URLClassLoader::defineClass@46
                      ; - java.net.URLClassLoader$1::run@43
                      ; - java.net.URLClassLoader$1::run@1
                      ; - java.security.AccessController::executePrivileged@29
                      ; - java.security.AccessController::doPrivileged@13
                      ; - java.net.URLClassLoader::findClass@13
  0x000001d1d215d9f8: 8469 88ff 

  0x000001d1d215d9fc: ;   {other}
  0x000001d1d215d9fc: 0f1f 8400 | 6c94 00d0 | baf4 ffff | ff48 8bac | 2490 0000 | 004c 8b54 | 2430 4c89 | 5424 204c 
  0x000001d1d215da1c: 8b54 2440 | 4c89 5424 | 304c 8b54 | 2478 4c89 | 5424 404c | 8b54 2450 | 4c89 5424 | 4844 8b9c 
  0x000001d1d215da3c: 2488 0000 | 0044 895c | 2454 6690 

  0x000001d1d215da48: ;   {runtime_call UncommonTrapBlob}
  0x000001d1d215da48: c5f8 77e8 

  0x000001d1d215da4c: ; ImmutableOopMap {rbp=Oop [32]=Oop [48]=Oop [64]=Oop [84]=NarrowOop [96]=Oop [112]=Oop }
                      ;*checkcast {reexecute=0 rethrow=0 return_oop=0}
                      ; - java.lang.ClassLoader::definePackage@81
                      ; - java.lang.ClassLoader::getDefinedPackage@32
                      ; - java.net.URLClassLoader::getAndVerifyPackage@2
                      ; - java.net.URLClassLoader::defineClass@46
                      ; - java.net.URLClassLoader$1::run@43
                      ; - java.net.URLClassLoader$1::run@1
                      ; - java.security.AccessController::executePrivileged@29
                      ; - java.security.AccessController::doPrivileged@13
                      ; - java.net.URLClassLoader::findClass@13
  0x000001d1d215da4c: 3069 88ff 

  0x000001d1d215da50: ;   {other}
  0x000001d1d215da50: 0f1f 8400 | c094 00d1 | ba45 ffff | ff4c 8b9c | 24b0 0000 | 004c 895c | 2420 4c8b | 5c24 304c 
  0x000001d1d215da70: 895c 2428 | 4c8b 9c24 | b800 0000 | 4c89 5c24 | 384c 8b5c | 2478 4c89 | 5c24 4844 | 8b84 2488 
  0x000001d1d215da90: 0000 004c | 896c 2478 | 4c89 b424 | 8000 0000 | 4489 4424 | 5c4c 89ac | 2490 0000 | 0044 898c 
  0x000001d1d215dab0: 24b0 0000 | 0044 8994 | 24b4 0000 | 0066 6690 

  0x000001d1d215dac0: ;   {runtime_call UncommonTrapBlob}
  0x000001d1d215dac0: c5f8 77e8 

  0x000001d1d215dac4: ; ImmutableOopMap {rbp=NarrowOop [32]=Oop [40]=Oop [56]=Oop [72]=Oop [92]=NarrowOop [120]=Oop [128]=Oop [144]=Oop [176]=NarrowOop }
                      ;*ifnull {reexecute=1 rethrow=0 return_oop=0}
                      ; - (reexecute) java.util.concurrent.ConcurrentHashMap::get@67
                      ; - java.lang.ClassLoader::getDefinedPackage@13
                      ; - java.net.URLClassLoader::getAndVerifyPackage@2
                      ; - java.net.URLClassLoader::defineClass@46
                      ; - java.net.URLClassLoader$1::run@43
                      ; - java.net.URLClassLoader$1::run@1
                      ; - java.security.AccessController::executePrivileged@29
                      ; - java.security.AccessController::doPrivileged@13
                      ; - java.net.URLClassLoader::findClass@13
  0x000001d1d215dac4: b868 88ff 

  0x000001d1d215dac8: ;   {other}
  0x000001d1d215dac8: 0f1f 8400 | 3895 00d2 | ba45 ffff | ff4c 8b9c | 24b0 0000 | 004c 895c | 2420 4c8b | 5c24 304c 
  0x000001d1d215dae8: 895c 2428 | 4c8b 9c24 | b800 0000 | 4c89 5c24 | 384c 8b5c | 2478 4c89 | 5c24 484c | 896c 2478 
  0x000001d1d215db08: 4c89 b424 | 8000 0000 | 448b 9c24 | 8800 0000 | 4489 5c24 | 5c4c 89ac | 2490 0000 | 0044 8984 
  0x000001d1d215db28: 24b0 0000 | 0044 898c | 24b4 0000 | 0044 8994 | 24b8 0000 | 0066 6690 

  0x000001d1d215db40: ;   {runtime_call UncommonTrapBlob}
  0x000001d1d215db40: c5f8 77e8 

  0x000001d1d215db44: ; ImmutableOopMap {rbp=NarrowOop [32]=Oop [40]=Oop [56]=Oop [72]=Oop [92]=NarrowOop [120]=Oop [128]=Oop [144]=Oop [176]=NarrowOop [180]=NarrowOop }
                      ;*ifnull {reexecute=1 rethrow=0 return_oop=0}
                      ; - (reexecute) java.util.concurrent.ConcurrentHashMap::get@67
                      ; - java.lang.ClassLoader::definePackage@47
                      ; - java.lang.ClassLoader::getDefinedPackage@32
                      ; - java.net.URLClassLoader::getAndVerifyPackage@2
                      ; - java.net.URLClassLoader::defineClass@46
                      ; - java.net.URLClassLoader$1::run@43
                      ; - java.net.URLClassLoader$1::run@1
                      ; - java.security.AccessController::executePrivileged@29
                      ; - java.security.AccessController::doPrivileged@13
                      ; - java.net.URLClassLoader::findClass@13
  0x000001d1d215db44: 3868 88ff 

  0x000001d1d215db48: ;   {other}
  0x000001d1d215db48: 0f1f 8400 | b895 00d3 | baf6 ffff | ff48 8bac | 24b0 0000 | 004c 8b54 | 2430 4c89 | 5424 204c 
  0x000001d1d215db68: 8b54 2478 | 4c89 5424 | 284c 8b94 | 24b8 0000 | 004c 8954 | 2430 4c8b | 5424 504c | 8954 2440 
  0x000001d1d215db88: 448b 9c24 | 8800 0000 | 4489 5c24 | 4866 6690 

  0x000001d1d215db98: ;   {runtime_call UncommonTrapBlob}
  0x000001d1d215db98: c5f8 77e8 

  0x000001d1d215db9c: ; ImmutableOopMap {rbp=Oop [32]=Oop [40]=Oop [48]=Oop [72]=NarrowOop [76]=NarrowOop [104]=Oop [112]=Oop [144]=Oop [152]=Oop [216]=Oop }
                      ;*arraylength {reexecute=0 rethrow=0 return_oop=0}
                      ; - java.io.ByteArrayInputStream::<init>@21
                      ; - java.util.jar.JarFile::getManifestFromReference@114
                      ; - java.util.jar.JarFile::getManifest@1
                      ; - jdk.internal.loader.URLClassPath$JarLoader$2::getManifest@22
                      ; - java.net.URLClassLoader::defineClass@34
                      ; - java.net.URLClassLoader$1::run@43
                      ; - java.net.URLClassLoader$1::run@1
                      ; - java.security.AccessController::executePrivileged@29
                      ; - java.security.AccessController::doPrivileged@13
                      ; - java.net.URLClassLoader::findClass@13
  0x000001d1d215db9c: e067 88ff 

  0x000001d1d215dba0: ;   {other}
  0x000001d1d215dba0: 0f1f 8400 | 1096 00d4 | ba45 ffff | ff48 8b6c | 2438 4c8b | 5c24 304c | 895c 2420 | 4c8b 5c24 
  0x000001d1d215dbc0: 784c 895c | 2428 4c8b | 5c24 484c | 895c 2430 | 4c8b 5c24 | 504c 895c | 2440 448b | 9c24 8800 
  0x000001d1d215dbe0: 0000 4489 | 5c24 484c | 8b5c 2470 | 4c89 5c24 | 684c 8954 | 2478 4c89 | 8424 8800 | 0000 6690 
  0x000001d1d215dc00: ;   {runtime_call UncommonTrapBlob}
  0x000001d1d215dc00: c5f8 77e8 

  0x000001d1d215dc04: ; ImmutableOopMap {rbp=Oop [32]=Oop [40]=Oop [48]=Oop [72]=NarrowOop [104]=Oop [120]=Oop [136]=Oop [144]=Oop [216]=Oop }
                      ;*ifnull {reexecute=1 rethrow=0 return_oop=0}
                      ; - (reexecute) java.util.jar.JarFile::getManifestFromReference@148
                      ; - java.util.jar.JarFile::getManifest@1
                      ; - jdk.internal.loader.URLClassPath$JarLoader$2::getManifest@22
                      ; - java.net.URLClassLoader::defineClass@34
                      ; - java.net.URLClassLoader$1::run@43
                      ; - java.net.URLClassLoader$1::run@1
                      ; - java.security.AccessController::executePrivileged@29
                      ; - java.security.AccessController::doPrivileged@13
                      ; - java.net.URLClassLoader::findClass@13
  0x000001d1d215dc04: 7867 88ff 

  0x000001d1d215dc08: ;   {other}
  0x000001d1d215dc08: 0f1f 8400 | 7896 00d5 | baf6 ffff | ff48 8bac | 24b0 0000 | 004c 8b5c | 2430 4c89 | 5c24 204c 
  0x000001d1d215dc28: 8b9c 24b8 | 0000 004c | 895c 2430 | 4c8b 5c24 | 504c 895c | 2440 4489 | 5424 484c | 8944 2460 
  0x000001d1d215dc48: ;   {runtime_call UncommonTrapBlob}
  0x000001d1d215dc48: c5f8 77e8 

  0x000001d1d215dc4c: ; ImmutableOopMap {rbp=Oop [32]=Oop [48]=Oop [96]=Oop [120]=Oop }
                      ;*invokevirtual getBaseURL {reexecute=0 rethrow=0 return_oop=0}
                      ; - jdk.internal.loader.URLClassPath$FileLoader$1::getCodeSourceURL@4
                      ; - java.net.URLClassLoader::defineClass@13
                      ; - java.net.URLClassLoader$1::run@43
                      ; - java.net.URLClassLoader$1::run@1
                      ; - java.security.AccessController::executePrivileged@29
                      ; - java.security.AccessController::doPrivileged@13
                      ; - java.net.URLClassLoader::findClass@13
  0x000001d1d215dc4c: 3067 88ff 

  0x000001d1d215dc50: ;   {other}
  0x000001d1d215dc50: 0f1f 8400 | c096 00d6 | ba97 ffff | ff48 8b6c | 2440 4c8b | 5424 304c | 8954 2420 | 4c8b 5424 
  0x000001d1d215dc70: 484c 8954 | 2428 4c8b | 5424 704c | 8954 2430 | 4c8b 5424 | 504c 8954 | 2448 448b | 5424 6044 
  0x000001d1d215dc90: 8954 2454 

  0x000001d1d215dc94: ;   {runtime_call UncommonTrapBlob}
  0x000001d1d215dc94: c5f8 77e8 

  0x000001d1d215dc98: ; ImmutableOopMap {rbp=Oop [32]=Oop [40]=Oop [48]=Oop [84]=NarrowOop [104]=Oop [136]=NarrowOop }
                      ;*invokevirtual clone {reexecute=1 rethrow=0 return_oop=0}
                      ; - (reexecute) java.util.Arrays::copyOfRange@18
                      ; - java.lang.StringLatin1::newString@16
                      ; - java.lang.String::substring@41
                      ; - java.net.URLClassLoader::defineClass@28
                      ; - java.net.URLClassLoader$1::run@43
                      ; - java.net.URLClassLoader$1::run@1
                      ; - java.security.AccessController::executePrivileged@29
                      ; - java.security.AccessController::doPrivileged@13
                      ; - java.net.URLClassLoader::findClass@13
  0x000001d1d215dc98: e466 88ff 

  0x000001d1d215dc9c: ;   {other}
  0x000001d1d215dc9c: 0f1f 8400 | 0c97 00d7 | 4c8b d0e9 | 0a07 0000 | 488b d8e9 | 8402 0000 | 4c8b d0e9 | ae07 0000 
  0x000001d1d215dcbc: 488b d890 | e933 0600 | 0048 8bd8 | e92b 0600 | 0048 8bd8 | e923 0600 | 0048 8b6c | 2450 488b 
  0x000001d1d215dcdc: 9424 9800 | 0000 4c8b | c04c 8b94 | 24b0 0000 | 004c 8954 | 2438 4c8b | 9424 b800 | 0000 4c89 
  0x000001d1d215dcfc: 5424 484c | 8b54 2470 | 4c89 5424 | 5866 6690 

  0x000001d1d215dd0c: ;   {optimized virtual_call}
  0x000001d1d215dd0c: c5f8 77e8 

  0x000001d1d215dd10: ; ImmutableOopMap {[48]=Oop [56]=Oop [72]=Oop [88]=Oop [120]=Oop [136]=NarrowOop [152]=Oop [176]=Oop [184]=Oop [216]=Oop }
                      ;*invokevirtual addSuppressed {reexecute=0 rethrow=0 return_oop=0}
                      ; - java.util.jar.JarFile::getManifestFromReference@177
                      ; - java.util.jar.JarFile::getManifest@1
                      ; - jdk.internal.loader.URLClassPath$JarLoader$2::getManifest@22
                      ; - java.net.URLClassLoader::defineClass@34
                      ; - java.net.URLClassLoader$1::run@43
                      ; - java.net.URLClassLoader$1::run@1
                      ; - java.security.AccessController::executePrivileged@29
                      ; - java.security.AccessController::doPrivileged@13
                      ; - java.net.URLClassLoader::findClass@13
  0x000001d1d215dd10: 6c0d 88ff 

  0x000001d1d215dd14: ;   {other}
  0x000001d1d215dd14: 0f1f 8400 | 8497 00d8 | 0f1f 4000 | e977 0500 | 0048 8bd8 | 448b 5008 | 49b8 0000 | 00df d101 
  0x000001d1d215dd34: 0000 4d03 | c24c 8b54 | 2478 4c89 | 5424 38e9 | 4007 0000 | e90b 0500 | 0048 8984 | 2498 0000 
  0x000001d1d215dd54: 00e9 0605 | 0000 e9f9 | 0400 004c | 8bd0 e94f | 0600 004c | 8bd0 e947 | 0600 004c | 8bd0 e93f 
  0x000001d1d215dd74: 0600 004c | 8bd0 e937 | 0600 004c | 8bd0 e92f | 0600 004c | 8bd0 e927 | 0600 004c | 8bd0 e91f 
  0x000001d1d215dd94: 0600 004c | 8bd0 e917 | 0600 004c | 8bd0 e90f | 0600 004c | 8bd0 e907 | 0600 004c | 8bd0 e9ff 
  0x000001d1d215ddb4: 0500 004c | 8bd0 e9f7 | 0500 004c | 8bd0 e9ef | 0500 004c | 8bd0 e9e7 | 0500 004c | 8bd0 e9df 
  0x000001d1d215ddd4: 0500 004c | 8bd0 e9d7 | 0500 004c | 8bd0 e9cf | 0500 004c | 8bd0 e97b | 0600 004c | 8bd0 e9c8 
  0x000001d1d215ddf4: 0000 004c | 8bd0 e96b | 0600 004c | 8bd0 e963 | 0600 004c | 8bd0 e95b | 0600 004c 

  0x000001d1d215de10: ;   {no_reloc}
  0x000001d1d215de10: 8bd0 e953 | 0600 0048 | 8bd8 e900 | 0700 0048 | 8bd8 e9f8 | 0600 0048 | 8bd8 e9f0 | 0600 004c 
  0x000001d1d215de30: 8bd0 e933 | 0600 004c | 8bd0 e92b | 0600 004c | 8bd0 e923 | 0600 0048 | 8bd8 448b | 5808 49b8 
  0x000001d1d215de50: 0000 00df | d101 0000 | 4d03 c30f | 1f44 0000 | e923 0600 | 004c 8bd0 | eb03 4c8b | d049 8bda 
  0x000001d1d215de70: 458b 5208 | 49b8 0000 | 00df d101 | 0000 4d03 | c24c 8b54 | 2420 4c89 | 5424 38e9 | f805 0000 
  0x000001d1d215de90: 488b d8e9 | 0f07 0000 | 4c8b 5424 | 784c 8954 | 2438 e9e1 | 0500 004c | 8bd0 eb03 | 4c8b d049 
  0x000001d1d215deb0: 8bda e968 | 0600 004c | 8bd0 eb03 | 4c8b d049 | 8bda e958 | 0600 0048 | 8bd8 e929 | 0400 0048 
  0x000001d1d215ded0: 8bd8 e921 | 0400 0048 | 8bd8 e919 | 0400 0048 | 8bd8 e911 | 0400 0048 | 8bd8 e909 | 0400 0048 
  0x000001d1d215def0: 8bd8 e901 | 0400 0048 | 8bd8 448b | 5008 49b8 | 0000 00df | d101 0000 | 4d03 c24d | 8b50 504c 
  0x000001d1d215df10: ;   {no_reloc}
  0x000001d1d215df10: 3bd5 7584 | 4533 c9e9 | e302 0000 | 4c8b d090 | e922 0500 | 004c 8bd0 | e93d 0500 | 004c 8bd0 
  0x000001d1d215df30: e935 0500 | 0048 8bd8 | 4c8b 5c24 | 3848 8d84 | 2400 0100 | 0048 8338 | 000f 8479 | 0000 004d 
  0x000001d1d215df50: 8b13 41f6 | c202 0f84 | 6200 0000 | 4983 ba86 | 0000 0000 | 7409 49ff | 8a86 0000 | 00eb 4b49 
  0x000001d1d215df70: 8b82 9600 | 0000 490b | 828e 0000 | 0075 0a49 | c742 3e00 | 0000 00eb | 3d49 83ba | 9e00 0000 
  0x000001d1d215df90: 0074 2248 | 33c0 49c7 | 423e 0000 | 0000 f083 | 0424 0049 | 83ba 9e00 | 0000 0075 | 0df0 4d0f 
  0x000001d1d215dfb0: b17a 3e75 | 0583 c801 | eb0c a800 | eb08 4c8b | 10f0 4d0f | b113 750a | 49ff 8f50 | 0500 0045 
  0x000001d1d215dfd0: 33d2 0f84 | e103 0000 | 498b cb48 | 8d94 2400 | 0100 004d | 8bc7 c5f8 | 7749 ba80 | d324 a2f8 
  0x000001d1d215dff0: 7f00 0041 

  0x000001d1d215dff4: ;   {other}
  0x000001d1d215dff4: ffd2 0f1f | 8400 0000 | 0000 6690 | e9b4 0300 | 0048 8bd8 | 448b 5808 | 49ba 0000 | 00df d101 
  0x000001d1d215e014: 0000 4d03 | d34d 8b52 

  0x000001d1d215e01c: ;   {metadata('java/io/IOException')}
  0x000001d1d215e01c: 4849 bb58 | 5304 e0d1 | 0100 004d | 3bd3 0f85 | 08ff ffff | 4c8b d849 | 8b87 b801 | 0000 4c8b 
  0x000001d1d215e03c: d049 83c2 | 284d 3b97 | c801 0000 | 0f83 9205 | 0000 4d89 | 97b8 0100 | 0041 0f0d | 8ac0 0000 
  0x000001d1d215e05c: 0048 c700 | 0100 0000 

  0x000001d1d215e064: ;   {metadata('java/lang/RuntimeException')}
  0x000001d1d215e064: c740 08a8 | b705 0044 | 8960 0c4c | 8960 104c | 8960 184c | 8960 204c | 895c 2440 | 4c8b d04c 
  0x000001d1d215e084: 8954 2448 | 488b 6c24 | 5044 8b54 | 2460 4489 | 5424 2048 | 8b54 2448 | 4c8b 4424 | 404c 8b94 
  0x000001d1d215e0a4: 24b0 0000 | 004c 8954 | 2440 4c8b | 9424 b800 | 0000 4c89 | 5424 5890 

  0x000001d1d215e0bc: ;   {optimized virtual_call}
  0x000001d1d215e0bc: c5f8 77e8 

  0x000001d1d215e0c0: ; ImmutableOopMap {[32]=NarrowOop [48]=Oop [56]=Oop [64]=Oop [72]=Oop [88]=Oop [112]=Oop [120]=Oop [176]=Oop [184]=Oop [216]=Oop }
                      ;*invokespecial <init> {reexecute=0 rethrow=0 return_oop=0}
                      ; - java.util.jar.JarFile::ensureInitialization@13
                      ; - java.util.jar.JavaUtilJarAccessImpl::ensureInitialization@1
                      ; - jdk.internal.loader.URLClassPath$JarLoader$2::getManifest@10
                      ; - java.net.URLClassLoader::defineClass@34
                      ; - java.net.URLClassLoader$1::run@43
                      ; - java.net.URLClassLoader$1::run@1
                      ; - java.security.AccessController::executePrivileged@29
                      ; - java.security.AccessController::doPrivileged@13
                      ; - java.net.URLClassLoader::findClass@13
  0x000001d1d215e0c0: bc09 88ff 

  0x000001d1d215e0c4: ;   {other}
  0x000001d1d215e0c4: 0f1f 8400 | 349b 00d9 | 4c8b 5c24 | 3848 8d84 | 2400 0100 | 0048 8338 | 000f 8479 | 0000 004d 
  0x000001d1d215e0e4: 8b13 41f6 | c202 0f84 | 6200 0000 | 4983 ba86 | 0000 0000 | 7409 49ff | 8a86 0000 | 00eb 4b49 
  0x000001d1d215e104: 8b82 9600 | 0000 490b | 828e 0000 | 0075 0a49 | c742 3e00 | 0000 00eb | 3d49 83ba | 9e00 0000 
  0x000001d1d215e124: 0074 2248 | 33c0 49c7 | 423e 0000 | 0000 f083 | 0424 0049 | 83ba 9e00 | 0000 0075 | 0df0 4d0f 
  0x000001d1d215e144: b17a 3e75 | 0583 c801 | eb0c a800 | eb08 4c8b | 10f0 4d0f | b113 750a | 49ff 8f50 | 0500 0045 
  0x000001d1d215e164: 33d2 0f85 | 2405 0000 | 4c8b 5424 | 4849 8bda | e9e0 0300 | 004c 8bd0 | 0f1f 4000 | e931 0200 
  0x000001d1d215e184: 004c 8bd0 | e929 0200 | 004c 8bd0 | e9d5 0200 | 004c 8bd0 | e9cd 0200 | 004c 8bd0 | e911 0200 
  0x000001d1d215e1a4: 004c 8bd0 | e909 0200 | 004c 8bd0 | e901 0200 | 004c 8bd0 | e9f9 0100 | 004c 8bd0 

  0x000001d1d215e1c0: ;   {no_reloc}
  0x000001d1d215e1c0: e9f1 0100 | 004c 8bd0 | e9e9 0100 | 004c 8bd0 | e9e1 0100 | 004c 8bd0 | e98d 0200 | 0048 8bd8 
  0x000001d1d215e1e0: 448b 5808 | 49b8 0000 | 00df d101 | 0000 4d03 | c34d 8b50 | 504c 3bd5 | 754d 4c8b | 4c24 4048 
  0x000001d1d215e200: 8b94 24b8 | 0000 004c | 8b44 2438 | 488b 7c24 | 2848 8bac | 24b0 0000 | 0048 8994 | 2490 0000 
  0x000001d1d215e220: 0066 6690 

  0x000001d1d215e224: ;   {optimized virtual_call}
  0x000001d1d215e224: c5f8 77e8 

  0x000001d1d215e228: ; ImmutableOopMap {rbp=Oop [40]=Oop [48]=Oop [56]=Oop [120]=Oop [136]=NarrowOop [144]=Oop [176]=Oop [184]=Oop }
                      ;*invokevirtual getAndVerifyPackage {reexecute=0 rethrow=0 return_oop=1}
                      ; - java.net.URLClassLoader::defineClass@97
                      ; - java.net.URLClassLoader$1::run@43
                      ; - java.net.URLClassLoader$1::run@1
                      ; - java.security.AccessController::executePrivileged@29
                      ; - java.security.AccessController::doPrivileged@13
                      ; - java.net.URLClassLoader::findClass@13
  0x000001d1d215e228: 5408 88ff 

  0x000001d1d215e22c: ;   {other}
  0x000001d1d215e22c: 0f1f 8400 | 9c9c 00da | 4885 c00f | 8428 0400 | 004c 8b5c | 2420 e9d2 | 73ff ff4c | 8b54 2478 
  0x000001d1d215e24c: 4c89 5424 | 38e9 3202 | 0000 eb00 | 4889 8424 | 9800 0000 | 4c8b 5424 | 204d 85d2 | 7432 498b 
  0x000001d1d215e26c: d248 8bac | 24b0 0000 | 004c 8b94 | 24b8 0000 | 004c 8954 | 2438 c5f8 | 7748 b8ff | ffff ffff 
  0x000001d1d215e28c: ;   {virtual_call}
  0x000001d1d215e28c: ffff ffe8 

  0x000001d1d215e290: ; ImmutableOopMap {rbp=Oop [48]=Oop [56]=Oop [112]=Oop [120]=Oop [136]=NarrowOop [152]=Oop [176]=Oop [184]=Oop [216]=Oop }
                      ;*invokevirtual close {reexecute=0 rethrow=0 return_oop=0}
                      ; - java.util.jar.JarFile::getManifestFromReference@165
                      ; - java.util.jar.JarFile::getManifest@1
                      ; - jdk.internal.loader.URLClassPath$JarLoader$2::getManifest@22
                      ; - java.net.URLClassLoader::defineClass@34
                      ; - java.net.URLClassLoader$1::run@43
                      ; - java.net.URLClassLoader$1::run@1
                      ; - java.security.AccessController::executePrivileged@29
                      ; - java.security.AccessController::doPrivileged@13
                      ; - java.net.URLClassLoader::findClass@13
  0x000001d1d215e290: ec0a 88ff 

  0x000001d1d215e294: ;   {other}
  0x000001d1d215e294: 0f1f 8400 | 049d 00db | 4c8b 9424 | 9800 0000 | e90d 0100 | 004c 8bd0 | e9b9 0100 | 004c 8bd0 
  0x000001d1d215e2b4: e9b1 0100 | 004c 8bd0 | 0f1f 4000 | e9a5 0100 | 004c 8bd0 | e99d 0100 | 004c 8bd0 | e995 0100 
  0x000001d1d215e2d4: 004c 8bd0 | e98d 0100 | 004c 8bd0 | e985 0100 | 004c 8bd0 | e97d 0100 | 004c 8bd0 | e975 0100 
  0x000001d1d215e2f4: 0048 8bd8 | 4c8b 5c24 | 784c 895c | 2438 488d | 8424 0001 | 0000 4883 | 3800 0f84 | 7900 0000 
  0x000001d1d215e314: 4d8b 1341 | f6c2 020f | 8462 0000 | 0049 83ba | 8600 0000 | 0074 0949 | ff8a 8600 | 0000 eb4b 
  0x000001d1d215e334: 498b 8296 | 0000 0049 | 0b82 8e00 | 0000 750a | 49c7 423e | 0000 0000 | eb3d 4983 | ba9e 0000 
  0x000001d1d215e354: 0000 7422 | 4833 c049 | c742 3e00 | 0000 00f0 | 8304 2400 | 4983 ba9e | 0000 0000 | 750d f04d 
  0x000001d1d215e374: 0fb1 7a3e | 7505 83c8 | 01eb 0ca8 | 00eb 084c | 8b10 f04d | 0fb1 1375 | 0a49 ff8f 

  0x000001d1d215e390: ;   {no_reloc}
  0x000001d1d215e390: 5005 0000 | 4533 d20f | 8597 0200 | 0044 8b53 | 0849 b800 | 0000 dfd1 | 0100 004d | 03c2 e9d5 
  0x000001d1d215e3b0: 0000 004c | 8bd0 498b | da44 8b53 | 0849 b800 | 0000 dfd1 | 0100 004d | 03c2 4c8b | 5424 784c 
  0x000001d1d215e3d0: 8954 2438 | e9af 0000 | 0048 8bd8 | 448b 5008 | 49b8 0000 | 00df d101 | 0000 4d03 | c24c 8b54 
  0x000001d1d215e3f0: 2478 4c89 | 5424 38e9 | 8c00 0000 | 488b d844 | 8b58 0849 | b800 0000 | dfd1 0100 | 004d 03c3 
  0x000001d1d215e410: e973 0000 | 0048 8bd8 | 448b 5808 | 49b8 0000 | 00df d101 | 0000 4d03 | c3e9 5a00 | 0000 488b 
  0x000001d1d215e430: d844 8b58 | 0849 b800 | 0000 dfd1 | 0100 004d | 03c3 eb44 | 4c8b d049 | 8bda 458b | 5a08 49b8 
  0x000001d1d215e450: 0000 00df | d101 0000 | 4d03 c34c | 8b54 2478 | 4c89 5424 | 38eb 214c | 8bd0 498b | da45 8b5a 
  0x000001d1d215e470: 0849 b800 | 0000 dfd1 | 0100 004d | 03c3 4c8b | 5424 784c | 8954 2438 | 4d8b 5048 

  0x000001d1d215e48c: ;   {metadata('java/io/IOException')}
  0x000001d1d215e48c: 49bb 5853 | 04e0 d101 | 0000 4d3b | d30f 8410 | 0100 004d 

  0x000001d1d215e4a0: ;   {metadata('java/lang/ClassFormatError')}
  0x000001d1d215e4a0: 8b50 5049 | bba0 3e44 | e0d1 0100 | 004d 3bd3 | 0f85 6900 | 0000 488b | eb48 8b54 | 2438 c5f8 
  0x000001d1d215e4c0: 7748 b8ff | ffff ffff 

  0x000001d1d215e4c8: ;   {virtual_call}
  0x000001d1d215e4c8: ffff ffe8 

  0x000001d1d215e4cc: ; ImmutableOopMap {rbp=Oop [48]=Oop [56]=Oop [176]=Oop }
                      ;*invokevirtual getDataError {reexecute=0 rethrow=0 return_oop=1}
                      ; - java.net.URLClassLoader$1::run@63
                      ; - java.net.URLClassLoader$1::run@1
                      ; - java.security.AccessController::executePrivileged@29
                      ; - java.security.AccessController::doPrivileged@13
                      ; - java.net.URLClassLoader::findClass@13
  0x000001d1d215e4cc: b008 88ff 

  0x000001d1d215e4d0: ;   {other}
  0x000001d1d215e4d0: 0f1f 8400 | 409f 00dc | 4885 c074 | 3748 8b54 | 2438 c5f8 | 7748 b8ff | ffff ffff 

  0x000001d1d215e4ec: ;   {virtual_call}
  0x000001d1d215e4ec: ffff ffe8 

  0x000001d1d215e4f0: ; ImmutableOopMap {rbp=Oop [48]=Oop [176]=Oop }
                      ;*invokevirtual getDataError {reexecute=0 rethrow=0 return_oop=1}
                      ; - java.net.URLClassLoader$1::run@71
                      ; - java.net.URLClassLoader$1::run@1
                      ; - java.security.AccessController::executePrivileged@29
                      ; - java.security.AccessController::doPrivileged@13
                      ; - java.net.URLClassLoader::findClass@13
  0x000001d1d215e4f0: 8c08 88ff 

  0x000001d1d215e4f4: ;   {other}
  0x000001d1d215e4f4: 0f1f 8400 | 649f 00dd | 488b d54c | 8bc0 6690 

  0x000001d1d215e504: ;   {optimized virtual_call}
  0x000001d1d215e504: c5f8 77e8 

  0x000001d1d215e508: ; ImmutableOopMap {rbp=Oop [48]=Oop [176]=Oop }
                      ;*invokevirtual addSuppressed {reexecute=0 rethrow=0 return_oop=0}
                      ; - java.net.URLClassLoader$1::run@74
                      ; - java.net.URLClassLoader$1::run@1
                      ; - java.security.AccessController::executePrivileged@29
                      ; - java.security.AccessController::doPrivileged@13
                      ; - java.net.URLClassLoader::findClass@13
  0x000001d1d215e508: 7405 88ff 

  0x000001d1d215e50c: ;   {other}
  0x000001d1d215e50c: 0f1f 8400 | 7c9f 00de | 488b d5e9 | 3f82 ffff | 488b d844 | 8b43 0849 | bb00 0000 | dfd1 0100 
  0x000001d1d215e52c: 004d 03d8 | eb14 488b | d844 8b50 | 0849 bb00 | 0000 dfd1 | 0100 004d | 03da 4d8b 

  0x000001d1d215e548: ;   {metadata('java/lang/RuntimeException')}
  0x000001d1d215e548: 5348 49b8 | a8b7 05df | d101 0000 | 4d3b d075 | 0c48 8bd3 | 0f1f 4000 | e9f6 81ff | ff4d 8b53 
  0x000001d1d215e568: ;   {metadata('java/lang/Exception')}
  0x000001d1d215e568: 4049 bb20 | c000 dfd1 | 0100 004d | 3bd3 0f84 | 9d00 0000 | 448b 5b08 

  0x000001d1d215e580: ;   {metadata('java/security/PrivilegedActionException')}
  0x000001d1d215e580: 4181 fb58 | 5416 0175 | 1e48 8beb | baad ffff | ff66 6690 

  0x000001d1d215e594: ;   {runtime_call UncommonTrapBlob}
  0x000001d1d215e594: c5f8 77e8 

  0x000001d1d215e598: ; ImmutableOopMap {rbp=Oop }
                      ;*invokevirtual getException {reexecute=0 rethrow=0 return_oop=0}
                      ; - java.net.URLClassLoader::findClass@25
  0x000001d1d215e598: e45d 88ff 

  0x000001d1d215e59c: ;   {other}
  0x000001d1d215e59c: 0f1f 8400 | 0ca0 00df | 488b d848 | 8bd3 e9ac | 81ff ff48 | 8beb ba2f | 0000 004c | 8b94 24b0 
  0x000001d1d215e5bc: 0000 004c | 8954 2420 | 4c8b 5424 | 304c 8954 | 2428 6690 

  0x000001d1d215e5d0: ;   {runtime_call UncommonTrapBlob}
  0x000001d1d215e5d0: c5f8 77e8 

  0x000001d1d215e5d4: ; ImmutableOopMap {rbp=Oop [32]=Oop [40]=Oop [184]=Oop }
                      ;*new {reexecute=0 rethrow=0 return_oop=0}
                      ; - java.net.URLClassLoader$1::run@48
                      ; - java.net.URLClassLoader$1::run@1
                      ; - java.security.AccessController::executePrivileged@29
                      ; - java.security.AccessController::doPrivileged@13
                      ; - java.net.URLClassLoader::findClass@13
  0x000001d1d215e5d4: a85d 88ff 

  0x000001d1d215e5d8: ;   {other}
  0x000001d1d215e5d8: 0f1f 8400 | 48a0 00e0 | 4c89 5c24 

  0x000001d1d215e5e4: ;   {metadata('java/lang/RuntimeException')}
  0x000001d1d215e5e4: 4048 baa8 | b705 dfd1 | 0100 004c | 8b54 2468 | 4c89 5424 | 484c 8b54 | 2470 4c89 | 5424 6890 
  0x000001d1d215e604: ;   {runtime_call _new_instance_Java}
  0x000001d1d215e604: c5f8 77e8 

  0x000001d1d215e608: ; ImmutableOopMap {rbp=Oop [48]=Oop [56]=Oop [64]=Oop [72]=Oop [96]=NarrowOop [104]=Oop [112]=Oop [120]=Oop [176]=Oop [184]=Oop [216]=Oop }
                      ;*new {reexecute=0 rethrow=0 return_oop=1}
                      ; - java.util.jar.JarFile::ensureInitialization@8
                      ; - java.util.jar.JavaUtilJarAccessImpl::ensureInitialization@1
                      ; - jdk.internal.loader.URLClassPath$JarLoader$2::getManifest@10
                      ; - java.net.URLClassLoader::defineClass@34
                      ; - java.net.URLClassLoader$1::run@43
                      ; - java.net.URLClassLoader$1::run@1
                      ; - java.security.AccessController::executePrivileged@29
                      ; - java.security.AccessController::doPrivileged@13
                      ; - java.net.URLClassLoader::findClass@13
  0x000001d1d215e608: f422 8bff 

  0x000001d1d215e60c: ;   {other}
  0x000001d1d215e60c: 0f1f 8400 | 7ca0 00e1 | e967 faff | ff48 8beb | ba91 0000 | 0066 6690 

  0x000001d1d215e624: ;   {runtime_call UncommonTrapBlob}
  0x000001d1d215e624: c5f8 77e8 

  0x000001d1d215e628: ; ImmutableOopMap {rbp=Oop [176]=Oop }
                      ;*new {reexecute=0 rethrow=0 return_oop=0}
                      ; - java.security.AccessController::wrapException@0
                      ; - java.security.AccessController::doPrivileged@22
                      ; - java.net.URLClassLoader::findClass@13
  0x000001d1d215e628: 545d 88ff 

  0x000001d1d215e62c: ;   {other}
  0x000001d1d215e62c: 0f1f 8400 | 9ca0 00e2 | 488b 4c24 | 7848 8d94 | 2400 0100 | 004d 8bc7 | c5f8 7749 | ba80 d324 
  0x000001d1d215e64c: a2f8 7f00 | 0041 ffd2 

  0x000001d1d215e654: ;   {other}
  0x000001d1d215e654: 0f1f 8400 | 0000 0000 | 0f1f 4000 | e938 fdff | ffba fd00 | 0000 4c8b | 5424 304c | 8954 2420 
  0x000001d1d215e674: 4c8b 5424 | 384c 8954 | 2430 6690 

  0x000001d1d215e680: ;   {runtime_call UncommonTrapBlob}
  0x000001d1d215e680: c5f8 77e8 

  0x000001d1d215e684: ; ImmutableOopMap {rbp=Oop [32]=Oop [48]=Oop [120]=Oop [144]=Oop }
                      ;*new {reexecute=0 rethrow=0 return_oop=0}
                      ; - java.net.URLClassLoader::defineClass@103
                      ; - java.net.URLClassLoader$1::run@43
                      ; - java.net.URLClassLoader$1::run@1
                      ; - java.security.AccessController::executePrivileged@29
                      ; - java.security.AccessController::doPrivileged@13
                      ; - java.net.URLClassLoader::findClass@13
  0x000001d1d215e684: f85c 88ff 

  0x000001d1d215e688: ;   {other}
  0x000001d1d215e688: 0f1f 8400 | f8a0 00e3 | 498b cb48 | 8d94 2400 | 0100 004d | 8bc7 c5f8 | 7749 ba80 | d324 a2f8 
  0x000001d1d215e6a8: 7f00 0041 

  0x000001d1d215e6ac: ;   {other}
  0x000001d1d215e6ac: ffd2 0f1f | 8400 0000 | 0000 e9b1 

  0x000001d1d215e6b8: ;   {internal_word}
  0x000001d1d215e6b8: faff ff49 | baf8 5915 | d2d1 0100 | 004d 8997 | 6804 0000 

  0x000001d1d215e6cc: ;   {runtime_call SafepointBlob}
  0x000001d1d215e6cc: e9af 6d88 

  0x000001d1d215e6d0: ;   {runtime_call StubRoutines (final stubs)}
  0x000001d1d215e6d0: ffe8 ca7d | 86ff e963 | 68ff fff4 | f4f4 f4f4 
[Stub Code]
  0x000001d1d215e6e0: ;   {no_reloc}
  0x000001d1d215e6e0: 48bb 0000 | 0000 0000 

  0x000001d1d215e6e8: ;   {runtime_call nmethod}
  0x000001d1d215e6e8: 0000 e9fb 

  0x000001d1d215e6ec: ;   {static_stub}
  0x000001d1d215e6ec: ffff ff48 | bb00 0000 | 0000 0000 

  0x000001d1d215e6f8: ;   {runtime_call nmethod}
  0x000001d1d215e6f8: 00e9 fbff 

  0x000001d1d215e6fc: ;   {static_stub}
  0x000001d1d215e6fc: ffff 48bb | 0000 0000 | 0000 0000 

  0x000001d1d215e708: ;   {runtime_call nmethod}
  0x000001d1d215e708: e9fb ffff 

  0x000001d1d215e70c: ;   {static_stub}
  0x000001d1d215e70c: ff48 bb00 | 0000 0000 

  0x000001d1d215e714: ;   {runtime_call nmethod}
  0x000001d1d215e714: 0000 00e9 | fbff ffff 

  0x000001d1d215e71c: ;   {static_stub}
  0x000001d1d215e71c: 48bb 0000 | 0000 0000 

  0x000001d1d215e724: ;   {runtime_call nmethod}
  0x000001d1d215e724: 0000 e9fb 

  0x000001d1d215e728: ;   {static_stub}
  0x000001d1d215e728: ffff ff48 | bb00 0000 | 0000 0000 

  0x000001d1d215e734: ;   {runtime_call nmethod}
  0x000001d1d215e734: 00e9 fbff 

  0x000001d1d215e738: ;   {static_stub}
  0x000001d1d215e738: ffff 48bb | 0000 0000 | 0000 0000 

  0x000001d1d215e744: ;   {runtime_call nmethod}
  0x000001d1d215e744: e9fb ffff 

  0x000001d1d215e748: ;   {static_stub}
  0x000001d1d215e748: ff48 bb00 | 0000 0000 

  0x000001d1d215e750: ;   {runtime_call nmethod}
  0x000001d1d215e750: 0000 00e9 | fbff ffff 

  0x000001d1d215e758: ;   {static_stub}
  0x000001d1d215e758: 48bb 0000 | 0000 0000 

  0x000001d1d215e760: ;   {runtime_call nmethod}
  0x000001d1d215e760: 0000 e9fb 

  0x000001d1d215e764: ;   {static_stub}
  0x000001d1d215e764: ffff ff48 | bb00 0000 | 0000 0000 

  0x000001d1d215e770: ;   {runtime_call nmethod}
  0x000001d1d215e770: 00e9 fbff 

  0x000001d1d215e774: ;   {static_stub}
  0x000001d1d215e774: ffff 48bb | 0000 0000 | 0000 0000 

  0x000001d1d215e780: ;   {runtime_call nmethod}
  0x000001d1d215e780: e9fb ffff 

  0x000001d1d215e784: ;   {static_stub}
  0x000001d1d215e784: ff48 bb00 | 0000 0000 

  0x000001d1d215e78c: ;   {runtime_call nmethod}
  0x000001d1d215e78c: 0000 00e9 | fbff ffff 

  0x000001d1d215e794: ;   {static_stub}
  0x000001d1d215e794: 48bb 0000 | 0000 0000 

  0x000001d1d215e79c: ;   {runtime_call nmethod}
  0x000001d1d215e79c: 0000 e9fb 

  0x000001d1d215e7a0: ;   {static_stub}
  0x000001d1d215e7a0: ffff ff48 | bb00 0000 | 0000 0000 

  0x000001d1d215e7ac: ;   {runtime_call nmethod}
  0x000001d1d215e7ac: 00e9 fbff 

  0x000001d1d215e7b0: ;   {static_stub}
  0x000001d1d215e7b0: ffff 48bb | 0000 0000 | 0000 0000 

  0x000001d1d215e7bc: ;   {runtime_call nmethod}
  0x000001d1d215e7bc: e9fb ffff 

  0x000001d1d215e7c0: ;   {static_stub}
  0x000001d1d215e7c0: ff48 bb00 | 0000 0000 

  0x000001d1d215e7c8: ;   {runtime_call nmethod}
  0x000001d1d215e7c8: 0000 00e9 | fbff ffff 

  0x000001d1d215e7d0: ;   {static_stub}
  0x000001d1d215e7d0: 48bb 0000 | 0000 0000 

  0x000001d1d215e7d8: ;   {runtime_call nmethod}
  0x000001d1d215e7d8: 0000 e9fb 

  0x000001d1d215e7dc: ;   {static_stub}
  0x000001d1d215e7dc: ffff ff48 | bb00 0000 | 0000 0000 

  0x000001d1d215e7e8: ;   {runtime_call nmethod}
  0x000001d1d215e7e8: 00e9 fbff 

  0x000001d1d215e7ec: ;   {static_stub}
  0x000001d1d215e7ec: ffff 48bb | 0000 0000 | 0000 0000 

  0x000001d1d215e7f8: ;   {runtime_call nmethod}
  0x000001d1d215e7f8: e9fb ffff 

  0x000001d1d215e7fc: ;   {static_stub}
  0x000001d1d215e7fc: ff48 bb00 | 0000 0000 

  0x000001d1d215e804: ;   {runtime_call nmethod}
  0x000001d1d215e804: 0000 00e9 | fbff ffff 

  0x000001d1d215e80c: ;   {static_stub}
  0x000001d1d215e80c: 48bb 0000 | 0000 0000 

  0x000001d1d215e814: ;   {runtime_call nmethod}
  0x000001d1d215e814: 0000 e9fb 

  0x000001d1d215e818: ;   {static_stub}
  0x000001d1d215e818: ffff ff48 | bb00 0000 | 0000 0000 

  0x000001d1d215e824: ;   {runtime_call nmethod}
  0x000001d1d215e824: 00e9 fbff 

  0x000001d1d215e828: ;   {static_stub}
  0x000001d1d215e828: ffff 48bb | 0000 0000 | 0000 0000 

  0x000001d1d215e834: ;   {runtime_call nmethod}
  0x000001d1d215e834: e9fb ffff 

  0x000001d1d215e838: ;   {static_stub}
  0x000001d1d215e838: ff48 bb00 | 0000 0000 

  0x000001d1d215e840: ;   {runtime_call nmethod}
  0x000001d1d215e840: 0000 00e9 | fbff ffff 

  0x000001d1d215e848: ;   {static_stub}
  0x000001d1d215e848: 48bb 0000 | 0000 0000 

  0x000001d1d215e850: ;   {runtime_call nmethod}
  0x000001d1d215e850: 0000 e9fb 

  0x000001d1d215e854: ;   {static_stub}
  0x000001d1d215e854: ffff ff48 | bb00 0000 | 0000 0000 

  0x000001d1d215e860: ;   {runtime_call nmethod}
  0x000001d1d215e860: 00e9 fbff 

  0x000001d1d215e864: ;   {static_stub}
  0x000001d1d215e864: ffff 48bb | 0000 0000 | 0000 0000 

  0x000001d1d215e870: ;   {runtime_call nmethod}
  0x000001d1d215e870: e9fb ffff 

  0x000001d1d215e874: ;   {static_stub}
  0x000001d1d215e874: ff48 bb00 | 0000 0000 

  0x000001d1d215e87c: ;   {runtime_call nmethod}
  0x000001d1d215e87c: 0000 00e9 | fbff ffff 

  0x000001d1d215e884: ;   {static_stub}
  0x000001d1d215e884: 48bb 0000 | 0000 0000 

  0x000001d1d215e88c: ;   {runtime_call nmethod}
  0x000001d1d215e88c: 0000 e9fb 

  0x000001d1d215e890: ;   {static_stub}
  0x000001d1d215e890: ffff ff48 | bb00 0000 | 0000 0000 

  0x000001d1d215e89c: ;   {runtime_call nmethod}
  0x000001d1d215e89c: 00e9 fbff 

  0x000001d1d215e8a0: ;   {static_stub}
  0x000001d1d215e8a0: ffff 48bb | 0000 0000 | 0000 0000 

  0x000001d1d215e8ac: ;   {runtime_call nmethod}
  0x000001d1d215e8ac: e9fb ffff 

  0x000001d1d215e8b0: ;   {static_stub}
  0x000001d1d215e8b0: ff48 bb00 | 0000 0000 

  0x000001d1d215e8b8: ;   {runtime_call nmethod}
  0x000001d1d215e8b8: 0000 00e9 | fbff ffff 

  0x000001d1d215e8c0: ;   {static_stub}
  0x000001d1d215e8c0: 48bb 0000 | 0000 0000 

  0x000001d1d215e8c8: ;   {runtime_call nmethod}
  0x000001d1d215e8c8: 0000 e9fb 

  0x000001d1d215e8cc: ;   {static_stub}
  0x000001d1d215e8cc: ffff ff48 | bb00 0000 | 0000 0000 

  0x000001d1d215e8d8: ;   {runtime_call nmethod}
  0x000001d1d215e8d8: 00e9 fbff 

  0x000001d1d215e8dc: ;   {static_stub}
  0x000001d1d215e8dc: ffff 48bb | 0000 0000 | 0000 0000 

  0x000001d1d215e8e8: ;   {runtime_call nmethod}
  0x000001d1d215e8e8: e9fb ffff 

  0x000001d1d215e8ec: ;   {static_stub}
  0x000001d1d215e8ec: ff48 bb00 | 0000 0000 

  0x000001d1d215e8f4: ;   {runtime_call nmethod}
  0x000001d1d215e8f4: 0000 00e9 | fbff ffff 

  0x000001d1d215e8fc: ;   {static_stub}
  0x000001d1d215e8fc: 48bb 0000 | 0000 0000 

  0x000001d1d215e904: ;   {runtime_call nmethod}
  0x000001d1d215e904: 0000 e9fb 

  0x000001d1d215e908: ;   {static_stub}
  0x000001d1d215e908: ffff ff48 | bb00 0000 | 0000 0000 

  0x000001d1d215e914: ;   {runtime_call nmethod}
  0x000001d1d215e914: 00e9 fbff 

  0x000001d1d215e918: ;   {static_stub}
  0x000001d1d215e918: ffff 48bb | 0000 0000 | 0000 0000 

  0x000001d1d215e924: ;   {runtime_call nmethod}
  0x000001d1d215e924: e9fb ffff 

  0x000001d1d215e928: ;   {runtime_call ExceptionBlob}
  0x000001d1d215e928: ffe9 d222 | 8bff e800 | 0000 0048 | 832c 2405 

  0x000001d1d215e938: ;   {runtime_call DeoptimizationBlob}
  0x000001d1d215e938: e9e3 5d88 | fff4 f4f4 
[/MachCode]


---------------  P R O C E S S  ---------------

Threads class SMR info:
_java_thread_list=0x000001d1838b7fc0, length=43, elements={
0x000001d1c4f3c600, 0x000001d1dea0fbb0, 0x000001d1dea107c0, 0x000001d1dea113d0,
0x000001d1dea13e40, 0x000001d1dea148a0, 0x000001d1dea15300, 0x000001d1dea16090,
0x000001d1dea17040, 0x000001d1dedb3380, 0x000001d1ded8fee0, 0x000001d1803ac8e0,
0x000001d1804af880, 0x000001d1804df520, 0x000001d18054fd10, 0x000001d18054e2d0,
0x000001d18054f680, 0x000001d18054e960, 0x000001d18054cf20, 0x000001d18054eff0,
0x000001d18054c890, 0x000001d18054d5b0, 0x000001d18054dc40, 0x000001d180632c10,
0x000001d18062f790, 0x000001d1806304b0, 0x000001d180633930, 0x000001d180631ef0,
0x000001d18062fe20, 0x000001d180631860, 0x000001d180630b40, 0x000001d1806311d0,
0x000001d18062ea70, 0x000001d180632580, 0x000001d180633fc0, 0x000001d180634650,
0x000001d180634ce0, 0x000001d181ee6d60, 0x000001d181ee38e0, 0x000001d181ee73f0,
0x000001d181ee6040, 0x000001d181ee4600, 0x000001d181ee7a80
}

Java Threads: ( => current thread )
  0x000001d1c4f3c600 JavaThread "main"                              [_thread_blocked, id=153984, stack(0x00000038c1e00000,0x00000038c1f00000) (1024K)]
  0x000001d1dea0fbb0 JavaThread "Reference Handler"          daemon [_thread_blocked, id=203088, stack(0x00000038c2600000,0x00000038c2700000) (1024K)]
  0x000001d1dea107c0 JavaThread "Finalizer"                  daemon [_thread_blocked, id=226252, stack(0x00000038c2700000,0x00000038c2800000) (1024K)]
  0x000001d1dea113d0 JavaThread "Signal Dispatcher"          daemon [_thread_blocked, id=139412, stack(0x00000038c2800000,0x00000038c2900000) (1024K)]
  0x000001d1dea13e40 JavaThread "Attach Listener"            daemon [_thread_blocked, id=13308, stack(0x00000038c2900000,0x00000038c2a00000) (1024K)]
  0x000001d1dea148a0 JavaThread "Service Thread"             daemon [_thread_blocked, id=199028, stack(0x00000038c2a00000,0x00000038c2b00000) (1024K)]
  0x000001d1dea15300 JavaThread "Monitor Deflation Thread"   daemon [_thread_blocked, id=34272, stack(0x00000038c2b00000,0x00000038c2c00000) (1024K)]
  0x000001d1dea16090 JavaThread "C2 CompilerThread0"         daemon [_thread_blocked, id=229128, stack(0x00000038c2c00000,0x00000038c2d00000) (1024K)]
  0x000001d1dea17040 JavaThread "C1 CompilerThread0"         daemon [_thread_blocked, id=212880, stack(0x00000038c2d00000,0x00000038c2e00000) (1024K)]
  0x000001d1dedb3380 JavaThread "Common-Cleaner"             daemon [_thread_blocked, id=159192, stack(0x00000038c2e00000,0x00000038c2f00000) (1024K)]
  0x000001d1ded8fee0 JavaThread "Notification Thread"        daemon [_thread_blocked, id=65916, stack(0x00000038c2f00000,0x00000038c3000000) (1024K)]
  0x000001d1803ac8e0 JavaThread "Daemon health stats"               [_thread_blocked, id=203804, stack(0x00000038c3000000,0x00000038c3100000) (1024K)]
  0x000001d1804af880 JavaThread "Incoming local TCP Connector on port 59027"        [_thread_in_native, id=189524, stack(0x00000038c3100000,0x00000038c3200000) (1024K)]
  0x000001d1804df520 JavaThread "Daemon periodic checks"            [_thread_blocked, id=162116, stack(0x00000038c3900000,0x00000038c3a00000) (1024K)]
  0x000001d18054fd10 JavaThread "Daemon"                            [_thread_blocked, id=232148, stack(0x00000038c3a00000,0x00000038c3b00000) (1024K)]
  0x000001d18054e2d0 JavaThread "Handler for socket connection from /127.0.0.1:59027 to /127.0.0.1:59028"        [_thread_in_native, id=187816, stack(0x00000038c3b00000,0x00000038c3c00000) (1024K)]
  0x000001d18054f680 JavaThread "Cancel handler"                    [_thread_blocked, id=20076, stack(0x00000038c3c00000,0x00000038c3d00000) (1024K)]
=>0x000001d18054e960 JavaThread "Daemon worker"                     [_thread_in_vm, id=185476, stack(0x00000038c3d00000,0x00000038c3e00000) (1024K)]
  0x000001d18054cf20 JavaThread "Asynchronous log dispatcher for DefaultDaemonConnection: socket connection from /127.0.0.1:59027 to /127.0.0.1:59028"        [_thread_blocked, id=170756, stack(0x00000038c3e00000,0x00000038c3f00000) (1024K)]
  0x000001d18054eff0 JavaThread "Stdin handler"                     [_thread_blocked, id=140864, stack(0x00000038c3f00000,0x00000038c4000000) (1024K)]
  0x000001d18054c890 JavaThread "Daemon client event forwarder"        [_thread_blocked, id=237356, stack(0x00000038c4000000,0x00000038c4100000) (1024K)]
  0x000001d18054d5b0 JavaThread "Cache worker for journal cache (C:\Users\FridaGutierrez\.gradle\caches\journal-1)"        [_thread_blocked, id=232444, stack(0x00000038c4100000,0x00000038c4200000) (1024K)]
  0x000001d18054dc40 JavaThread "File lock request listener"        [_thread_in_native, id=173080, stack(0x00000038c4200000,0x00000038c4300000) (1024K)]
  0x000001d180632c10 JavaThread "Cache worker for file hash cache (C:\Users\FridaGutierrez\.gradle\caches\8.12\fileHashes)"        [_thread_blocked, id=209968, stack(0x00000038c4300000,0x00000038c4400000) (1024K)]
  0x000001d18062f790 JavaThread "File lock release action executor"        [_thread_blocked, id=225668, stack(0x00000038c4500000,0x00000038c4600000) (1024K)]
  0x000001d1806304b0 JavaThread "Cache worker for file hash cache (C:\Users\FridaGutierrez\Desktop\hotparts-movil\android\.gradle\8.12\fileHashes)"        [_thread_blocked, id=205412, stack(0x00000038c4700000,0x00000038c4800000) (1024K)]
  0x000001d180633930 JavaThread "Cache worker for Build Output Cleanup Cache (C:\Users\FridaGutierrez\Desktop\hotparts-movil\android\.gradle\buildOutputCleanup)"        [_thread_blocked, id=18420, stack(0x00000038c4800000,0x00000038c4900000) (1024K)]
  0x000001d180631ef0 JavaThread "File watcher server"        daemon [_thread_in_native, id=197944, stack(0x00000038c4400000,0x00000038c4500000) (1024K)]
  0x000001d18062fe20 JavaThread "File watcher consumer"      daemon [_thread_blocked, id=222464, stack(0x00000038c4900000,0x00000038c4a00000) (1024K)]
  0x000001d180631860 JavaThread "jar transforms"                    [_thread_blocked, id=137056, stack(0x00000038c4a00000,0x00000038c4b00000) (1024K)]
  0x000001d180630b40 JavaThread "jar transforms Thread 2"           [_thread_blocked, id=34616, stack(0x00000038c4b00000,0x00000038c4c00000) (1024K)]
  0x000001d1806311d0 JavaThread "Cache worker for checksums cache (C:\Users\FridaGutierrez\Desktop\hotparts-movil\android\.gradle\8.12\checksums)"        [_thread_blocked, id=174968, stack(0x00000038c4e00000,0x00000038c4f00000) (1024K)]
  0x000001d18062ea70 JavaThread "Cache worker for file content cache (C:\Users\FridaGutierrez\.gradle\caches\8.12\fileContent)"        [_thread_blocked, id=29428, stack(0x00000038c4f00000,0x00000038c5000000) (1024K)]
  0x000001d180632580 JavaThread "jar transforms Thread 3"           [_thread_blocked, id=209952, stack(0x00000038c4c00000,0x00000038c4d00000) (1024K)]
  0x000001d180633fc0 JavaThread "Cache worker for cache directory md-rule (C:\Users\FridaGutierrez\.gradle\caches\8.12\md-rule)"        [_thread_blocked, id=175936, stack(0x00000038c4d00000,0x00000038c4e00000) (1024K)]
  0x000001d180634650 JavaThread "Cache worker for cache directory md-supplier (C:\Users\FridaGutierrez\.gradle\caches\8.12\md-supplier)"        [_thread_blocked, id=235488, stack(0x00000038c5100000,0x00000038c5200000) (1024K)]
  0x000001d180634ce0 JavaThread "Cache worker for Build Output Cleanup Cache (C:\Users\FridaGutierrez\Desktop\hotparts-movil\node_modules\@react-native\gradle-plugin\.gradle\buildOutputCleanup)"        [_thread_blocked, id=237840, stack(0x00000038c5000000,0x00000038c5100000) (1024K)]
  0x000001d181ee6d60 JavaThread "Unconstrained build operations"        [_thread_blocked, id=193948, stack(0x00000038c5200000,0x00000038c5300000) (1024K)]
  0x000001d181ee38e0 JavaThread "Unconstrained build operations Thread 2"        [_thread_blocked, id=227936, stack(0x00000038c5300000,0x00000038c5400000) (1024K)]
  0x000001d181ee73f0 JavaThread "Unconstrained build operations Thread 3"        [_thread_blocked, id=192188, stack(0x00000038c5400000,0x00000038c5500000) (1024K)]
  0x000001d181ee6040 JavaThread "Unconstrained build operations Thread 4"        [_thread_blocked, id=139568, stack(0x00000038c5500000,0x00000038c5600000) (1024K)]
  0x000001d181ee4600 JavaThread "Unconstrained build operations Thread 5"        [_thread_blocked, id=135284, stack(0x00000038c5600000,0x00000038c5700000) (1024K)]
  0x000001d181ee7a80 JavaThread "Unconstrained build operations Thread 6"        [_thread_blocked, id=212656, stack(0x00000038c5700000,0x00000038c5800000) (1024K)]
Total: 43

Other Threads:
  0x000001d1de9f6770 VMThread "VM Thread"                           [id=166124, stack(0x00000038c2500000,0x00000038c2600000) (1024K)] _threads_hazard_ptr=0x000001d1838b7fc0
  0x000001d1de9e8740 WatcherThread "VM Periodic Task Thread"        [id=158948, stack(0x00000038c2400000,0x00000038c2500000) (1024K)]
  0x000001d1c72b83a0 WorkerThread "GC Thread#0"                     [id=209816, stack(0x00000038c1f00000,0x00000038c2000000) (1024K)]
  0x000001d1fe11b100 WorkerThread "GC Thread#1"                     [id=136424, stack(0x00000038c3200000,0x00000038c3300000) (1024K)]
  0x000001d1fe6a5e00 WorkerThread "GC Thread#2"                     [id=227528, stack(0x00000038c3300000,0x00000038c3400000) (1024K)]
  0x000001d1fe6a61b0 WorkerThread "GC Thread#3"                     [id=143796, stack(0x00000038c3400000,0x00000038c3500000) (1024K)]
  0x000001d1fe0f7810 WorkerThread "GC Thread#4"                     [id=171992, stack(0x00000038c3500000,0x00000038c3600000) (1024K)]
  0x000001d1fe0f7bc0 WorkerThread "GC Thread#5"                     [id=211064, stack(0x00000038c3600000,0x00000038c3700000) (1024K)]
  0x000001d1fe6639b0 WorkerThread "GC Thread#6"                     [id=206356, stack(0x00000038c3700000,0x00000038c3800000) (1024K)]
  0x000001d1fe663d60 WorkerThread "GC Thread#7"                     [id=172420, stack(0x00000038c3800000,0x00000038c3900000) (1024K)]
  0x000001d1c72c9230 ConcurrentGCThread "G1 Main Marker"            [id=232064, stack(0x00000038c2000000,0x00000038c2100000) (1024K)]
  0x000001d1c72c9be0 WorkerThread "G1 Conc#0"                       [id=188908, stack(0x00000038c2100000,0x00000038c2200000) (1024K)]
  0x000001d1823f8490 WorkerThread "G1 Conc#1"                       [id=207620, stack(0x00000038c4600000,0x00000038c4700000) (1024K)]
  0x000001d1de9d2440 ConcurrentGCThread "G1 Refine#0"               [id=160680, stack(0x00000038c2200000,0x00000038c2300000) (1024K)]
  0x000001d1de9d2f20 ConcurrentGCThread "G1 Service"                [id=18724, stack(0x00000038c2300000,0x00000038c2400000) (1024K)]
Total: 15

Threads with active compile tasks:
Total: 0

VM state: synchronizing (normal execution)

VM Mutex/Monitor currently owned by a thread:  ([mutex/lock_event])
[0x00007ff8a27cd4f0] Metaspace_lock - owner thread: 0x000001d18054e960
[0x00007ff8a27cf570] Threads_lock - owner thread: 0x000001d1de9f6770

Heap address: 0x0000000080000000, size: 2048 MB, Compressed Oops mode: 32-bit

CDS archive(s) mapped at: [0x000001d1df000000-0x000001d1dfba0000-0x000001d1dfba0000), size 12189696, SharedBaseAddress: 0x000001d1df000000, ArchiveRelocationMode: 1.
Compressed class space mapped at: 0x000001d1e0000000-0x000001d1fa000000, reserved size: 436207616
Narrow klass base: 0x000001d1df000000, Narrow klass shift: 0, Narrow klass range: 0x100000000

GC Precious Log:
 CardTable entry size: 512
 Card Set container configuration: InlinePtr #cards 5 size 8 Array Of Cards #cards 12 size 40 Howl #buckets 4 coarsen threshold 1843 Howl Bitmap #cards 512 size 80 coarsen threshold 460 Card regions per heap region 1 cards per card region 2048
 CPUs: 8 total, 8 available
 Memory: 32475M
 Large Page Support: Disabled
 NUMA Support: Disabled
 Compressed Oops: Enabled (32-bit)
 Heap Region Size: 1M
 Heap Min Capacity: 8M
 Heap Initial Capacity: 508M
 Heap Max Capacity: 2G
 Pre-touch: Disabled
 Parallel Workers: 8
 Concurrent Workers: 2
 Concurrent Refinement Workers: 8
 Periodic GC: Disabled

Heap:
 garbage-first heap   total 86016K, used 74260K [0x0000000080000000, 0x0000000100000000)
  region size 1024K, 31 young (31744K), 2 survivors (2048K)
 Metaspace       used 55819K, committed 57600K, reserved 491520K
  class space    used 8165K, committed 9024K, reserved 425984K

Heap Regions: E=young(eden), S=young(survivor), O=old, HS=humongous(starts), HC=humongous(continues), CS=collection set, F=free, TAMS=top-at-mark-start, PB=parsable bottom
|   0|0x0000000080000000, 0x0000000080100000, 0x0000000080100000|100%| O|  |TAMS 0x0000000080000000| PB 0x0000000080000000| Untracked 
|   1|0x0000000080100000, 0x0000000080200000, 0x0000000080200000|100%|HS|  |TAMS 0x0000000080100000| PB 0x0000000080100000| Complete 
|   2|0x0000000080200000, 0x0000000080300000, 0x0000000080300000|100%|HC|  |TAMS 0x0000000080200000| PB 0x0000000080200000| Complete 
|   3|0x0000000080300000, 0x0000000080400000, 0x0000000080400000|100%|HC|  |TAMS 0x0000000080300000| PB 0x0000000080300000| Complete 
|   4|0x0000000080400000, 0x0000000080500000, 0x0000000080500000|100%| O|  |TAMS 0x0000000080400000| PB 0x0000000080400000| Untracked 
|   5|0x0000000080500000, 0x0000000080600000, 0x0000000080600000|100%| O|  |TAMS 0x0000000080500000| PB 0x0000000080500000| Untracked 
|   6|0x0000000080600000, 0x0000000080700000, 0x0000000080700000|100%| O|  |TAMS 0x0000000080600000| PB 0x0000000080600000| Untracked 
|   7|0x0000000080700000, 0x0000000080800000, 0x0000000080800000|100%| O|  |TAMS 0x0000000080700000| PB 0x0000000080700000| Untracked 
|   8|0x0000000080800000, 0x0000000080900000, 0x0000000080900000|100%|HS|  |TAMS 0x0000000080800000| PB 0x0000000080800000| Complete 
|   9|0x0000000080900000, 0x0000000080a00000, 0x0000000080a00000|100%| O|  |TAMS 0x0000000080900000| PB 0x0000000080900000| Untracked 
|  10|0x0000000080a00000, 0x0000000080b00000, 0x0000000080b00000|100%| O|  |TAMS 0x0000000080a00000| PB 0x0000000080a00000| Untracked 
|  11|0x0000000080b00000, 0x0000000080c00000, 0x0000000080c00000|100%| O|  |TAMS 0x0000000080b00000| PB 0x0000000080b00000| Untracked 
|  12|0x0000000080c00000, 0x0000000080d00000, 0x0000000080d00000|100%| O|  |TAMS 0x0000000080c00000| PB 0x0000000080c00000| Untracked 
|  13|0x0000000080d00000, 0x0000000080e00000, 0x0000000080e00000|100%| O|  |TAMS 0x0000000080d00000| PB 0x0000000080d00000| Untracked 
|  14|0x0000000080e00000, 0x0000000080f00000, 0x0000000080f00000|100%| O|  |TAMS 0x0000000080e00000| PB 0x0000000080e00000| Untracked 
|  15|0x0000000080f00000, 0x0000000081000000, 0x0000000081000000|100%| O|  |TAMS 0x0000000080f00000| PB 0x0000000080f00000| Untracked 
|  16|0x0000000081000000, 0x0000000081100000, 0x0000000081100000|100%| O|  |TAMS 0x0000000081000000| PB 0x0000000081000000| Untracked 
|  17|0x0000000081100000, 0x0000000081200000, 0x0000000081200000|100%| O|  |TAMS 0x0000000081100000| PB 0x0000000081100000| Untracked 
|  18|0x0000000081200000, 0x0000000081300000, 0x0000000081300000|100%| O|  |TAMS 0x0000000081200000| PB 0x0000000081200000| Untracked 
|  19|0x0000000081300000, 0x0000000081400000, 0x0000000081400000|100%| O|  |TAMS 0x0000000081300000| PB 0x0000000081300000| Untracked 
|  20|0x0000000081400000, 0x0000000081500000, 0x0000000081500000|100%| O|  |TAMS 0x0000000081400000| PB 0x0000000081400000| Untracked 
|  21|0x0000000081500000, 0x0000000081600000, 0x0000000081600000|100%| O|  |TAMS 0x0000000081500000| PB 0x0000000081500000| Untracked 
|  22|0x0000000081600000, 0x0000000081700000, 0x0000000081700000|100%| O|  |TAMS 0x0000000081600000| PB 0x0000000081600000| Untracked 
|  23|0x0000000081700000, 0x0000000081800000, 0x0000000081800000|100%| O|  |TAMS 0x0000000081700000| PB 0x0000000081700000| Untracked 
|  24|0x0000000081800000, 0x0000000081900000, 0x0000000081900000|100%| O|Cm|TAMS 0x0000000081800000| PB 0x0000000081800000| Complete 
|  25|0x0000000081900000, 0x0000000081a00000, 0x0000000081a00000|100%| O|  |TAMS 0x0000000081900000| PB 0x0000000081900000| Untracked 
|  26|0x0000000081a00000, 0x0000000081b00000, 0x0000000081b00000|100%| O|  |TAMS 0x0000000081a00000| PB 0x0000000081a00000| Untracked 
|  27|0x0000000081b00000, 0x0000000081c00000, 0x0000000081c00000|100%| O|  |TAMS 0x0000000081b00000| PB 0x0000000081b00000| Untracked 
|  28|0x0000000081c00000, 0x0000000081d00000, 0x0000000081d00000|100%| O|Cm|TAMS 0x0000000081c00000| PB 0x0000000081c00000| Complete 
|  29|0x0000000081d00000, 0x0000000081e00000, 0x0000000081e00000|100%| O|  |TAMS 0x0000000081d00000| PB 0x0000000081d00000| Untracked 
|  30|0x0000000081e00000, 0x0000000081f00000, 0x0000000081f00000|100%| O|  |TAMS 0x0000000081e00000| PB 0x0000000081e00000| Untracked 
|  31|0x0000000081f00000, 0x0000000082000000, 0x0000000082000000|100%| O|  |TAMS 0x0000000081f00000| PB 0x0000000081f00000| Untracked 
|  32|0x0000000082000000, 0x0000000082100000, 0x0000000082100000|100%| O|  |TAMS 0x0000000082000000| PB 0x0000000082000000| Untracked 
|  33|0x0000000082100000, 0x0000000082200000, 0x0000000082200000|100%| O|  |TAMS 0x0000000082100000| PB 0x0000000082100000| Untracked 
|  34|0x0000000082200000, 0x0000000082300000, 0x0000000082300000|100%| O|  |TAMS 0x0000000082200000| PB 0x0000000082200000| Untracked 
|  35|0x0000000082300000, 0x0000000082400000, 0x0000000082400000|100%| O|  |TAMS 0x0000000082300000| PB 0x0000000082300000| Untracked 
|  36|0x0000000082400000, 0x0000000082500000, 0x0000000082500000|100%| O|  |TAMS 0x0000000082400000| PB 0x0000000082400000| Untracked 
|  37|0x0000000082500000, 0x0000000082600000, 0x0000000082600000|100%| O|  |TAMS 0x0000000082500000| PB 0x0000000082500000| Untracked 
|  38|0x0000000082600000, 0x0000000082700000, 0x0000000082700000|100%| O|  |TAMS 0x0000000082600000| PB 0x0000000082600000| Untracked 
|  39|0x0000000082700000, 0x0000000082800000, 0x0000000082800000|100%| O|  |TAMS 0x0000000082700000| PB 0x0000000082700000| Untracked 
|  40|0x0000000082800000, 0x0000000082900000, 0x0000000082900000|100%| O|  |TAMS 0x0000000082800000| PB 0x0000000082800000| Untracked 
|  41|0x0000000082900000, 0x00000000829c2b40, 0x0000000082a00000| 76%| O|  |TAMS 0x0000000082900000| PB 0x0000000082900000| Untracked 
|  42|0x0000000082a00000, 0x0000000082b00000, 0x0000000082b00000|100%| O|  |TAMS 0x0000000082a00000| PB 0x0000000082a00000| Untracked 
|  43|0x0000000082b00000, 0x0000000082b00000, 0x0000000082c00000|  0%| F|  |TAMS 0x0000000082b00000| PB 0x0000000082b00000| Untracked 
|  44|0x0000000082c00000, 0x0000000082c00000, 0x0000000082d00000|  0%| F|  |TAMS 0x0000000082c00000| PB 0x0000000082c00000| Untracked 
|  45|0x0000000082d00000, 0x0000000082d00000, 0x0000000082e00000|  0%| F|  |TAMS 0x0000000082d00000| PB 0x0000000082d00000| Untracked 
|  46|0x0000000082e00000, 0x0000000082e00000, 0x0000000082f00000|  0%| F|  |TAMS 0x0000000082e00000| PB 0x0000000082e00000| Untracked 
|  47|0x0000000082f00000, 0x0000000082f00000, 0x0000000083000000|  0%| F|  |TAMS 0x0000000082f00000| PB 0x0000000082f00000| Untracked 
|  48|0x0000000083000000, 0x0000000083000000, 0x0000000083100000|  0%| F|  |TAMS 0x0000000083000000| PB 0x0000000083000000| Untracked 
|  49|0x0000000083100000, 0x0000000083100000, 0x0000000083200000|  0%| F|  |TAMS 0x0000000083100000| PB 0x0000000083100000| Untracked 
|  50|0x0000000083200000, 0x00000000832c2710, 0x0000000083300000| 75%| S|CS|TAMS 0x0000000083200000| PB 0x0000000083200000| Complete 
|  51|0x0000000083300000, 0x0000000083400000, 0x0000000083400000|100%| S|CS|TAMS 0x0000000083300000| PB 0x0000000083300000| Complete 
|  52|0x0000000083400000, 0x0000000083400000, 0x0000000083500000|  0%| F|  |TAMS 0x0000000083400000| PB 0x0000000083400000| Untracked 
|  53|0x0000000083500000, 0x0000000083500000, 0x0000000083600000|  0%| F|  |TAMS 0x0000000083500000| PB 0x0000000083500000| Untracked 
|  54|0x0000000083600000, 0x0000000083600000, 0x0000000083700000|  0%| F|  |TAMS 0x0000000083600000| PB 0x0000000083600000| Untracked 
|  55|0x0000000083700000, 0x00000000837bc070, 0x0000000083800000| 73%| E|  |TAMS 0x0000000083700000| PB 0x0000000083700000| Complete 
|  56|0x0000000083800000, 0x0000000083900000, 0x0000000083900000|100%| E|CS|TAMS 0x0000000083800000| PB 0x0000000083800000| Complete 
|  57|0x0000000083900000, 0x0000000083a00000, 0x0000000083a00000|100%| E|CS|TAMS 0x0000000083900000| PB 0x0000000083900000| Complete 
|  58|0x0000000083a00000, 0x0000000083b00000, 0x0000000083b00000|100%| E|CS|TAMS 0x0000000083a00000| PB 0x0000000083a00000| Complete 
|  59|0x0000000083b00000, 0x0000000083c00000, 0x0000000083c00000|100%| E|CS|TAMS 0x0000000083b00000| PB 0x0000000083b00000| Complete 
|  60|0x0000000083c00000, 0x0000000083d00000, 0x0000000083d00000|100%| E|CS|TAMS 0x0000000083c00000| PB 0x0000000083c00000| Complete 
|  61|0x0000000083d00000, 0x0000000083e00000, 0x0000000083e00000|100%| E|CS|TAMS 0x0000000083d00000| PB 0x0000000083d00000| Complete 
|  62|0x0000000083e00000, 0x0000000083f00000, 0x0000000083f00000|100%| E|CS|TAMS 0x0000000083e00000| PB 0x0000000083e00000| Complete 
|  63|0x0000000083f00000, 0x0000000084000000, 0x0000000084000000|100%| E|CS|TAMS 0x0000000083f00000| PB 0x0000000083f00000| Complete 
|  64|0x0000000084000000, 0x0000000084100000, 0x0000000084100000|100%| E|CS|TAMS 0x0000000084000000| PB 0x0000000084000000| Complete 
|  65|0x0000000084100000, 0x0000000084200000, 0x0000000084200000|100%| E|CS|TAMS 0x0000000084100000| PB 0x0000000084100000| Complete 
|  66|0x0000000084200000, 0x0000000084300000, 0x0000000084300000|100%| E|CS|TAMS 0x0000000084200000| PB 0x0000000084200000| Complete 
|  67|0x0000000084300000, 0x0000000084400000, 0x0000000084400000|100%| E|CS|TAMS 0x0000000084300000| PB 0x0000000084300000| Complete 
|  68|0x0000000084400000, 0x0000000084500000, 0x0000000084500000|100%| E|CS|TAMS 0x0000000084400000| PB 0x0000000084400000| Complete 
| 398|0x0000000098e00000, 0x0000000098f00000, 0x0000000098f00000|100%| E|CS|TAMS 0x0000000098e00000| PB 0x0000000098e00000| Complete 
| 399|0x0000000098f00000, 0x0000000099000000, 0x0000000099000000|100%| E|CS|TAMS 0x0000000098f00000| PB 0x0000000098f00000| Complete 
| 400|0x0000000099000000, 0x0000000099100000, 0x0000000099100000|100%| E|CS|TAMS 0x0000000099000000| PB 0x0000000099000000| Complete 
| 401|0x0000000099100000, 0x0000000099200000, 0x0000000099200000|100%| E|CS|TAMS 0x0000000099100000| PB 0x0000000099100000| Complete 
| 402|0x0000000099200000, 0x0000000099300000, 0x0000000099300000|100%| E|CS|TAMS 0x0000000099200000| PB 0x0000000099200000| Complete 
| 403|0x0000000099300000, 0x0000000099400000, 0x0000000099400000|100%| E|CS|TAMS 0x0000000099300000| PB 0x0000000099300000| Complete 
| 404|0x0000000099400000, 0x0000000099500000, 0x0000000099500000|100%| E|CS|TAMS 0x0000000099400000| PB 0x0000000099400000| Complete 
| 405|0x0000000099500000, 0x0000000099600000, 0x0000000099600000|100%| E|CS|TAMS 0x0000000099500000| PB 0x0000000099500000| Complete 
| 406|0x0000000099600000, 0x0000000099700000, 0x0000000099700000|100%| E|CS|TAMS 0x0000000099600000| PB 0x0000000099600000| Complete 
| 407|0x0000000099700000, 0x0000000099800000, 0x0000000099800000|100%| E|CS|TAMS 0x0000000099700000| PB 0x0000000099700000| Complete 
| 408|0x0000000099800000, 0x0000000099900000, 0x0000000099900000|100%| E|CS|TAMS 0x0000000099800000| PB 0x0000000099800000| Complete 
| 409|0x0000000099900000, 0x0000000099a00000, 0x0000000099a00000|100%| E|CS|TAMS 0x0000000099900000| PB 0x0000000099900000| Complete 
| 410|0x0000000099a00000, 0x0000000099b00000, 0x0000000099b00000|100%| E|CS|TAMS 0x0000000099a00000| PB 0x0000000099a00000| Complete 
| 411|0x0000000099b00000, 0x0000000099c00000, 0x0000000099c00000|100%| E|CS|TAMS 0x0000000099b00000| PB 0x0000000099b00000| Complete 
| 507|0x000000009fb00000, 0x000000009fc00000, 0x000000009fc00000|100%| E|CS|TAMS 0x000000009fb00000| PB 0x000000009fb00000| Complete 

Card table byte_map: [0x000001d1d9b90000,0x000001d1d9f90000] _byte_map_base: 0x000001d1d9790000

Marking Bits: (CMBitMap*) 0x000001d1c72b8950
 Bits: [0x000001d1d9f90000, 0x000001d1dbf90000)

Polling page: 0x000001d1c50f0000

Metaspace:

Usage:
  Non-class:     46.54 MB used.
      Class:      7.97 MB used.
       Both:     54.51 MB used.

Virtual space:
  Non-class space:       64.00 MB reserved,      47.44 MB ( 74%) committed,  1 nodes.
      Class space:      416.00 MB reserved,       8.81 MB (  2%) committed,  1 nodes.
             Both:      480.00 MB reserved,      56.25 MB ( 12%) committed. 

Chunk freelists:
   Non-Class:  432.00 KB
       Class:  7.13 MB
        Both:  7.55 MB

MaxMetaspaceSize: 512.00 MB
CompressedClassSpaceSize: 416.00 MB
Initial GC threshold: 21.00 MB
Current GC threshold: 89.38 MB
CDS: on
 - commit_granule_bytes: 65536.
 - commit_granule_words: 8192.
 - virtual_space_node_default_size: 8388608.
 - enlarge_chunks_in_place: 1.
 - use_allocation_guard: 0.


Internal statistics:

num_allocs_failed_limit: 6.
num_arena_births: 3204.
num_arena_deaths: 0.
num_vsnodes_births: 2.
num_vsnodes_deaths: 0.
num_space_committed: 900.
num_space_uncommitted: 0.
num_chunks_returned_to_freelist: 6.
num_chunks_taken_from_freelist: 5818.
num_chunk_merges: 6.
num_chunk_splits: 3826.
num_chunks_enlarged: 2420.
num_inconsistent_stats: 0.

CodeHeap 'non-profiled nmethods': size=120000Kb used=3265Kb max_used=3330Kb free=116734Kb
 bounds [0x000001d1d1f30000, 0x000001d1d2280000, 0x000001d1d9460000]
CodeHeap 'profiled nmethods': size=120000Kb used=10056Kb max_used=10162Kb free=109944Kb
 bounds [0x000001d1ca460000, 0x000001d1cae70000, 0x000001d1d1990000]
CodeHeap 'non-nmethods': size=5760Kb used=2629Kb max_used=2701Kb free=3130Kb
 bounds [0x000001d1d1990000, 0x000001d1d1c50000, 0x000001d1d1f30000]
CodeCache: size=245760Kb, used=15950Kb, max_used=16193Kb, free=229808Kb
 total_blobs=6174, nmethods=5277, adapters=801, full_count=0
Compilation: enabled, stopped_count=0, restarted_count=0

Compilation events (20 events):
Event: 21.032 Thread 0x000001d1dea17040 6045   !   3       com.google.common.collect.MapMakerInternalMap$Segment::runLockedCleanup (34 bytes)
Event: 21.033 Thread 0x000001d1dea17040 nmethod 6045 0x000001d1ca947b90 code [0x000001d1ca947dc0, 0x000001d1ca948658]
Event: 21.033 Thread 0x000001d1dea17040 6046       3       org.gradle.cache.internal.DefaultGlobalCacheLocations::isInsideGlobalCache (9 bytes)
Event: 21.033 Thread 0x000001d1dea17040 nmethod 6046 0x000001d1ca8da990 code [0x000001d1ca8dab40, 0x000001d1ca8dad18]
Event: 21.046 Thread 0x000001d1dea17040 6047       3       org.gradle.cache.internal.DefaultCacheCoordinator::access$300 (5 bytes)
Event: 21.046 Thread 0x000001d1dea17040 nmethod 6047 0x000001d1cabd4590 code [0x000001d1cabd4740, 0x000001d1cabd4860]
Event: 21.046 Thread 0x000001d1dea17040 6048   !   3       org.gradle.cache.internal.DefaultCacheCoordinator::getFileLock (98 bytes)
Event: 21.047 Thread 0x000001d1dea17040 nmethod 6048 0x000001d1ca7e3d10 code [0x000001d1ca7e4020, 0x000001d1ca7e5270]
Event: 21.048 Thread 0x000001d1dea17040 6049       3       org.gradle.internal.snapshot.AbstractFileSystemLocationSnapshot::<init> (20 bytes)
Event: 21.048 Thread 0x000001d1dea17040 nmethod 6049 0x000001d1caa6ee10 code [0x000001d1caa6efc0, 0x000001d1caa6f240]
Event: 21.049 Thread 0x000001d1dea17040 6050       3       com.google.common.cache.LocalCache::put (29 bytes)
Event: 21.049 Thread 0x000001d1dea17040 nmethod 6050 0x000001d1cab0d890 code [0x000001d1cab0dac0, 0x000001d1cab0e180]
Event: 21.050 Thread 0x000001d1dea17040 6051       3       java.math.BigInteger::longValue (32 bytes)
Event: 21.050 Thread 0x000001d1dea17040 nmethod 6051 0x000001d1cac9c010 code [0x000001d1cac9c1c0, 0x000001d1cac9c3e8]
Event: 21.052 Thread 0x000001d1dea17040 6052       3       com.google.common.cache.LocalCache$LoadingValueReference::get (10 bytes)
Event: 21.052 Thread 0x000001d1dea17040 nmethod 6052 0x000001d1ca556e10 code [0x000001d1ca556fc0, 0x000001d1ca557198]
Event: 21.052 Thread 0x000001d1dea17040 6053       3       com.google.common.cache.LocalCache$LoadingValueReference::isActive (10 bytes)
Event: 21.052 Thread 0x000001d1dea17040 nmethod 6053 0x000001d1ca556990 code [0x000001d1ca556b40, 0x000001d1ca556d18]
Event: 21.052 Thread 0x000001d1dea17040 6054       3       org.gradle.internal.snapshot.FileSystemLocationSnapshot$$Lambda/0x000001d1e0418d70::apply (10 bytes)
Event: 21.052 Thread 0x000001d1dea17040 nmethod 6054 0x000001d1ca6d6510 code [0x000001d1ca6d66c0, 0x000001d1ca6d69b8]

GC Heap History (20 events):
Event: 3.053 GC heap before
{Heap before GC invocations=2 (full 0):
 garbage-first heap   total 520192K, used 60755K [0x0000000080000000, 0x0000000100000000)
  region size 1024K, 50 young (51200K), 4 survivors (4096K)
 Metaspace       used 5879K, committed 6144K, reserved 491520K
  class space    used 786K, committed 896K, reserved 425984K
}
Event: 3.059 GC heap after
{Heap after GC invocations=3 (full 0):
 garbage-first heap   total 520192K, used 17905K [0x0000000080000000, 0x0000000100000000)
  region size 1024K, 7 young (7168K), 7 survivors (7168K)
 Metaspace       used 5879K, committed 6144K, reserved 491520K
  class space    used 786K, committed 896K, reserved 425984K
}
Event: 7.350 GC heap before
{Heap before GC invocations=3 (full 0):
 garbage-first heap   total 520192K, used 108017K [0x0000000080000000, 0x0000000100000000)
  region size 1024K, 96 young (98304K), 7 survivors (7168K)
 Metaspace       used 20859K, committed 21504K, reserved 491520K
  class space    used 3092K, committed 3392K, reserved 425984K
}
Event: 7.360 GC heap after
{Heap after GC invocations=4 (full 0):
 garbage-first heap   total 520192K, used 24531K [0x0000000080000000, 0x0000000100000000)
  region size 1024K, 14 young (14336K), 14 survivors (14336K)
 Metaspace       used 20859K, committed 21504K, reserved 491520K
  class space    used 3092K, committed 3392K, reserved 425984K
}
Event: 9.669 GC heap before
{Heap before GC invocations=5 (full 0):
 garbage-first heap   total 86016K, used 60371K [0x0000000080000000, 0x0000000100000000)
  region size 1024K, 50 young (51200K), 14 survivors (14336K)
 Metaspace       used 26015K, committed 26944K, reserved 491520K
  class space    used 3952K, committed 4416K, reserved 425984K
}
Event: 9.679 GC heap after
{Heap after GC invocations=6 (full 0):
 garbage-first heap   total 86016K, used 26671K [0x0000000080000000, 0x0000000100000000)
  region size 1024K, 3 young (3072K), 3 survivors (3072K)
 Metaspace       used 26015K, committed 26944K, reserved 491520K
  class space    used 3952K, committed 4416K, reserved 425984K
}
Event: 11.355 GC heap before
{Heap before GC invocations=6 (full 0):
 garbage-first heap   total 86016K, used 68655K [0x0000000080000000, 0x0000000100000000)
  region size 1024K, 45 young (46080K), 3 survivors (3072K)
 Metaspace       used 32174K, committed 33152K, reserved 491520K
  class space    used 4651K, committed 5120K, reserved 425984K
}
Event: 11.360 GC heap after
{Heap after GC invocations=7 (full 0):
 garbage-first heap   total 86016K, used 31723K [0x0000000080000000, 0x0000000100000000)
  region size 1024K, 6 young (6144K), 6 survivors (6144K)
 Metaspace       used 32174K, committed 33152K, reserved 491520K
  class space    used 4651K, committed 5120K, reserved 425984K
}
Event: 12.569 GC heap before
{Heap before GC invocations=7 (full 0):
 garbage-first heap   total 86016K, used 65515K [0x0000000080000000, 0x0000000100000000)
  region size 1024K, 35 young (35840K), 6 survivors (6144K)
 Metaspace       used 35089K, committed 36160K, reserved 491520K
  class space    used 5006K, committed 5504K, reserved 425984K
}
Event: 12.576 GC heap after
{Heap after GC invocations=8 (full 0):
 garbage-first heap   total 86016K, used 35857K [0x0000000080000000, 0x0000000100000000)
  region size 1024K, 4 young (4096K), 4 survivors (4096K)
 Metaspace       used 35089K, committed 36160K, reserved 491520K
  class space    used 5006K, committed 5504K, reserved 425984K
}
Event: 13.850 GC heap before
{Heap before GC invocations=9 (full 0):
 garbage-first heap   total 86016K, used 71697K [0x0000000080000000, 0x0000000100000000)
  region size 1024K, 39 young (39936K), 4 survivors (4096K)
 Metaspace       used 39097K, committed 40512K, reserved 491520K
  class space    used 5672K, committed 6336K, reserved 425984K
}
Event: 13.855 GC heap after
{Heap after GC invocations=10 (full 0):
 garbage-first heap   total 86016K, used 38360K [0x0000000080000000, 0x0000000100000000)
  region size 1024K, 3 young (3072K), 3 survivors (3072K)
 Metaspace       used 39097K, committed 40512K, reserved 491520K
  class space    used 5672K, committed 6336K, reserved 425984K
}
Event: 14.917 GC heap before
{Heap before GC invocations=10 (full 0):
 garbage-first heap   total 86016K, used 74200K [0x0000000080000000, 0x0000000100000000)
  region size 1024K, 37 young (37888K), 3 survivors (3072K)
 Metaspace       used 41216K, committed 42688K, reserved 491520K
  class space    used 5878K, committed 6592K, reserved 425984K
}
Event: 14.920 GC heap after
{Heap after GC invocations=11 (full 0):
 garbage-first heap   total 86016K, used 38536K [0x0000000080000000, 0x0000000100000000)
  region size 1024K, 3 young (3072K), 3 survivors (3072K)
 Metaspace       used 41216K, committed 42688K, reserved 491520K
  class space    used 5878K, committed 6592K, reserved 425984K
}
Event: 16.719 GC heap before
{Heap before GC invocations=11 (full 0):
 garbage-first heap   total 86016K, used 75400K [0x0000000080000000, 0x0000000100000000)
  region size 1024K, 39 young (39936K), 3 survivors (3072K)
 Metaspace       used 44993K, committed 46656K, reserved 491520K
  class space    used 6493K, committed 7296K, reserved 425984K
}
Event: 16.724 GC heap after
{Heap after GC invocations=12 (full 0):
 garbage-first heap   total 86016K, used 41142K [0x0000000080000000, 0x0000000100000000)
  region size 1024K, 4 young (4096K), 4 survivors (4096K)
 Metaspace       used 44993K, committed 46656K, reserved 491520K
  class space    used 6493K, committed 7296K, reserved 425984K
}
Event: 18.027 GC heap before
{Heap before GC invocations=12 (full 0):
 garbage-first heap   total 86016K, used 74934K [0x0000000080000000, 0x0000000100000000)
  region size 1024K, 38 young (38912K), 4 survivors (4096K)
 Metaspace       used 48712K, committed 50432K, reserved 491520K
  class space    used 7076K, committed 7936K, reserved 425984K
}
Event: 18.032 GC heap after
{Heap after GC invocations=13 (full 0):
 garbage-first heap   total 86016K, used 43802K [0x0000000080000000, 0x0000000100000000)
  region size 1024K, 5 young (5120K), 5 survivors (5120K)
 Metaspace       used 48712K, committed 50432K, reserved 491520K
  class space    used 7076K, committed 7936K, reserved 425984K
}
Event: 19.111 GC heap before
{Heap before GC invocations=13 (full 0):
 garbage-first heap   total 86016K, used 76570K [0x0000000080000000, 0x0000000100000000)
  region size 1024K, 37 young (37888K), 5 survivors (5120K)
 Metaspace       used 53207K, committed 54912K, reserved 491520K
  class space    used 7703K, committed 8512K, reserved 425984K
}
Event: 19.117 GC heap after
{Heap after GC invocations=14 (full 0):
 garbage-first heap   total 86016K, used 45588K [0x0000000080000000, 0x0000000100000000)
  region size 1024K, 2 young (2048K), 2 survivors (2048K)
 Metaspace       used 53207K, committed 54912K, reserved 491520K
  class space    used 7703K, committed 8512K, reserved 425984K
}

Dll operation events (15 events):
Event: 0.016 Loaded shared library C:\Users\FridaGutierrez\.vscode\extensions\redhat.java-1.55.0-win32-x64\jre\21.0.11-win32-x86_64\bin\java.dll
Event: 0.150 Loaded shared library C:\Users\FridaGutierrez\.vscode\extensions\redhat.java-1.55.0-win32-x64\jre\21.0.11-win32-x86_64\bin\zip.dll
Event: 0.178 Loaded shared library C:\Users\FridaGutierrez\.vscode\extensions\redhat.java-1.55.0-win32-x64\jre\21.0.11-win32-x86_64\bin\instrument.dll
Event: 0.185 Loaded shared library C:\Users\FridaGutierrez\.vscode\extensions\redhat.java-1.55.0-win32-x64\jre\21.0.11-win32-x86_64\bin\net.dll
Event: 0.187 Loaded shared library C:\Users\FridaGutierrez\.vscode\extensions\redhat.java-1.55.0-win32-x64\jre\21.0.11-win32-x86_64\bin\nio.dll
Event: 0.192 Loaded shared library C:\Users\FridaGutierrez\.vscode\extensions\redhat.java-1.55.0-win32-x64\jre\21.0.11-win32-x86_64\bin\zip.dll
Event: 0.652 Loaded shared library C:\Users\FridaGutierrez\.vscode\extensions\redhat.java-1.55.0-win32-x64\jre\21.0.11-win32-x86_64\bin\jimage.dll
Event: 0.831 Loaded shared library C:\Users\FridaGutierrez\.vscode\extensions\redhat.java-1.55.0-win32-x64\jre\21.0.11-win32-x86_64\bin\verify.dll
Event: 1.125 Loaded shared library C:\Users\FridaGutierrez\.gradle\native\1def1411415f61bf3af743bc5b6707747c0891f09f0c88961ee8f79bc544acac\windows-amd64\native-platform.dll
Event: 1.133 Loaded shared library C:\Users\FridaGutierrez\.gradle\native\0.2.5\x86_64-windows-gnu\gradle-fileevents.dll
Event: 3.085 Loaded shared library C:\Users\FridaGutierrez\.vscode\extensions\redhat.java-1.55.0-win32-x64\jre\21.0.11-win32-x86_64\bin\management.dll
Event: 3.090 Loaded shared library C:\Users\FridaGutierrez\.vscode\extensions\redhat.java-1.55.0-win32-x64\jre\21.0.11-win32-x86_64\bin\management_ext.dll
Event: 3.441 Loaded shared library C:\Users\FridaGutierrez\.vscode\extensions\redhat.java-1.55.0-win32-x64\jre\21.0.11-win32-x86_64\bin\extnet.dll
Event: 3.770 Loaded shared library C:\Users\FridaGutierrez\.vscode\extensions\redhat.java-1.55.0-win32-x64\jre\21.0.11-win32-x86_64\bin\sunmscapi.dll
Event: 5.136 Loaded shared library C:\Users\FridaGutierrez\AppData\Local\Temp\native-platform8602022017785176137dir\gradle-fileevents.dll

Deoptimization events (20 events):
Event: 20.331 Thread 0x000001d18054e960 DEOPT PACKING pc=0x000001d1d2255124 sp=0x00000038c3df6680
Event: 20.331 Thread 0x000001d18054e960 DEOPT UNPACKING pc=0x000001d1d19e4422 sp=0x00000038c3df6638 mode 2
Event: 20.600 Thread 0x000001d18054e960 Uncommon trap: trap_request=0xffffff54 fr.pc=0x000001d1d2123d40 relative=0x00000000000000a0
Event: 20.600 Thread 0x000001d18054e960 Uncommon trap: reason=speculate_null_assert action=make_not_entrant pc=0x000001d1d2123d40 method=java.lang.invoke.LambdaFormEditor.getInCache(Ljava/lang/invoke/LambdaFormEditor$TransformKey;)Ljava/lang/invoke/LambdaForm; @ 37 c2
Event: 20.600 Thread 0x000001d18054e960 DEOPT PACKING pc=0x000001d1d2123d40 sp=0x00000038c3df6d60
Event: 20.600 Thread 0x000001d18054e960 DEOPT UNPACKING pc=0x000001d1d19e4422 sp=0x00000038c3df6cc0 mode 2
Event: 20.685 Thread 0x000001d18054e960 Uncommon trap: trap_request=0xffffffd6 fr.pc=0x000001d1d2228494 relative=0x00000000000003d4
Event: 20.685 Thread 0x000001d18054e960 Uncommon trap: reason=array_check action=maybe_recompile pc=0x000001d1d2228494 method=java.util.LinkedHashMap.keysToArray([Ljava/lang/Object;Z)[Ljava/lang/Object; @ 67 c2
Event: 20.685 Thread 0x000001d18054e960 DEOPT PACKING pc=0x000001d1d2228494 sp=0x00000038c3df2f00
Event: 20.685 Thread 0x000001d18054e960 DEOPT UNPACKING pc=0x000001d1d19e4422 sp=0x00000038c3df2ea0 mode 2
Event: 20.688 Thread 0x000001d18054e960 DEOPT PACKING pc=0x000001d1ca53c278 sp=0x00000038c3df2f40
Event: 20.688 Thread 0x000001d18054e960 DEOPT UNPACKING pc=0x000001d1d19e4bc2 sp=0x00000038c3df2428 mode 0
Event: 20.692 Thread 0x000001d18054e960 Uncommon trap: trap_request=0xffffffd6 fr.pc=0x000001d1d2228494 relative=0x00000000000003d4
Event: 20.692 Thread 0x000001d18054e960 Uncommon trap: reason=array_check action=maybe_recompile pc=0x000001d1d2228494 method=java.util.LinkedHashMap.keysToArray([Ljava/lang/Object;Z)[Ljava/lang/Object; @ 67 c2
Event: 20.692 Thread 0x000001d18054e960 DEOPT PACKING pc=0x000001d1d2228494 sp=0x00000038c3df2f00
Event: 20.692 Thread 0x000001d18054e960 DEOPT UNPACKING pc=0x000001d1d19e4422 sp=0x00000038c3df2ea0 mode 2
Event: 20.719 Thread 0x000001d18054e960 Uncommon trap: trap_request=0xffffffd6 fr.pc=0x000001d1d2228494 relative=0x00000000000003d4
Event: 20.720 Thread 0x000001d18054e960 Uncommon trap: reason=array_check action=maybe_recompile pc=0x000001d1d2228494 method=java.util.LinkedHashMap.keysToArray([Ljava/lang/Object;Z)[Ljava/lang/Object; @ 67 c2
Event: 20.720 Thread 0x000001d18054e960 DEOPT PACKING pc=0x000001d1d2228494 sp=0x00000038c3df2f00
Event: 20.720 Thread 0x000001d18054e960 DEOPT UNPACKING pc=0x000001d1d19e4422 sp=0x00000038c3df2ea0 mode 2

Classes loaded (20 events):
Event: 18.789 Loading class java/nio/channels/Channels$ReadableByteChannelImpl
Event: 18.789 Loading class java/nio/channels/Channels$ReadableByteChannelImpl done
Event: 18.831 Loading class java/util/EmptyStackException
Event: 18.831 Loading class java/util/EmptyStackException done
Event: 18.894 Loading class java/io/InvalidClassException
Event: 18.894 Loading class java/io/InvalidClassException done
Event: 19.321 Loading class java/nio/file/AtomicMoveNotSupportedException
Event: 19.321 Loading class java/nio/file/AtomicMoveNotSupportedException done
Event: 19.420 Loading class java/io/FileWriter
Event: 19.420 Loading class java/io/FileWriter done
Event: 19.616 Loading class sun/reflect/generics/tree/BooleanSignature
Event: 19.617 Loading class sun/reflect/generics/tree/BooleanSignature done
Event: 19.631 Loading class org/xml/sax/SAXParseException
Event: 19.631 Loading class org/xml/sax/SAXParseException done
Event: 19.631 Loading class org/xml/sax/Attributes
Event: 19.631 Loading class org/xml/sax/Attributes done
Event: 19.632 Loading class org/xml/sax/Locator
Event: 19.632 Loading class org/xml/sax/Locator done
Event: 20.140 Loading class java/util/function/LongUnaryOperator
Event: 20.140 Loading class java/util/function/LongUnaryOperator done

Classes unloaded (0 events):
No events

Classes redefined (0 events):
No events

Internal exceptions (20 events):
Event: 17.021 Thread 0x000001d18054e960 Exception <a 'java/lang/NoSuchMethodError'{0x000000009911b668}: 'java.lang.Object java.lang.invoke.DirectMethodHandle$Holder.invokeSpecial(java.lang.Object, java.lang.Object, long, java.lang.Object, java.lang.Object)'> (0x000000009911b668) 
thrown [s\src\hotspot\share\interpreter\linkResolver.cpp, line 773]
Event: 17.181 Thread 0x000001d18054e960 Exception <a 'java/lang/NoSuchMethodError'{0x000000008444c438}: 'java.lang.Object java.lang.invoke.DirectMethodHandle$Holder.newInvokeSpecial(java.lang.Object, java.lang.Object, java.lang.Object, java.lang.Object, int, java.lang.Object)'> (0x000000008444c438) 
thrown [s\src\hotspot\share\interpreter\linkResolver.cpp, line 773]
Event: 17.182 Thread 0x000001d18054e960 Exception <a 'java/lang/NoSuchMethodError'{0x0000000084455278}: 'java.lang.Object java.lang.invoke.Invokers$Holder.linkToTargetMethod(java.lang.Object, java.lang.Object, java.lang.Object, int, java.lang.Object, java.lang.Object)'> (0x0000000084455278) 
thrown [s\src\hotspot\share\interpreter\linkResolver.cpp, line 773]
Event: 17.325 Thread 0x000001d18054e960 Exception <a 'java/lang/NoSuchMethodError'{0x00000000840a1828}: 'java.lang.Object java.lang.invoke.DirectMethodHandle$Holder.invokeSpecialIFC(java.lang.Object, java.lang.Object, java.lang.Object)'> (0x00000000840a1828) 
thrown [s\src\hotspot\share\interpreter\linkResolver.cpp, line 773]
Event: 18.596 Thread 0x000001d18054e960 Exception <a 'java/lang/ClassNotFoundException'{0x00000000840b9cc8}: sun/misc/SharedSecrets> (0x00000000840b9cc8) 
thrown [s\src\hotspot\share\classfile\systemDictionary.cpp, line 313]
Event: 18.766 Thread 0x000001d18054e960 Exception <a 'sun/nio/fs/WindowsException'{0x0000000083c7b8f8}> (0x0000000083c7b8f8) 
thrown [s\src\hotspot\share\prims\jni.cpp, line 520]
Event: 18.766 Thread 0x000001d18054e960 Exception <a 'sun/nio/fs/WindowsException'{0x0000000083c7d560}> (0x0000000083c7d560) 
thrown [s\src\hotspot\share\prims\jni.cpp, line 520]
Event: 18.767 Thread 0x000001d18054e960 Exception <a 'sun/nio/fs/WindowsException'{0x0000000083c8aee8}> (0x0000000083c8aee8) 
thrown [s\src\hotspot\share\prims\jni.cpp, line 520]
Event: 19.100 Thread 0x000001d18054e960 Exception <a 'java/lang/NoSuchMethodError'{0x00000000834a6188}: 'void java.lang.invoke.DirectMethodHandle$Holder.invokeStatic(java.lang.Object, java.lang.Object, java.lang.Object, java.lang.Object, java.lang.Object, java.lang.Object, java.lang.Object)'> (0x00000000834a6188) 
thrown [s\src\hotspot\share\interpreter\linkResolver.cpp, line 773]
Event: 19.611 Thread 0x000001d18054e960 Exception <a 'java/lang/ClassNotFoundException'{0x00000000993f0d40}: org/gradle/api/internal/project/DefaultProject_DecoratedBeanInfo> (0x00000000993f0d40) 
thrown [s\src\hotspot\share\classfile\systemDictionary.cpp, line 313]
Event: 19.612 Thread 0x000001d18054e960 Exception <a 'java/lang/ClassNotFoundException'{0x00000000993ff410}: org/gradle/api/internal/project/DefaultProjectBeanInfo> (0x00000000993ff410) 
thrown [s\src\hotspot\share\classfile\systemDictionary.cpp, line 313]
Event: 19.613 Thread 0x000001d18054e960 Exception <a 'java/lang/ClassNotFoundException'{0x000000009920de30}: org/gradle/api/internal/project/DefaultProjectCustomizer> (0x000000009920de30) 
thrown [s\src\hotspot\share\classfile\systemDictionary.cpp, line 313]
Event: 19.624 Thread 0x000001d18054e960 Exception <a 'java/lang/ClassNotFoundException'{0x00000000992cbcc0}: org/gradle/api/internal/project/DefaultProject_DecoratedCustomizer> (0x00000000992cbcc0) 
thrown [s\src\hotspot\share\classfile\systemDictionary.cpp, line 313]
Event: 19.644 Thread 0x000001d18054e960 Exception <a 'java/lang/ClassNotFoundException'{0x000000009917b290}: org/gradle/configuration/internal/DefaultListenerBuildOperationDecorator$BuildOperationEmittingClosureBeanInfo> (0x000000009917b290) 
thrown [s\src\hotspot\share\classfile\systemDictionary.cpp, line 313]
Event: 19.645 Thread 0x000001d18054e960 Exception <a 'java/lang/ClassNotFoundException'{0x000000009918a6f8}: org/gradle/configuration/internal/DefaultListenerBuildOperationDecorator$BuildOperationEmittingClosureCustomizer> (0x000000009918a6f8) 
thrown [s\src\hotspot\share\classfile\systemDictionary.cpp, line 313]
Event: 20.144 Thread 0x000001d18054e960 Exception <a 'java/lang/NoSuchMethodError'{0x00000000840de898}: 'long java.lang.invoke.DirectMethodHandle$Holder.invokeStatic(java.lang.Object, long)'> (0x00000000840de898) 
thrown [s\src\hotspot\share\interpreter\linkResolver.cpp, line 773]
Event: 20.331 Thread 0x000001d18054e960 Implicit null exception at 0x000001d1d2254dcc to 0x000001d1d2255118
Event: 20.821 Thread 0x000001d18054e960 Exception <a 'java/lang/NoSuchMethodError'{0x0000000083839440}: 'java.lang.Object java.lang.invoke.DirectMethodHandle$Holder.invokeVirtual(java.lang.Object, java.lang.Object, java.lang.Object, java.lang.Object, java.lang.Object, java.lang.Object, java.lang.Object, java.lang.Object, java.lang.Object, java.lang.Object, java.lang.Object, java.lang.Object, java.lang.Object, java.lang.Object, java.lang.Object, java.lang.Object, java.lang.Object)'> (0x0000000083839440) 
thrown [s\src\hotspot\share\interpreter\li
Event: 20.821 Thread 0x000001d18054e960 Exception <a 'java/lang/NoSuchMethodError'{0x000000008383f9a8}: 'java.lang.Object java.lang.invoke.DirectMethodHandle$Holder.invokeSpecial(java.lang.Object, java.lang.Object, java.lang.Object, java.lang.Object, java.lang.Object, java.lang.Object, java.lang.Object, java.lang.Object, java.lang.Object, java.lang.Object, java.lang.Object, java.lang.Object, java.lang.Object, java.lang.Object, java.lang.Object, java.lang.Object, java.lang.Object, java.lang.Object)'> (0x000000008383f9a8) 
thrown [s\src\hotspot\sh
Event: 20.822 Thread 0x000001d18054e960 Exception <a 'java/lang/NoSuchMethodError'{0x0000000083845460}: 'java.lang.Object java.lang.invoke.DelegatingMethodHandle$Holder.reinvoke_L(java.lang.Object, java.lang.Object, java.lang.Object, java.lang.Object, java.lang.Object, java.lang.Object, java.lang.Object, java.lang.Object, java.lang.Object, java.lang.Object, java.lang.Object, java.lang.Object, java.lang.Object, java.lang.Object, java.lang.Object, java.lang.Object, java.lang.Object)'> (0x0000000083845460) 
thrown [s\src\hotspot\share\interpreter\l

ZGC Phase Switch (0 events):
No events

VM Operations (20 events):
Event: 17.104 Executing non-safepoint VM operation: HandshakeAllThreads (Deoptimize)
Event: 17.133 Executing non-safepoint VM operation: HandshakeAllThreads (Deoptimize) done
Event: 18.027 Executing safepoint VM operation: G1CollectForAllocation (G1 Evacuation Pause)
Event: 18.032 Executing safepoint VM operation: G1CollectForAllocation (G1 Evacuation Pause) done
Event: 19.043 Executing safepoint VM operation: Cleanup
Event: 19.043 Executing safepoint VM operation: Cleanup done
Event: 19.111 Executing safepoint VM operation: G1CollectForAllocation (G1 Evacuation Pause)
Event: 19.117 Executing safepoint VM operation: G1CollectForAllocation (G1 Evacuation Pause) done
Event: 19.158 Executing safepoint VM operation: G1PauseRemark
Event: 19.164 Executing safepoint VM operation: G1PauseRemark done
Event: 19.185 Executing safepoint VM operation: G1PauseCleanup
Event: 19.185 Executing safepoint VM operation: G1PauseCleanup done
Event: 19.322 Executing non-safepoint VM operation: HandshakeAllThreads (Deoptimize)
Event: 19.322 Executing non-safepoint VM operation: HandshakeAllThreads (Deoptimize) done
Event: 19.421 Executing non-safepoint VM operation: HandshakeAllThreads (Deoptimize)
Event: 19.421 Executing non-safepoint VM operation: HandshakeAllThreads (Deoptimize) done
Event: 19.767 Executing safepoint VM operation: ICBufferFull
Event: 19.768 Executing safepoint VM operation: ICBufferFull done
Event: 20.776 Executing safepoint VM operation: Cleanup
Event: 20.776 Executing safepoint VM operation: Cleanup done

Memory protections (0 events):
No events

Nmethod flushes (20 events):
Event: 19.163 Thread 0x000001d1de9f6770 flushing  nmethod 0x000001d1ca8d9510
Event: 19.163 Thread 0x000001d1de9f6770 flushing  nmethod 0x000001d1ca8da990
Event: 19.163 Thread 0x000001d1de9f6770 flushing  nmethod 0x000001d1ca91d210
Event: 19.163 Thread 0x000001d1de9f6770 flushing  nmethod 0x000001d1ca933210
Event: 19.163 Thread 0x000001d1de9f6770 flushing  nmethod 0x000001d1ca935e90
Event: 19.163 Thread 0x000001d1de9f6770 flushing  nmethod 0x000001d1ca946290
Event: 19.163 Thread 0x000001d1de9f6770 flushing  nmethod 0x000001d1ca95b010
Event: 19.163 Thread 0x000001d1de9f6770 flushing  nmethod 0x000001d1caa2c790
Event: 19.163 Thread 0x000001d1de9f6770 flushing  nmethod 0x000001d1caa2d810
Event: 19.163 Thread 0x000001d1de9f6770 flushing  nmethod 0x000001d1caa30c90
Event: 19.163 Thread 0x000001d1de9f6770 flushing  nmethod 0x000001d1caa37510
Event: 19.163 Thread 0x000001d1de9f6770 flushing  nmethod 0x000001d1caa39090
Event: 19.163 Thread 0x000001d1de9f6770 flushing  nmethod 0x000001d1caa39b90
Event: 19.163 Thread 0x000001d1de9f6770 flushing  nmethod 0x000001d1cabb9e10
Event: 19.163 Thread 0x000001d1de9f6770 flushing  nmethod 0x000001d1cabbb910
Event: 19.163 Thread 0x000001d1de9f6770 flushing  nmethod 0x000001d1cac0e390
Event: 19.163 Thread 0x000001d1de9f6770 flushing  nmethod 0x000001d1cac0e890
Event: 19.163 Thread 0x000001d1de9f6770 flushing  nmethod 0x000001d1cac3e210
Event: 19.163 Thread 0x000001d1de9f6770 flushing  nmethod 0x000001d1cac41710
Event: 19.163 Thread 0x000001d1de9f6770 flushing  nmethod 0x000001d1cac41b90

Events (20 events):
Event: 12.125 Thread 0x000001d182afc9e0 Thread exited: 0x000001d182afc9e0
Event: 12.371 Thread 0x000001d1826cbc30 Thread exited: 0x000001d1826cbc30
Event: 12.391 Thread 0x000001d18054e960 Thread added: 0x000001d180632580
Event: 13.258 Thread 0x000001d18054e960 Thread added: 0x000001d180633fc0
Event: 13.261 Thread 0x000001d1dea17040 Thread added: 0x000001d1fe013080
Event: 13.442 Thread 0x000001d18054e960 Thread added: 0x000001d180634650
Event: 13.729 Thread 0x000001d1fe013080 Thread exited: 0x000001d1fe013080
Event: 13.995 Thread 0x000001d18054e960 Thread added: 0x000001d180634ce0
Event: 15.778 Thread 0x000001d1dea17040 Thread added: 0x000001d182b7e920
Event: 16.073 Thread 0x000001d182b7e920 Thread exited: 0x000001d182b7e920
Event: 17.093 Thread 0x000001d18054e960 Thread added: 0x000001d181ee6d60
Event: 17.093 Thread 0x000001d18054e960 Thread added: 0x000001d181ee38e0
Event: 17.230 Thread 0x000001d18054e960 Thread added: 0x000001d181ee73f0
Event: 17.239 Thread 0x000001d18054e960 Thread added: 0x000001d181ee6040
Event: 17.326 Thread 0x000001d18054e960 Thread added: 0x000001d181ee4600
Event: 17.327 Thread 0x000001d18054e960 Thread added: 0x000001d181ee7a80
Event: 18.915 Thread 0x000001d1dea17040 Thread added: 0x000001d1fee79610
Event: 19.352 Thread 0x000001d1fee79610 Thread exited: 0x000001d1fee79610
Event: 19.942 Thread 0x000001d1dea17040 Thread added: 0x000001d1838ba100
Event: 21.032 Thread 0x000001d1838ba100 Thread exited: 0x000001d1838ba100


Dynamic libraries:
0x00007ff709990000 - 0x00007ff70999e000 	C:\Users\FridaGutierrez\.vscode\extensions\redhat.java-1.55.0-win32-x64\jre\21.0.11-win32-x86_64\bin\java.exe
0x00007ff91f350000 - 0x00007ff91f548000 	C:\Windows\SYSTEM32\ntdll.dll
0x00007ff91e9c0000 - 0x00007ff91ea82000 	C:\Windows\System32\KERNEL32.DLL
0x00007ff91ccc0000 - 0x00007ff91cfb6000 	C:\Windows\System32\KERNELBASE.dll
0x00007ff916ab0000 - 0x00007ff916b44000 	C:\Windows\SYSTEM32\apphelp.dll
0x00007ff91ca70000 - 0x00007ff91cb70000 	C:\Windows\System32\ucrtbase.dll
0x00007ff8fc0e0000 - 0x00007ff8fc0f8000 	C:\Users\FridaGutierrez\.vscode\extensions\redhat.java-1.55.0-win32-x64\jre\21.0.11-win32-x86_64\bin\jli.dll
0x00007ff91e2f0000 - 0x00007ff91e491000 	C:\Windows\System32\USER32.dll
0x00007ff91d130000 - 0x00007ff91d152000 	C:\Windows\System32\win32u.dll
0x00007ff91d370000 - 0x00007ff91d39b000 	C:\Windows\System32\GDI32.dll
0x00007ff91cfc0000 - 0x00007ff91d0d9000 	C:\Windows\System32\gdi32full.dll
0x00007ff91cb70000 - 0x00007ff91cc0d000 	C:\Windows\System32\msvcp_win.dll
0x00007ff8f9dc0000 - 0x00007ff8f9dde000 	C:\Users\FridaGutierrez\.vscode\extensions\redhat.java-1.55.0-win32-x64\jre\21.0.11-win32-x86_64\bin\VCRUNTIME140.dll
0x00007ff9094a0000 - 0x00007ff90973b000 	C:\Windows\WinSxS\amd64_microsoft.windows.common-controls_6595b64144ccf1df_6.0.19041.6456_none_60b8a6cb71f64256\COMCTL32.dll
0x00007ff91eca0000 - 0x00007ff91ed3e000 	C:\Windows\System32\msvcrt.dll
0x00007ff91f180000 - 0x00007ff91f1af000 	C:\Windows\System32\IMM32.DLL
0x00007ff914200000 - 0x00007ff91420c000 	C:\Users\FridaGutierrez\.vscode\extensions\redhat.java-1.55.0-win32-x64\jre\21.0.11-win32-x86_64\bin\vcruntime140_1.dll
0x00007ff8f5050000 - 0x00007ff8f50dd000 	C:\Users\FridaGutierrez\.vscode\extensions\redhat.java-1.55.0-win32-x64\jre\21.0.11-win32-x86_64\bin\msvcp140.dll
0x00007ff8a1b10000 - 0x00007ff8a28b2000 	C:\Users\FridaGutierrez\.vscode\extensions\redhat.java-1.55.0-win32-x64\jre\21.0.11-win32-x86_64\bin\server\jvm.dll
0x00007ff91e4a0000 - 0x00007ff91e551000 	C:\Windows\System32\ADVAPI32.dll
0x00007ff91e1a0000 - 0x00007ff91e23f000 	C:\Windows\System32\sechost.dll
0x00007ff91e780000 - 0x00007ff91e8a0000 	C:\Windows\System32\RPCRT4.dll
0x00007ff91cc10000 - 0x00007ff91cc37000 	C:\Windows\System32\bcrypt.dll
0x00007ff91e690000 - 0x00007ff91e6fb000 	C:\Windows\System32\WS2_32.dll
0x00007ff91c570000 - 0x00007ff91c5bb000 	C:\Windows\SYSTEM32\POWRPROF.dll
0x00007ff909760000 - 0x00007ff909787000 	C:\Windows\SYSTEM32\WINMM.dll
0x00007ff9165f0000 - 0x00007ff9165fa000 	C:\Windows\SYSTEM32\VERSION.dll
0x00007ff91c530000 - 0x00007ff91c542000 	C:\Windows\SYSTEM32\UMPDC.dll
0x00007ff91aff0000 - 0x00007ff91b002000 	C:\Windows\SYSTEM32\kernel.appcore.dll
0x00007ff9141a0000 - 0x00007ff9141aa000 	C:\Users\FridaGutierrez\.vscode\extensions\redhat.java-1.55.0-win32-x64\jre\21.0.11-win32-x86_64\bin\jimage.dll
0x00007ff91a340000 - 0x00007ff91a541000 	C:\Windows\SYSTEM32\DBGHELP.DLL
0x00007ff907b30000 - 0x00007ff907b64000 	C:\Windows\SYSTEM32\dbgcore.DLL
0x00007ff91c9e0000 - 0x00007ff91ca62000 	C:\Windows\System32\bcryptPrimitives.dll
0x00007ff8f6de0000 - 0x00007ff8f6def000 	C:\Users\FridaGutierrez\.vscode\extensions\redhat.java-1.55.0-win32-x64\jre\21.0.11-win32-x86_64\bin\instrument.dll
0x00007ff8f9d30000 - 0x00007ff8f9d50000 	C:\Users\FridaGutierrez\.vscode\extensions\redhat.java-1.55.0-win32-x64\jre\21.0.11-win32-x86_64\bin\java.dll
0x00007ff91d410000 - 0x00007ff91db80000 	C:\Windows\System32\SHELL32.dll
0x00007ff91a830000 - 0x00007ff91afd5000 	C:\Windows\SYSTEM32\windows.storage.dll
0x00007ff91ed40000 - 0x00007ff91f094000 	C:\Windows\System32\combase.dll
0x00007ff91c250000 - 0x00007ff91c27b000 	C:\Windows\SYSTEM32\Wldp.dll
0x00007ff91dc60000 - 0x00007ff91dd2d000 	C:\Windows\System32\OLEAUT32.dll
0x00007ff91f260000 - 0x00007ff91f30d000 	C:\Windows\System32\SHCORE.dll
0x00007ff91ea90000 - 0x00007ff91eaeb000 	C:\Windows\System32\shlwapi.dll
0x00007ff91c910000 - 0x00007ff91c934000 	C:\Windows\SYSTEM32\profapi.dll
0x00007ff8f9d10000 - 0x00007ff8f9d28000 	C:\Users\FridaGutierrez\.vscode\extensions\redhat.java-1.55.0-win32-x64\jre\21.0.11-win32-x86_64\bin\zip.dll
0x00007ff8f9cd0000 - 0x00007ff8f9ce0000 	C:\Users\FridaGutierrez\.vscode\extensions\redhat.java-1.55.0-win32-x64\jre\21.0.11-win32-x86_64\bin\net.dll
0x00007ff915ee0000 - 0x00007ff915fea000 	C:\Windows\SYSTEM32\WINHTTP.dll
0x00007ff91c030000 - 0x00007ff91c09a000 	C:\Windows\system32\mswsock.dll
0x00007ff8f9cb0000 - 0x00007ff8f9cc6000 	C:\Users\FridaGutierrez\.vscode\extensions\redhat.java-1.55.0-win32-x64\jre\21.0.11-win32-x86_64\bin\nio.dll
0x00007ff8f9c00000 - 0x00007ff8f9c10000 	C:\Users\FridaGutierrez\.vscode\extensions\redhat.java-1.55.0-win32-x64\jre\21.0.11-win32-x86_64\bin\verify.dll
0x00007ff8f4f50000 - 0x00007ff8f4f77000 	C:\Users\FridaGutierrez\.gradle\native\1def1411415f61bf3af743bc5b6707747c0891f09f0c88961ee8f79bc544acac\windows-amd64\native-platform.dll
0x0000000061970000 - 0x00000000619e3000 	C:\Users\FridaGutierrez\.gradle\native\0.2.5\x86_64-windows-gnu\gradle-fileevents.dll
0x00007ff8f6d50000 - 0x00007ff8f6d5a000 	C:\Users\FridaGutierrez\.vscode\extensions\redhat.java-1.55.0-win32-x64\jre\21.0.11-win32-x86_64\bin\management.dll
0x00007ff8f6020000 - 0x00007ff8f602c000 	C:\Users\FridaGutierrez\.vscode\extensions\redhat.java-1.55.0-win32-x64\jre\21.0.11-win32-x86_64\bin\management_ext.dll
0x00007ff91d400000 - 0x00007ff91d408000 	C:\Windows\System32\PSAPI.DLL
0x00007ff91c290000 - 0x00007ff91c2a8000 	C:\Windows\SYSTEM32\CRYPTSP.dll
0x00007ff91b970000 - 0x00007ff91b9a8000 	C:\Windows\system32\rsaenh.dll
0x00007ff91c890000 - 0x00007ff91c8be000 	C:\Windows\SYSTEM32\USERENV.dll
0x00007ff91c1c0000 - 0x00007ff91c1cc000 	C:\Windows\SYSTEM32\CRYPTBASE.dll
0x00007ff91bd30000 - 0x00007ff91bd6b000 	C:\Windows\SYSTEM32\IPHLPAPI.DLL
0x00007ff91e700000 - 0x00007ff91e708000 	C:\Windows\System32\NSI.dll
0x00007ff8f53d0000 - 0x00007ff8f53d9000 	C:\Users\FridaGutierrez\.vscode\extensions\redhat.java-1.55.0-win32-x64\jre\21.0.11-win32-x86_64\bin\extnet.dll
0x00007ff8f5200000 - 0x00007ff8f520e000 	C:\Users\FridaGutierrez\.vscode\extensions\redhat.java-1.55.0-win32-x64\jre\21.0.11-win32-x86_64\bin\sunmscapi.dll
0x00007ff91d160000 - 0x00007ff91d2bd000 	C:\Windows\System32\CRYPT32.dll
0x00007ff91c410000 - 0x00007ff91c437000 	C:\Windows\SYSTEM32\ncrypt.dll
0x00007ff91c360000 - 0x00007ff91c39b000 	C:\Windows\SYSTEM32\NTASN1.dll
0x00007ff8a49e0000 - 0x00007ff8a49e7000 	C:\Windows\system32\wshunix.dll
0x0000000061870000 - 0x00000000618e3000 	C:\Users\FridaGutierrez\AppData\Local\Temp\native-platform8602022017785176137dir\gradle-fileevents.dll

JVMTI agents:
C:\Users\FridaGutierrez\.gradle\wrapper\dists\gradle-8.12-all\ejduaidbjup3bmmkhw3rie4zb\gradle-8.12\lib\agents\gradle-instrumentation-agent-8.12.jar path:C:\Users\FridaGutierrez\.vscode\extensions\redhat.java-1.55.0-win32-x64\jre\21.0.11-win32-x86_64\bin\instrument.dll, loaded, initialized, instrumentlib options:none

dbghelp: loaded successfully - version: 4.0.5 - missing functions: none
symbol engine: initialized successfully - sym options: 0x614 - pdb path: .;C:\Users\FridaGutierrez\.vscode\extensions\redhat.java-1.55.0-win32-x64\jre\21.0.11-win32-x86_64\bin;C:\Windows\SYSTEM32;C:\Windows\WinSxS\amd64_microsoft.windows.common-controls_6595b64144ccf1df_6.0.19041.6456_none_60b8a6cb71f64256;C:\Users\FridaGutierrez\.vscode\extensions\redhat.java-1.55.0-win32-x64\jre\21.0.11-win32-x86_64\bin\server;C:\Users\FridaGutierrez\.gradle\native\1def1411415f61bf3af743bc5b6707747c0891f09f0c88961ee8f79bc544acac\windows-amd64;C:\Users\FridaGutierrez\.gradle\native\0.2.5\x86_64-windows-gnu;C:\Users\FridaGutierrez\AppData\Local\Temp\native-platform8602022017785176137dir

VM Arguments:
jvm_args: --add-opens=java.base/java.lang=ALL-UNNAMED --add-opens=java.base/java.lang.invoke=ALL-UNNAMED --add-opens=java.base/java.util=ALL-UNNAMED --add-opens=java.prefs/java.util.prefs=ALL-UNNAMED --add-exports=jdk.compiler/com.sun.tools.javac.api=ALL-UNNAMED --add-exports=jdk.compiler/com.sun.tools.javac.util=ALL-UNNAMED --add-opens=java.base/java.util=ALL-UNNAMED --add-opens=java.prefs/java.util.prefs=ALL-UNNAMED --add-opens=java.base/java.nio.charset=ALL-UNNAMED --add-opens=java.base/java.net=ALL-UNNAMED --add-opens=java.base/java.util.concurrent.atomic=ALL-UNNAMED --add-opens=java.xml/javax.xml.namespace=ALL-UNNAMED -XX:MaxMetaspaceSize=512m -Xmx2048m -Dfile.encoding=UTF-8 -Duser.country=US -Duser.language=en -Duser.variant -javaagent:C:\Users\FridaGutierrez\.gradle\wrapper\dists\gradle-8.12-all\ejduaidbjup3bmmkhw3rie4zb\gradle-8.12\lib\agents\gradle-instrumentation-agent-8.12.jar 
java_command: org.gradle.launcher.daemon.bootstrap.GradleDaemon 8.12
java_class_path (initial): C:\Users\FridaGutierrez\.gradle\wrapper\dists\gradle-8.12-all\ejduaidbjup3bmmkhw3rie4zb\gradle-8.12\lib\gradle-daemon-main-8.12.jar
Launcher Type: SUN_STANDARD

[Global flags]
     intx CICompilerCount                          = 4                                         {product} {ergonomic}
   size_t CompressedClassSpaceSize                 = 436207616                                 {product} {ergonomic}
     uint ConcGCThreads                            = 2                                         {product} {ergonomic}
     uint G1ConcRefinementThreads                  = 8                                         {product} {ergonomic}
   size_t G1HeapRegionSize                         = 1048576                                   {product} {ergonomic}
    uintx GCDrainStackTargetSize                   = 64                                        {product} {ergonomic}
   size_t InitialHeapSize                          = 532676608                                 {product} {ergonomic}
   size_t MarkStackSize                            = 4194304                                   {product} {ergonomic}
   size_t MaxHeapSize                              = 2147483648                                {product} {command line}
   size_t MaxMetaspaceSize                         = 536870912                                 {product} {command line}
   size_t MaxNewSize                               = 1287651328                                {product} {ergonomic}
   size_t MinHeapDeltaBytes                        = 1048576                                   {product} {ergonomic}
   size_t MinHeapSize                              = 8388608                                   {product} {ergonomic}
    uintx NonNMethodCodeHeapSize                   = 5839372                                {pd product} {ergonomic}
    uintx NonProfiledCodeHeapSize                  = 122909434                              {pd product} {ergonomic}
    uintx ProfiledCodeHeapSize                     = 122909434                              {pd product} {ergonomic}
    uintx ReservedCodeCacheSize                    = 251658240                              {pd product} {ergonomic}
     bool SegmentedCodeCache                       = true                                      {product} {ergonomic}
   size_t SoftMaxHeapSize                          = 2147483648                             {manageable} {ergonomic}
     bool UseCompressedOops                        = true                           {product lp64_product} {ergonomic}
     bool UseG1GC                                  = true                                      {product} {ergonomic}
     bool UseLargePagesIndividualAllocation        = false                                  {pd product} {ergonomic}

Logging:
Log output configuration:
 #0: stdout all=warning uptime,level,tags foldmultilines=false
 #1: stderr all=off uptime,level,tags foldmultilines=false

Release file:
JAVA_VERSION="21.0.11" 
MODULES="java.base java.compiler java.datatransfer java.xml java.prefs java.desktop java.instrument java.logging java.management java.security.sasl java.naming java.rmi java.management.rmi java.net.http java.scripting java.security.jgss java.transaction.xa java.sql java.sql.rowset java.xml.crypto java.se java.smartcardio jdk.accessibility jdk.internal.jvmstat jdk.attach jdk.charsets jdk.internal.opt jdk.zipfs jdk.compiler jdk.crypto.ec jdk.crypto.cryptoki jdk.crypto.mscapi jdk.dynalink jdk.internal.ed jdk.editpad jdk.hotspot.agent jdk.httpserver jdk.internal.le jdk.internal.vm.ci jdk.internal.vm.compiler jdk.internal.vm.compiler.management jdk.jartool jdk.javadoc jdk.jcmd jdk.management jdk.management.agent jdk.jconsole jdk.jdeps jdk.jdwp.agent jdk.jdi jdk.jfr jdk.jshell jdk.jsobject jdk.jstatd jdk.localedata jdk.management.jfr jdk.naming.dns jdk.naming.rmi jdk.net jdk.nio.mapmode jdk.random jdk.sctp jdk.security.auth jdk.security.jgss jdk.unsupported jdk.unsupported.desktop jdk.xml.dom" 

Environment Variables:
JAVA_HOME=C:\Program Files\Microsoft\jdk-17.0.14.7-hotspot\
PATH=C:\Program Files\Eclipse Foundation\jdk-8.0.302.8-hotspot\bin;C:\Program Files\Microsoft\jdk-17.0.14.7-hotspot\bin;C:\Python313\Scripts\;C:\Python313\;C:\Python311\Scripts\;C:\Python311\;C:\Program Files\Common Files\Oracle\Java\javapath;C:\Python27\;C:\Python27\Scripts;C:\Windows\system32;C:\Windows;C:\Windows\System32\Wbem;C:\Windows\System32\WindowsPowerShell\v1.0\;C:\Windows\System32\OpenSSH\;C:\ProgramData\chocolatey\bin;C:\Users\FridaGutierrez\AppData\Local\Android\Sdk\platform-tools;C:\Users\FridaGutierrez\AppData\Local\Android\Sdk\emulator;C:\Program Files (x86)\IVI Foundation\VISA\WinNT\Bin\;C:\Program Files\IVI Foundation\VISA\Win64\Bin\;C:\Program Files (x86)\IVI Foundation\IVI\Bin\;C:\Program Files\IVI Foundation\IVI\Bin\;C:\Program Files (x86)\IVI Foundation\VISA\WinNT\Bin;C:\Program Files\Git\cmd;C:\Program Files\dotnet\;C:\Program Files\Microsoft SQL Server\Client SDK\ODBC\170\Tools\Binn\;C:\Program Files\Azure Data Studio\bin;C:\Program Files (x86)\Microsoft SQL Server\160\Tools\Binn\;C:\Program Files\Microsoft SQL Server\160\Tools\Binn\;C:\Program Files\Microsoft SQL Server\160\DTS\Binn\;C:\Program Files (x86)\Microsoft SQL Server\160\DTS\Binn\;C:\Program Files\Microsoft SQL Server\150\Tools\Binn\;C:\Program Files\Microsoft SQL Server\130\Tools\Binn\;C:\Program Files\nodejs\;C:\Program Files\Microsoft SQL Server\170\Tools\Binn\;C:\Users\FridaGutierrez\AppData\Local\Android\Sdk\tools;C:\Users\FridaGutierrez\AppData\Local\Microsoft\WindowsApps;C:\Users\FridaGutierrez\AppData\Local\Programs\Microsoft VS Code\bin;C:\Users\FridaGutierrez\AppData\Android\Sdk\platform-tools;C:\Users\FridaGutierrez\.dotnet\tools;C:\Program Files\Azure Data Studio\bin;C:\Gradle\gradle-8.1.1\bin;C:\Users\FridaGutierrez\AppData\Local\JetBrains\Toolbox\scripts;C:\Users\FridaGutierrez\.dotnet\tools;C:\Users\FridaGutierrez\AppData\Roaming\npm
USERNAME=FridaGutierrez
OS=Windows_NT
PROCESSOR_IDENTIFIER=Intel64 Family 6 Model 94 Stepping 3, GenuineIntel
TMP=C:\Users\FRIDAG~1\AppData\Local\Temp
TEMP=C:\Users\FRIDAG~1\AppData\Local\Temp




Periodic native trim disabled

---------------  S Y S T E M  ---------------

OS:
 Windows 10 , 64 bit Build 19041 (10.0.19041.5915)
OS uptime: 10 days 22:22 hours
Hyper-V role detected

CPU: total 8 (initial active 8) (4 cores per cpu, 2 threads per core) family 6 model 94 stepping 3 microcode 0xf2, cx8, cmov, fxsr, ht, mmx, 3dnowpref, sse, sse2, sse3, ssse3, sse4.1, sse4.2, popcnt, lzcnt, tsc, tscinvbit, avx, avx2, aes, erms, clmul, bmi1, bmi2, rtm, adx, fma, vzeroupper, clflush, clflushopt, hv, rdtscp, f16c
Processor Information for the first 8 processors :
  Max Mhz: 3408, Current Mhz: 3408, Mhz Limit: 3408

Memory: 4k page, system-wide physical 32475M (1551M free)
TotalPageFile size 130779M (AvailPageFile size 1389M)
current process WorkingSet (physical memory assigned to process): 272M, peak: 293M
current process commit charge ("private bytes"): 318M, peak: 699M

vm_info: OpenJDK 64-Bit Server VM (21.0.11+10-LTS) for windows-amd64 JRE (21.0.11+10-LTS), built on 2026-04-21T00:00:00Z by "admin" with MS VC++ 17.12 (VS2022)

END.
